:020000040800F2
:1000000000000220E9140108CD860008CF86000810
:10001000D1860008D3860008D586000800000000BD
:1000200000000000000000000000000071D2000885
:10003000D78600080000000011D3000803CE000896
:100040003915010839150108391501083915010854
:100050003915010839150108391501083915010844
:100060003915010839150108391501083915010834
:100070003915010839150108098700081987000892
:100080003915010839150108A5840008391501083A
:100090007987000839150108391501083915010853
:1000A0003915010839150108D986000839150108E4
:1000B00039150108018400083915010839150108AE
:1000C0003915010839150108391501082987000873
:1000D0003987000839150108391501083915010853
:1000E00039150108391501083915010839150108B4
:1000F00039150108391501083915010839150108A4
:100100003915010839150108391501083915010893
:100110003915010839150108391501083915010883
:100120005987000839150108F98600086987000811
:100130003915010800000000000000003915010811
:100140003915010839150108391501083915010853
:100150003915010839150108E986000849870008A2
:100160003915010839150108391501083915010833
:1001700039150108391501080000000000000000D1
:080180003915010839150108C9
:1001C0000348044B834202D0034B03B118477047E6
:1001D0000C0200200C020020000000000548064927
:1001E0000B1AD90F01EBA301491002D0034B03B145
:1001F000184770470C0200200C020020000000008D
:1002000010B5064C237843B9FFF7DAFF044B13B15E
:100210000448AFF300800123237010BD0C020020BE
:10022000000000003C15010808B5044B1BB104494F
:100230000448AFF30080BDE80840CFE700000000AD
:10024000100200203C150108002101F045BF00BF4D
:100250000A22002102F0B6B80A23002202F092B866
:10026000014B1868704700BF0000002070B50D4EAC
:100270000D4D761BB61006D0002455F8043B013412
:100280009847A642F9D1094E094D761B11F056F94F
:10029000B61006D0002455F8043B01349847A64216
:1002A000F9D170BD4C2D01084C2D0108502D0108CD
:1002B0004C2D0108844641EA000313F003036DD17D
:1002C000403A41D351F8043B40F8043B51F8043B19
:1002D00040F8043B51F8043B40F8043B51F8043B20
:1002E00040F8043B51F8043B40F8043B51F8043B10
:1002F00040F8043B51F8043B40F8043B51F8043B00
:1003000040F8043B51F8043B40F8043B51F8043BEF
:1003100040F8043B51F8043B40F8043B51F8043BDF
:1003200040F8043B51F8043B40F8043B51F8043BCF
:1003300040F8043B51F8043B40F8043B51F8043BBF
:1003400040F8043B403ABDD2303211D351F8043B5F
:1003500040F8043B51F8043B40F8043B51F8043B9F
:1003600040F8043B51F8043B40F8043B103AEDD20E
:100370000C3205D351F8043B40F8043B043AF9D25F
:10038000043208D0D2071CBF11F8013B00F8013B32
:1003900001D30B8803806046704700BF082A13D33F
:1003A0008B078DD010F003038AD0C3F10403D21A57
:1003B000DB071CBF11F8013B00F8013B80D331F88B
:1003C000023B20F8023B7BE7043AD9D3013A11F80B
:1003D000013B00F8013BF9D20B7803704B78437076
:1003E0008B78837060467047830730B548D0541EC1
:1003F000002A3FD0CAB2034601E0013C3AD303F8D9
:10040000012B9D07F9D1032C2DD9CDB245EA052545
:100410000F2C45EA054536D9A4F1100222F00F0C45
:1004200003F1200EE6444FEA121C03F1100242E9E8
:10043000045542E9025510327245F8D10CF101021F
:1004400014F00C0F03EB021204F00F0C13D0ACF1FC
:10045000040323F003030433134442F8045B934280
:10046000FBD10CF003042CB1CAB21C4403F8012BDD
:100470009C42FBD130BD64461346002CF4D1F9E711
:1004800003461446BFE71A46A446E0E72DE9F047C5
:1004900057EC106B84B0002F0C46DDE90CA9904698
:1004A00019465FDB0025B9F1660F0D701AD0B9F15E
:1004B000460F17D029F02003452B36D003AA01920E
:1004C00002AA009247EC106B53462246022102F02A
:1004D00007F9B9F1670F054634D118F0010F34D18F
:1004E000039B1BE003AB019302AB009347EC106B43
:1004F00053462246032102F0F3F8054600EB0408B8
:100500002B78302B33D0DAF800404444304639465B
:100510000022002307F0B0FAC8B123460E9A5B1BF5
:100520002846136004B0BDE8F08703AA01920134A5
:1005300002AA009247EC106B53462246022102F0B9
:10054000CFF80546B9F1470FC7D02C44DEE7039B2F
:100550009C42E3D930215A1C03921970039BA34299
:10056000F9D3DBE707F100432D251F469BE7002267
:1005700000233046394607F07FFA0028C3D1C4F182
:100580000104CAF80040C0E7F0B5002983B002704A
:100590003FDB841C2B230929437030DD0DF1070557
:1005A0001F4FAC4687FB0132CB17C3EBA20303EB13
:1005B0008302A1EB42020E463032632EE6460CF86F
:1005C000012C19460CF1FF3CECDC3031AEF102039A
:1005D000C9B29D420CF8011C1FD96346224601E0B6
:1005E00013F8011B02F8011BAB42F9D10DF109030D
:1005F000A3EB0E0EA644AEEB000003B0F0BD30231B
:10060000A64619440EF8023B6170AEEB000003B041
:10061000F0BD4942841C2D23BDE7A646F5E700BF87
:10062000676666662DE9F04F2DED028B8DB00C46A6
:10063000DDF8608016461F46054603F095FE036808
:10064000184608EE103A00F01BFD00230A93D8F874
:1006500000300790073323F0070303F10802D4F8B2
:1006600000B094F818A0C8F80020D3E9008929F058
:1006700000430593CDF81080C4E91289DDE9040137
:10068000A74B4FF0FF3207F029FA48B9DDE9040122
:10069000A34B4FF0FF3207F003FA002800F09280DE
:1006A00042464B464046494607F018FA002840F0BB
:1006B000348261684B1C2DD0BAF1670F68D0BAF153
:1006C000470F65D04BF480620023226003930AAB8E
:1006D000029309AB49EC108B0093CDF804A00DF107
:1006E00023032846FFF7D2FE8046BAF1650F099929
:1006F00034D80139524604F150000991FFF744FF04
:100700000A9A1318012A8146236140F37E8101333E
:10071000236135E0062161604BF480620023226092
:1007200003930AAB029309AB49EC108B0093CDF80D
:1007300004A00DF123032846FFF7A8FE0AF0DF030B
:10074000472B8046D1D10999C81C80F2FE80AAF1BE
:10075000020A5FFA8AFABAF1650FCAD9BAF1660FCE
:1007600000F0FA800A9B8B4240F301810029D4BF3C
:10077000C1F10202012213442361A1654FF0000977
:100780009DF82330002B35D02D2384F8433031E001
:10079000002900F023814BF4806200232260039340
:1007A0000AAB029309AB49EC108B0093CDF804A07F
:1007B0000DF123032846FFF769FE09998046C81CFE
:1007C000C5DBC2E0404649460022002307F05EF93F
:1007D00010B12D2384F84330524B53482BF00402C0
:1007E000BAF1470F94BF98468046032322602361E5
:1007F0004FF00009009733460BAA2146284600F027
:10080000ABF9013025D02368580531D4236942461D
:1008100031462846B84701301BD02368E06813F002
:10082000020F0B9B1CD0C21A002A19DD04F1190912
:100830004FF0000804E0E0680B9BC21A42450FDD50
:1008400001234A4631462846B847013008F10108DD
:10085000F1D14FF0FF300DB0BDEC028BBDE8F08F51
:100860009842B8BF18460DB0BDEC028BBDE8F08FC2
:10087000BAF1650F32D9D4E912010022002307F042
:10088000FBF800287BD0294A012331462846B84787
:100890000130DED0DDE909239A4202DB2368D90763
:1008A000BCD5079B18EE102A31462846B8470130C0
:1008B000CFD00A9B012BB0DD04F11A094FF00008DC
:1008C00003E00A9B013B4345A7DD01234A4631462D
:1008D00028469844B8470130F3D1BAE70A9A012A6A
:1008E0007FDD0123424631462846B8470130B0D06B
:1008F000079B18EE102A31462846B8470130A8D089
:10090000D4E912010022002307F0B6F8002877D0BE
:100910000A9B012B70DD04F11A0A4FF000080BE06E
:10092000FFFFEF7FB82B0108BC2B0108C421010891
:100930000A9B013B43455FDD012352463146284671
:100940009844B8470130F3D183E7636899423FF791
:10095000FEAE4FF0670A05E700295BDD63682161A1
:10096000002B00F0898001330B44236105E72368E5
:100970002161DB077FF501AF4B1C2361FDE6099B7D
:10098000002B4FDD0A9BD4F858A05345A8BF53460F
:10099000002B9B4608DD424631462846B8470130C9
:1009A0003FF457AFD4F858A02BEAEB7BAAEB0B032C
:1009B000002B6EDD04F11A024FF00009924604E0AC
:1009C000A36DA3EB0B024A4562DD0123524631467B
:1009D00028469944B8470130F2D13AE701216160D5
:1009E0009AE6DB073FF57DAF4246012331462846B4
:1009F000B84701303FF42DAF4B4604F1500207E7F2
:100A00000A9B08F10102013BF0E72268D2077FF55B
:100A1000B7AE7CE66368002B33D12268D20730D4AE
:100A20000123A9E6494A012331462846B847013047
:100A30003FF40FAFDDE90923134324D0079B18EEE1
:100A4000102A31462846B84701303FF402AF099BCF
:100A5000002B77DA04F11A0A4FF0000903E0099B32
:100A60005B424B456EDD0123524631462846994490
:100A7000B8470130F3D1ECE62268D0077FF57DAEB0
:100A800071E7023378E62368DA077FF5C7AED5E76A
:100A90009A46DDE909218A4202DB2368D8070AD594
:100AA000079B18EE102A31462846B84701303FF41C
:100AB000D0AEDDE90921A1EB0A098A1A9145A8BF48
:100AC0009146B9F1000F0BDD08EB0A024B463146A7
:100AD0002846B84701303FF4BCAEDDE90932D21AEE
:100AE00029EAE979A2EB0903002B7FF796AE04F11E
:100AF0001A0A4FF0000807E0DDE909239B1AA3EB6F
:100B0000090343457FF789AE012352463146284603
:100B10009844B8470130EFD19BE64B46002BBCBF51
:100B20002D2384F843302BF00403094A2360094B3A
:100B3000BAF1470F94BF90469846032323614FF0C4
:100B4000000957E60A9B424662E600BFC42101083D
:100B5000C02B0108C42B01082DE9F84F92461F460F
:100B60000A698B68DDF828909A42B8BF1A46CAF81D
:100B7000002091F843300C46064613B10132CAF802
:100B80000020226891065DD5DAF800300233CAF8F9
:100B90000030226812F0060F11461ED1E168CB1A10
:100BA000002BD8BF114618DD04F1190B4FF00008D7
:100BB00005E0E568DAF80030ED1A45450CDD012363
:100BC0005A4639463046C847013008F10108F0D18D
:100BD0004FF0FF30BDE8F88F216894F84330003BB8
:100BE00018BF01238A060AD5E1185A1C302081F863
:100BF0004300224494F8451082F84310023304F174
:100C0000430239463046C8470130E1D0236803F03B
:100C10000603042B1DD0A3682269934225DD4FF003
:100C200000089B1A98441A34002501E045451CDA57
:100C30000123224639463046C847013005F10105F7
:100C4000F4D1C5E712F0060F12D0003B18BF012304
:100C5000D5E7DAF80030E1682269C91AA36893423F
:100C600021EAE178DDDC0029DDDC0020BDE8F88F39
:100C7000E168DAF80030CB1A002BD8BF114693DCBC
:100C8000ABE700BF2DE9F0470C4684B09046227ECA
:100C90000C990746994604F14300002A33D0A2F18B
:100CA0005803DDB2202D67D8202B65D8DFE813F07C
:100CB000DE0064006400640064006400640064009A
:100CC000640064006400A3006E00640064006400BB
:100CD00064006E00640064006400640021007F0012
:100CE000C00064006400AE0064007F006400640023
:100CF000E50023681A0640F104810B6862691D1D36
:100D00000D601B681A60002382462361CDF80090B5
:100D1000434603AA21463846FFF71EFF013020D084
:100D20002369524641463846C847013019D02368E6
:100D3000E068039E9B0719D5831B002B16DD04F189
:100D4000190A002504E0E068039E831BAB420DDD19
:100D50000123524641463846C847013005F1010596
:100D6000F1D14FF0FF3004B0BDE8F087B042B8BF1A
:100D7000304604B0BDE8F087012384F842202361A7
:100D800004F1420A002384F84330BFE723681A06BF
:100D900002D45E0600F1C1800D682A6804350D603A
:100DA0001546002A6BDBDFF884C10A2610E02368B1
:100DB0001D0640F19C800B681D1D0D601D68DFF84D
:100DC0006CC16F2A0CBF08260A26002384F8433022
:100DD0006268A260002A7FDB236823F0040323609B
:100DE000002D5BD1002A79D18246082E65D0A0EB78
:100DF0000A0020618AE70B680122186804330B603F
:100E000004F1420A84F842002261BBE70B68626881
:100E1000181D0860D3F800A00021504603F070FBB5
:100E2000002800F08180A0EB0A0060602061A9E743
:100E3000236843F0200323607822DFF8F4C084F8AD
:100E400045200A68151D0D601D0643D4590641D57D
:100E50001588DE0744BF43F020032360002D44D1F2
:100E6000236823F0200323601026AEE7582384F87C
:100E70004530DFF8B8C02368E3E72368DCE7626841
:100E8000A2602D21002AC5F1000584F8431002DB81
:100E900023F004032360DFF894C00A268246B5FBE2
:100EA000F6F306FB13512A461CF801100AF8011D3F
:100EB000B2421D46F3D2082E99D12368D90796D5A0
:100EC000626823699A4292DC30230AF8013C0AF1F5
:100ED000FF3A8CE71568BCE7002DDFD19CF80030A5
:100EE00084F8423004F1420A7FE710266DE713F0E0
:100EF000400F0B6803F104050D600CBF1D681D88D1
:100F00005DE713F0400F0B68626903F104050D60A3
:100F10001B6814BF1A801A60F5E60A68B2F900501F
:100F200004320A602A463CE760687FE7C82B010864
:100F3000DC2B01080EB410B5044683B008B18369F8
:100F40005BB106ABA168059A0193204604F0ACF9A9
:100F500003B0BDE8104003B0704702F06FFDF0E74A
:100F60000FB410B50A4B1C6882B00CB1A3695BB119
:100F700005ABA168049A0193204604F095F902B0EC
:100F8000BDE8104004B07047204602F057FDEFE77F
:100F9000000000202DE9F0410E460746002833D01E
:100FA00083697BB384682F4B9C4237D02E4B9C4285
:100FB0003FD02E4B9C4208BFFC68A3891B0731D54C
:100FC00023697BB33578B0463DB934E023685A1CB9
:100FD00022601D7018F8015F6DB3A368013B002B00
:100FE000A360F3DAA669B34229462246384601DBFC
:100FF0000A2DEBD101F0FAF90130EBD14FF0FF30BF
:10100000BDE8F08102F01AFDBB69BC68002BCAD1B3
:10101000384602F013FD134B9C42C7D17C68A3896C
:101020001B07CDD42146384601F044FA0028C9D028
:10103000E4E7BC68C1E7A368013B002BA36009DAC1
:1010400022460A21384601F0D1F90130D6D00A20D3
:10105000BDE8F08123680A22591C21601A701046ED
:10106000BDE8F081F4160108D4160108B416010891
:10107000024B01461868FFF78DBF00BF000000203B
:1010800090F800F06DE9024520F007016FF0000CC8
:1010900010F0070491F820F040F049804FF0000470
:1010A0006FF00700D1E9002391F840F000F108004B
:1010B00082FA4CF2A4FA8CF283FA4CF3A2FA8CF383
:1010C0004BBBD1E9022382FA4CF200F10800A4FAEA
:1010D0008CF283FA4CF3A2FA8CF3E3B9D1E904233E
:1010E00082FA4CF200F10800A4FA8CF283FA4CF375
:1010F000A2FA8CF37BB9D1E9062301F1200182FA2F
:101100004CF200F10800A4FA8CF283FA4CF3A2FA34
:101110008CF3002BC6D0002A04BF04301A4612BA42
:10112000B2FA82F2FDE8024500EBD2007047D1E945
:10113000002304F00305C4F100004FEAC50514F0D4
:10114000040F91F840F00CFA05F562EA05021CBFA5
:1011500063EA050362464FF00004A9E700000000BF
:101160002DE9F04F1C462DED048B9D4B1B689FB065
:10117000002582461846884607921A950893FFF77D
:101180007FFF002183460020CDE90401CDF8648073
:101190004246174612F8013B2D2B2FD8DFE813F0FB
:1011A000A4002E002E002E002E002E002E002E0059
:1011B0002E00B400B400B400B400B4002E002E0021
:1011C0002E002E002E002E002E002E002E002E00AF
:1011D0002E002E002E002E002E002E002E002E009F
:1011E000B4002E002E002E002E002E002E002E0009
:1011F0002E002E002E000E042E0004040022099260
:10120000302B00F0838000220C922F2B1C4640F2E2
:101210004D854FF0000938464E464D4612E00130EC
:10122000082D1990C8BF09EB89090478C6BF03EBE4
:101230004903A3F13009A2F130062F2C05F1010575
:10124000234674DD06EB8602392C03EB4202E6DD11
:1012500008995A4604F0E0F90346002835D1199A56
:1012600011465A44199211F80B40002D40F0A985FF
:10127000302C40F06185C2F10101531801321992FE
:101280001478302CF9D0A4F13102082A00F24383FB
:10129000A4F1300E199C03F1010B00230125274610
:1012A0000A9306EB86060EEB46060023621C199293
:1012B0006478A4F13001092900F2F18201338E46ED
:1012C000002940F0D284199CF0E70023652C0A9590
:1012D0009B469E4601D0452C36D1002D40F085809E
:1012E0000C9A1A4340F08080079B9FED3B8B13B113
:1012F000079BC3F80080B0EE480AF0EE680A1FB002
:10130000BDEC048BBDE8F08F199242E77B7803F0C7
:10131000DF03582B00F08D84013719973B78302B71
:10132000FAD0002B00F0D38001220C926DE70899CF
:101330005A4604F071F90346002800F0DB800A9554
:101340004FF0000B5B46DE4600220D92002D00F0B0
:1013500098800A9A1346002A08BF2B4630460A9303
:1013600006F0A8F80B460246CDE904230D9B102D8C
:10137000A3EB0B032C46A8BF1024092D0C9314DDFE
:10138000184B03EBC40353E9122306F00DF9024690
:1013900048469046894606F08DF802460B46404680
:1013A000494605F04BFFCDE904010F2D00F3AB805A
:1013B0000C9B002B00F034840C9B40F38283162B93
:1013C00040F3F1840C9AC5F12503934280F2048521
:1013D0000C9B2C1B1C449CE0000000000000000043
:1013E00014180108301801080025DDF8648008F1A0
:1013F0000102199298F801402B2C00F089822D2CC3
:1014000000F01D8200220892A4F13002092A00F2A5
:101410001182302C05D1199A013219921478302C8E
:10142000FAD0A4F13102082A8ED819990D914A1CDC
:101430001992A4F130004C782F2C09DC00F044BC48
:10144000013219929CF801402F2CA1F1300006DDE9
:1014500000EB8001392C944604EB4101F0DD0D993D
:10146000521A082A40F3308444F61F620D92089AFB
:10147000002A3FF46BAF0D9A52420D92002D7FF47B
:1014800068AF0C9A134322D1BEF1000F7FF42CAF4A
:10149000692C00F0318400F35283492C00F02C8435
:1014A0004E2C7FF421AFB84919A802F069FE00283C
:1014B0003FF41AAF199B1B78282B00F07185B348B5
:1014C00004F042F8B0EE408AF0EE608A01E09FED51
:1014D000AA8B079A0AB1199B1360099B002B3FF452
:1014E0000AAF18EE901A18EE102A01F1004343ECEF
:1014F000182B00E7199A0A9502EB0B01199112F8C3
:101500000B409B46D5E60C9B2C1B1C44002C40F347
:101510001B8314F00F000AD09D4901EBC001DDE9E7
:101520000423D1E9000106F03FF8CDE9040134F0CD
:101530000F0340F07082002308930A9A00962B460E
:101540003946504603F0E2F81190002800F06B8312
:101550000D9BABEB03000C9B002BB4BF024600229B
:101560004FF0000823EAE3730D921093C346119CD9
:101570005046616803F014F88146002800F0478166
:1015800022699DED048B0232920004F10C010C30B3
:10159000FEF790FEB0EE480AF0EE680A1CAA1BA9FE
:1015A000504603F05DFC1A90002800F01D810121D7
:1015B000504603F055F98346002800F028811B9B14
:1015C000002BC0F217810D9A109D9E18089A1C9C42
:1015D0009B1A23446F4A013B9342C4F1360480F2C4
:1015E000B080D21A1F2AA4EB020400F31C8101234D
:1015F00093400A930027089B25443444A6421D4487
:101600003346A8BF2346AB42A8BF2B46002B02DDC2
:10161000E41AED1AF61A0D9B002B00F3C580002C7E
:1016200000F3D9800C9B002B00F3E880002D00F321
:10163000F080002E08DD59463246504603F044FA49
:101640008346002800F0E3801A994A46504603F08A
:10165000D1FA8046002800F0DA800023C268C36017
:1016600059460E9203F0A4FA0028C0F2758400F0E7
:10167000E5835946404603F05BFC55EC104B10EEF9
:10168000100A00224FF08043294606F009FA00288C
:101690005BD00E9B002B00F0DD80059B0F933E4B33
:1016A0003D4D0022CDE90A2300243C4F0F9A3C4BCC
:1016B00002EA07069E4200F0F880089B8BB1B6F163
:1016C000D46F0ED82EA3D3E900232046294606F076
:1016D000E7F9002840F087810B9B03F1D6639B1B41
:1016E0000B93DDE90A01B0EE480AF0EE680ACDE995
:1016F000040103F025FBDDE9040153EC102B05F098
:1017000053FF53EC182B05F099FDCDE904010A9124
:10171000089B2BB9214B0A9A13409E4200F004818A
:101720001A99504602F07CFF4946504602F078FF75
:101730005946504602F074FF4146504602F070FF91
:1017400015E7012300270A9355E7164B2046294643
:10175000002205F029FF0E9B04460D46002B76D192
:1017600001F1004312901393059B0F93DDE91223BF
:10177000CDE90A2399E700BF000000000000000047
:101780000000C0FFFFFFDF41FC2B010858200108CB
:101790003018010802FCFFFF0000F03F0000F07F5E
:1017A0000000E07F0000E03F59461A46504603F033
:1017B0001BF9834658B301461A9A504603F066F85F
:1017C00028B30E901A99504602F02AFF0E9B1A93E6
:1017D000002C7FF727AF1A992246504603F074F980
:1017E0001A9000287FF41EAF22239FEDBF8BCAF80A
:1017F0000030C4E0109A0D9ED51AE7E64946109ACB
:10180000504603F0F1F8814600287FF40FAF1A9894
:10181000EAE749462A46504603F056F98146002831
:101820007FF407AFF3E7B84FFF1A012303FA07F776
:101830000A93E0E60022CDF864800D9286E501224D
:10184000089208F10202199298F80240DCE5CDE90D
:10185000124589E7DDE90412002940F0B280C2F3A5
:1018600013030F92002B40F0B280A84B00222046B9
:10187000294606F00BF9002840F0A782A44B204629
:101880002946002205F090FE01F1004304460D4672
:1018900016901793DDE91623CDE90A2305E7652C99
:1018A0004FF0010E3FF4A1AD15E5A2F1547305937D
:1018B0009DED047BDDE90A01B0EE470AF0EE670A10
:1018C000B0EE479AF0EE679ACDE9040103F038FADA
:1018D000DDE9040153EC102B05F066FE53EC192BE7
:1018E00005F0ACFC8B4B0F409F42CDE9040175D94C
:1018F00018EE902A03F154739A4203D118EE103A6D
:10190000013384D0844A4FF0FF33CDE9043207E736
:101910000022089295E7652C00F00A81452C00F022
:1019200007814FF0010EACE52046294606F09CF9F0
:1019300005F00CFE0B4602462946204605F07CFCCD
:10194000049C0E9F27430A9CC4F3130657EA060320
:1019500004460D4600F0AC8065A3D3E9002306F0F1
:1019600095F848B964A3D3E900232046294606F038
:10197000ABF800283FF4D4AE9DED048B1A980146D5
:10198000504602F04DFE4946504602F049FE594687
:10199000504602F045FE1199504602F041FE414684
:1019A000504602F03DFE94E5012309937A1C1992FA
:1019B0007B78002B3FF498AC174621E40023099371
:1019C000F4E7DDE90412012900F086810F92534B00
:1019D0004E4D0022CDE90A23002466E601F154733E
:1019E0000A93059394E62946204606F0B5F80128A7
:1019F00038BF012005F05EFD0E9B04460D46002B0E
:101A000040F0778101F1004314901593DDE9142330
:101A1000CDE90A2360E6B3F59A7F00F304811C1137
:101A2000102B3F4B089340F3D7829846DDE90423FF
:101A30004FF0000CE14614F0010F104619464FEA32
:101A4000640409F1010907D0D8E9002305F0ACFDD1
:101A50004FF0010C02460B46012C08F10808EAD1B0
:101A6000BCF1000F01D0CDE90423089B03EBC909A9
:101A7000059BA3F154730593DDE90423D9E9000123
:101A800005F092FD274BCDE904010B400A4626499B
:101A90008B4200F2C880A1F580118B4240F23B825C
:101AA0001D4A4FF0FF33CDE904320023089344E58B
:101AB00013A3D3E9002305F0E9FF00283FF430AE7B
:101AC0005AE71633FFF61FAD0D9BABEB030A174B1E
:101AD00003EBCA03DDE90401D3E9002305F08EFE20
:101AE00041EC180BF5E400BF000000000000F07F9F
:101AF0009535A094FFFFDF3F35E5AF350000E03FAF
:101B00009535A094FFFFCF3FE2FBFFFF0000F03FC1
:101B10000000E03FFFFF9F7CFFFFEF7F0000F0BF72
:101B2000201901080000F07F0000A07C3018010897
:101B300000220A9293464FF0010EFFF7D1BB6E2CA4
:101B40003FF4B1ACFFF7D0BB3FF4F5AC644214F006
:101B50000F020AD0B24B03EBC203DDE90401D3E963
:101B6000002305F04BFECDE9040124113FF4E3AC62
:101B70001F2C3EDC14F0100318BF6A230893DDE924
:101B80000423DFF8B4824FF0000C14F0010F10466C
:101B9000194607D0D8E9002305F006FD4FF0010CE7
:101BA00002460B46641008F10808EED1BCF1000FA4
:101BB00001D0CDE90423089B93B1DDE90401C1F311
:101BC0000A52C2F16B03002B0ADD1F2B40F3308257
:101BD0000020342B049040F336824FF05C73059361
:101BE000DDE904010022002305F046FF00283FF450
:101BF000A4AC22239FED848BCAF8003069E41C9BBF
:101C000004931B9B03F233421D9B23F4801343EA8E
:101C100002530593290742BF059B43F000430593F8
:101C20009DED048B55E422239FED798BCAF800309B
:101C30004FE4099B01931AAB02940093794A1BABC2
:101C400019A9504601F0B0FF10F0070405463FF413
:101C50003EAC062C73D1079B9FED6B8B0137002B9D
:101C60003FF449AB1F60FFF746BB6A1C012B199C70
:101C70009B44104615D02B4403F1FF3C03E0460083
:101C800094450DD001322B46082B154606EB8600F5
:101C9000F5D9102ADCBF09EB89094FEA4909EFE7BA
:101CA000981C082D3EDC0546FFF7FBBA08995A46FA
:101CB000384603F0B1FC00286BD000231D460A9380
:101CC00099461E46FFF73CBB44F61F629042A8BFF0
:101CD00010460D90FFF7CBBBDDE904120F92002AEE
:101CE0007FF475AE22239FED488B1A98CAF8003016
:101CF00045E6CDE9144589E64B4919A802F040FABA
:101D000000283FF4F1AA199B4849013B19A81993EF
:101D100002F036FA10B9199B013319939FED3C8BF1
:101D2000FFF7D7BB1028DCBF09EB890901EB490994
:101D300005460023FFF7BABA0023FFF7A4BA1A9AA0
:101D40003AB135211CA803F041F91A99504602F026
:101D500067FC013C042C3FF65DAF01A353F824F06F
:101D6000FF1B0008891D0008831D0008751D000861
:101D7000FF1B00084FF0FF336FF00040CDE9043047
:101D800048E72B4B059345E71C9B04931D9B05934C
:101D900040E7199A13465A44199213F80B40064625
:101DA0008146FFF765BA0C981D4901EBC001DDE9DA
:101DB0000423D1E9000105F0F7FB41EC180BFFF714
:101DC00088BB0A958346FFF774BA9FED137B194DC4
:101DD0008DED167B00245DE5114CC5F10F0504EB7C
:101DE000C501DDE90423D1E9000105F0DDFB0C9B11
:101DF0005D1B04EBC504D4E9002305F0D5FB41ECE1
:101E0000180BFFF766BB00BF0000000000000000D9
:101E1000000000000000F07F000000000000E0BFB4
:101E20003018010860150108F02B0108F42B010897
:101E30000000F07F0000E03F881501080E9B002B9A
:101E400070D0DDE90445954BC5F3130199422A464C
:101E50003FD0002F00F0B880DDE904231F421C466C
:101E600023D0B0EE480AF0EE680A0E9B002B00F07B
:101E7000B68002F065FF089B51EC100B6BB1C4F308
:101E80000A54C4F16B04002C07DD240504F17F53D0
:101E9000002203F5401305F087FB02460B4651EC88
:101EA000180B05F0CBF941EC180B089B7BB151ECFA
:101EB000180B7B4B002205F077FB41EC180B18EE5A
:101EC000902A0346134304BF2223CAF800301A980D
:101ED00055E5089B0499002B00F0B280714B2B4014
:101EE000B3F1D46F00F2AC801B0DC3F16B034FF064
:101EF000FF3000FA03F39942ABD16B4B9A4200F0EA
:101F0000C780684B134003F58013059300230493A7
:101F10009DED048BC9E702F15473059300230893E8
:101F2000FFF70BBBDDE90412C2F313030B431446A6
:101F30008FD1089B002B40F0A0805A4B2340A3F583
:101F400080136FEA13536FEA035305934FF0FF3387
:101F500004939DED048BA8E7DDE904010E9B034388
:101F6000A3D1C1F313030C46002B9ED121F00043F3
:101F70001B0D1B05B3F1D66F97D9D8F814301BB9D8
:101F8000D8F81030012B90DD41460122504602F076
:101F90009BFD5946804602F00BFE002885DDC8E710
:101FA000424919A81CAA02F007F905287FF487AA5C
:101FB0001D9B43F0FF4343F4E00305931C9B0493F4
:101FC0009DED048BFFF785BADDE904010A9B03420E
:101FD0003FF46BAF0C4644E74FF0000945E502F0D3
:101FE000AFFE089953EC102BB9B3C4F30A54C4F1F3
:101FF0006B04002C0CDD2405194604F17F530E9A66
:1020000003F5401310EE100A05F0CEFA02460B4617
:1020100051EC180B05F010F902460B4643EC182B57
:102020000022002305F028FD00283FF440AF59E6C8
:102030004FF0FF3202FA03F3049A1A400492CFE5FC
:102040004FF0FF3357E74FF0FF33C2F14B0203FA73
:1020500002F202EA01030593C2E551EC180B05F008
:10206000EBF802460B4643EC182B0022002305F048
:1020700003FD00283FF42BAF34E60A4B2340B3F1B5
:10208000D66F3FF75CAFB3F15C7F3FF710AF29E647
:1020900001317FF436AFFFF7BABB00BFFFFF0F007F
:1020A000000050390000F07FFFFFEF7F741501083A
:1020B000014BFFF755B800BF6800002010B4054C75
:1020C0008446134620685DF8044B0A466146FFF7D4
:1020D00047B800BF0000002010B4054C054B8446F3
:1020E0000A4620685DF8044B6146FFF739B800BF27
:1020F00000000020680000202DE9F041DFF8A880F2
:10210000044613462DED028B0A46D8F800002146FE
:10211000FFF726F855EC104B10EE102A10EE100ABF
:102120002B46294605F0DAFC50BB2046294605F02F
:1021300033FD08EE100ADFED197AB0EEC87AB4EE7E
:10214000677AF1EE10FA15DD25F00047144B4FF0D9
:10215000FF322046394605F0C1FC38B9104B4FF02C
:10216000FF322046394605F09BFC18B1D8F8003004
:1021700022221A60B0EE480ABDEC028BBDE8F08165
:10218000002D084804DA03F0F9F9B1EE408AF1E7CE
:10219000BDEC028BBDE8F04103F0F0B9FFFF7F7F9B
:1021A000FFFFEF7F58200108000000202DE9F041DB
:1021B000DFF8AC80264B04460A462DED028B214603
:1021C000D8F80000FEF7CCFF55EC104B10EE102AAB
:1021D00010EE100A2B46294605F080FC50BB204625
:1021E000294605F0D9FC08EE100ADFED1A7AB0EEA8
:1021F000C87AB4EE677AF1EE10FA15DD25F00047E3
:10220000154B4FF0FF322046394605F067FC38B9D0
:10221000114B4FF0FF322046394605F041FC18B112
:10222000D8F8003022221A60B0EE480ABDEC028BCA
:10223000BDE8F081002D094804DA03F09FF9B1EE02
:10224000408AF1E7BDEC028BBDE8F04103F096B99E
:1022500068000020FFFF7F7FFFFFEF7F582001080D
:10226000000000202DE9F04F814645488E46754616
:102270001EF801CB10F80C4014F00804F7D1BCF1A3
:102280002D0FE34654D0BCF12B0F08BF9EF800B0D1
:102290006FF0004808BF05F1020E1BB1102B4FD0A4
:1022A0001F4604E0BBF1300F55D00A231F4600251E
:1022B000B8FBF7F6284607FB168A07E0864215D3D7
:1022C00029D007FB00C001251EF801BBABF1300C83
:1022D000BCF1090F06D9ABF1410CBCF1190F08D8BC
:1022E000ABF1370C63450DDD002DE7DA4FF0FF351C
:1022F000EAE7ABF1610CBCF1190F03D8ABF1570C55
:102300006345F1DC002D0BDB04B140420AB195BB03
:102310001160BDE8F08FE245D3DA4FF0FF35D3E727
:102320002223C9F800301AB30EF1FF314046EFE71F
:102330009EF800B04FF0004805F1020E0124ACE712
:10234000BBF1300FACD19EF8000000F0DF00582840
:1023500007D01F46ABE79EF8003003F0DF03582B91
:102360000BD110279EF801B03B460EF1020E9EE7FE
:102370004046BDE8F08F8046D6E708231F4696E723
:10238000B1150108012B02D0242B00D86AE710B543
:10239000FDF766FF16230360002010BD012A08D058
:1023A000242A06D884460648134600680A46614631
:1023B00058E710B5FDF754FF16230360002010BD49
:1023C00000000020012A08D0242A06D884460648A6
:1023D000134600680A46614644E710B5FDF740FF22
:1023E00016230360002010BD00000020F8B50D4644
:1023F0001446064608B1836943B3254B9C422AD054
:10240000244B9C4229D0244B9C4208BFF468A389EA
:10241000A269A2601A0722D5236903B32268616901
:10242000D31AEDB299422F4629DD0133A168013953
:10243000A160511C2160157062699A4216D0A3896F
:10244000DB0701D50A2D11D03846F8BD01F0F6FAA8
:102450000F4B9C42D4D17468D9E7B468D7E72146C2
:10246000304600F027F838B92369D7E721463046CF
:1024700001F07EF90028E7D04FF0FF37E4E721466E
:10248000304601F075F90028F6D122680123CDE726
:10249000F4160108D4160108B416010810B4044C4F
:1024A00003460A4620685DF8044B1946FFF79EBFB5
:1024B000000000203C4B70B51D6806460C460DB16F
:1024C000AB69E3B1394B9C421FD0394B9C424DD094
:1024D000384B9C4208BFEC68B4F90C3018079AB22C
:1024E00019D5216911B312F001002FD00020A0608E
:1024F00060694042A06100292ED0002070BD2846AE
:1025000001F09CFA294B9C42DFD16C68B4F90C3085
:1025100018079AB2E5D4D1063ED5520728D42169CE
:1025200043F00803A3819AB20029DCD102F42070A1
:10253000B0F5007FD7D02146304601F01DFFB4F939
:102540000C3021699AB212F00100CFD1950758BF23
:102550006069A0600029D0D1120658BF0846CDD5C9
:1025600043F04003A3814FF0FF3070BDAC68B3E788
:10257000616B51B104F14402914204D0304602F043
:1025800093FDB4F90C300022626321690022C4E992
:10259000001223F02403C3E7092243F04003326012
:1025A0004FF0FF30A38170BD00000020F416010839
:1025B000D4160108B41601082DE9F04F03690C691F
:1025C000A34283B0C0F28780013C01F11405A3004F
:1025D00000F11408009355F8243058F824200133F2
:1025E00081469A4208EB840005EB84070190B2FB18
:1025F000F3F63BD30023AE4640469B465EF804AB61
:1026000002681FFA8AFC06FB0C334FEA134C4FEAB0
:102610001A4A06FB0ACA1FFA83FCABEB0C0C1FFA22
:102620008AF31CFA82FCC3EB124202EB2C421FFA23
:102630008CFC4CEA0243774540F8043B4FEA224BBE
:102640004FEA1A43DAD2009B58F8033073B9019B62
:10265000043B984504D307E0984504F1FF3403D2C6
:1026600053F80429002AF7D0C9F81040484602F070
:102670009FFA00282BDB01364046002355F8041B47
:10268000D0F800C08AB29A1A0B0C12FA8CF2C3EB83
:102690001C4303EB224392B242EA0342AF4240F8AA
:1026A000042B4FEA2343E9D258F8242008EB840393
:1026B0006AB9043B984504D307E0984504F1FF3418
:1026C00003D253F80429002AF7D0C9F81040304645
:1026D00003B0BDE8F08F002003B0BDE8F08F00BF6D
:1026E0002DE9F04F2DED068B466A95B08DED020B6E
:1026F000249C019159EC108B054609920693002EFB
:1027000000F00683316849B172684A600123934042
:102710008B6001F085FF6B6A00221A60B9F1000A34
:10272000B4BF0123002323607B4BBCBF2AF0004AC7
:10273000CDF80CA033EA0A0300F0B2809DED027BD5
:10274000002251EC170BB0EE479AF0EE679A002387
:1027500005F092F9074680B1069A01231360259B84
:10276000002B00F0EF826D481860431E0093009824
:1027700015B0BDEC068BBDE8F08F12AA13A9284650
:10278000B0EE490AF0EE690A02F06AFBB0EE498A3F
:10279000F0EE698A5FEA1A56044640F09980DDE956
:1027A00012763E4406F23240202840F3BF83C0F147
:1027B00040000AFA00FA06F2124028FA00F04AEA4B
:1027C000000004F077FE0123013E0D93A1F1F871A2
:1027D000534B002204F030FD49A3D3E9002304F059
:1027E000E3FE49A3D3E9002304F028FD80463046E8
:1027F000894604F06FFE46A3D3E9002304F0D4FE1B
:1028000002460B464046494604F018FD804689467C
:1028100005F07AF90022834600234046494605F038
:1028200035F9002840F08182BBF1160F00F2638277
:102830003C4B03EBCB03D3E9002351EC190B05F020
:1028400025F9002874D00023BE1B0C93731E0BF1D6
:10285000FF3B049300F1568200230893BBF1000F65
:102860006DDA089BCDF814B0A3EB0B030893CBF102
:1028700000030B93019B092B4FF0000B68D8052B2D
:1028800040F35283043B01930026019B023B032B40
:1028900000F2AC86DFE813F0650462045A043C04DD
:1028A000069A42F20F73CAF3130A13605AEA080336
:1028B0001DD1259B002B00F095861B4B0093083300
:1028C000259A0098136015B0BDEC068BBDE8F08F1B
:1028D00018EE903AC3F3130351EC190B43F07F51F8
:1028E0000D97A6F2FF36129F41F4401170E7259B29
:1028F000002B40F0F0830D4B009338E7AFF30080DE
:1029000061436F63A787D23FB3C8608B288AC63FF5
:10291000FB799F501344D33F0000F07FC52101088D
:102920000000F83F30180108002C01080C2C0108A9
:10293000BE1B731E049300F1D9840C900890049B75
:102940005B44CDE9043B00230B93019B092B96D9F3
:10295000002301264FF0FF3201930A960792099354
:102960006B6A00215960079B0F93284601F018FEFF
:102970000090002800F043866B6A009A1A60079B5B
:102980000E2B00F2F980002E00F0F6800599002948
:1029900040F38084BD4B01F00F0203EBC2034FEA0A
:1029A0002118C905D3E9006740F11384B84B51ECF5
:1029B000190BD3E9082304F021FF41EC180B08F0B0
:1029C0000F084FF0030AB8F1000F13D0DFF8C092E0
:1029D00018F0010F09D030463946D9E9002304F038
:1029E000E3FD0AF1010A06460F465FEA680809F1AD
:1029F0000809EDD151EC180B32463B4604F0FEFEBF
:102A000041EC1A0B0C9B5BB157EC1A6BA14B1AEE05
:102A1000100A0022394605F039F8002840F06C858C
:102A2000504604F057FD53EC1A2B04F0BDFD9A4BB1
:102A3000002204F003FC079B8046A1F15079002B93
:102A400000F00484059B1093079B0E930A9B002BB8
:102A500000F0D6840E9A8D4B9049DDF800A003EB70
:102A6000C20353E90223002004F0C8FE42464B464D
:102A700004F0E2FB59EC1A8B41EC180B49461AEEB4
:102A8000100A05F041F8074604F024FD02460B4603
:102A90001AEE100A494604F0CFFB30370AF8017BE2
:102AA00053EC182B06460F4604F0F0FF002840F0C8
:102AB00067854FF000080AEE104A0AEE905ACDF8EA
:102AC00044B0554644465BEC18AB2AE00E9B0134FB
:102AD0009C424BDA724B50465946002204F064FD8A
:102AE0006F4B002282468B463046394604F05CFD2F
:102AF0008946804605F008F8074604F0EBFC0246DC
:102B00000B464046494604F097FB303705F8017BF9
:102B100052465B4606460F4604F0B8FF002840F0D8
:102B20002A8532463B465B49002004F085FB52462D
:102B30005B4604F0ABFF0028C8D0109B009A0593B9
:102B4000AA461AEE104A1AEE905A02E0524500F0D8
:102B5000FC84D1461AF8013D392BF7D00133DBB2A2
:102B60008AF80030059B01330593BEE1DDF844B0DF
:102B70001AEE104A1AEE905A139B002BC0F2948062
:102B8000059A0E2A00F39080404B03EBC203D3E971
:102B90000089099B002B1BDA079B002B18DC40F0F7
:102BA0006E83404B00224046494604F0FDFC02463D
:102BB0000B4651EC190B04F073FFDDF81CA05646D0
:102BC000002800F0E682099BDDF80080DF43E8E2A0
:102BD00042464B4651EC190B04F010FE04F094FFF2
:102BE0000646834604F076FC42464B4604F0DCFC85
:102BF0000B46024651EC190B04F01EFBDDF800A059
:102C0000334630330AF8013B079B012B00F09F83CA
:102C10004FF0010B08EE104A08EE905A54461D463C
:102C2000DA461DE042464B463046394604F0E6FDA2
:102C300004F06AFF834604F04DFC42464B4604F024
:102C4000B3FC0AF1010A0B4602463946304604F04D
:102C5000F3FA0BF13003AA4504F8013B00F072834C
:102C60000F4B002204F0A0FC0022002306460F4672
:102C700004F002FF0028D5D0A24618EE905A18EEB4
:102C8000104A059B01330593D1462EE13018010807
:102C9000201901080000F03F00001C400000E03F48
:102CA00000002440000014400A9A002A52D0019AE1
:102CB000012A40F3A682079B03F1FF380B9B434593
:102CC00080F284820B9BCDF82C80A8EB03039B44FD
:102CD0004FF00008079B002BC0F27183049A1A443E
:102CE0000492089A17461A4408920121284601F0D6
:102CF000B7FD064632E00123BE1B0C93731E0493FE
:102D00007FF5AAADC6F10103089300230493A5E55E
:102D1000102001F0BFFB02466862002800F05D84CD
:102D2000C0E901660660C660F8E4584604F0D2FBCC
:102D300042464B4604F0A0FE00287FF475AD0BF12F
:102D4000FF3B71E5874B0093009815B0BDEC068BF7
:102D5000BDE8F08FDDF82C80089F0A9E002F0CDD67
:102D6000049A002A09DD0899BA421346A8BF3B46D7
:102D7000C91AFF1AD31A089104930B9BDBB10A9B63
:102D8000002B00F08082B8F1000F0FDD3146424683
:102D9000284601F029FE224601460646284601F053
:102DA00075FD21460446284601F03AFC0B9BB3EB27
:102DB000080240F0FE820121284601F051FDBBF1DE
:102DC000000F824600F3B780019B012B40F38881FE
:102DD0004FF000080120BBF1000F40F0B880049ACA
:102DE000104410F01F0000F09680C0F12003042B67
:102DF00040F30C84089BC0F11C0003440244089378
:102E000007440492089B002B05DD21461A462846FC
:102E100001F05AFE0446049B002B05DD51461A467C
:102E2000284601F051FE82460C9B002B40F0388171
:102E3000079B002B40F31F810A9B002B40F0A280D0
:102E4000059B01330593DDF80080DDF81C90012718
:102E500007E0214600230A22284601F005FC01373D
:102E6000044651462046FFF7A7FB4F4500F13000CE
:102E700008F8010BEDDB079A002AC8BF9346009AB9
:102E8000D8BF4FF0010B034693440027214601228F
:102E90002846019301F018FE5146044601F088FED1
:102EA000002840F3A3811BF8013C009A0BF1FF3B83
:102EB00004E05A4500F0B5811BF8013D392B0BF1B8
:102EC0000109F6D001338BF800305146284601F055
:102ED000A7FB56B12FB1B74203D03946284601F0BF
:102EE0009FFB3146284601F09BFB2146284601F016
:102EF00097FB002389F80030DDE905231A60259B44
:102F0000002B3FF434AC0098C3F8009015B0BDEC32
:102F1000068BBDE8F08F1C20089B03440893049B9C
:102F20000344074404936DE70126AEE4C0F120009A
:102F300008FA00F045E401465A46284601F054FDDF
:102F4000019B012B824640F3D3814FF00008DAF851
:102F500010300AEB8303186901F032FCC0F1200045
:102F60003DE700BFC4210108314600230A2228465C
:102F700001F07AFB0F9B002B064640F31F83CDF830
:102F800014900793002F00F31A81B8F1000F40F05E
:102F9000F981B046029B009F079903F001027B1E56
:102FA0001944019B0A921343089109935146204604
:102FB000FFF702FB31468346204601F0F9FD424609
:102FC00051468146284601F015FEC26801460BF1C4
:102FD0003003002A42D104902046079301F0E8FD17
:102FE00004990290284601F01BFB029A079B1AB92C
:102FF0000999002900F0D482B9F1000FC0F2848150
:10300000019949EA01090A9951EA090100F07C8114
:10301000002A00F3D881089A3B7007F10109974212
:10302000CB4600F0E381214600230A22284601F026
:103030001BFB4645044631464FF000034FF00A02A1
:10304000284612D001F010FB4146064600230A2212
:10305000284601F009FB4F468046A7E72846029321
:1030600001F0DEFA029B0122C6E701F0FDFA4F46AD
:10307000064680469AE7019B022B79DC0A9B002BCF
:1030800080D1059B5146013320460593FFF794FA02
:10309000DDF800B000F130030BF8013B0027F5E646
:1030A0005146204601F084FD0028BFF6C1AE2146FE
:1030B00000230A22284601F0D7FA059B03F1FF39C5
:1030C0000A9B0446002B7FF44FAF0F9B002B40F36D
:1030D0006E820793B7E6BF4B00930333FFF7F0BB55
:1030E000DDE9021200297FF473AEC2F31303002B53
:1030F0007FF46EAEB84B1340002B00F03A82089B71
:1031000001330893049B013304934FF0010861E6F7
:1031100001230A93099B059A13440F930133012B52
:1031200018460793B8BF01206F6A002117287960FD
:103130007FF71BAC012204235B0003F1140C8445D0
:10314000114602F10102F7D979600EE401230A93D6
:103150000998002845DD0F900790E5E700230A93C2
:10316000D8E700230A93F3E70F9BCDF81490079359
:10317000079B002B7FF427AD51460522284601F01E
:1031800073FA01468246204601F012FD00287FF7BF
:103190001AAD0098059F3123804600F8013B0137A6
:1031A00000905146284601F03BFA7B1CDDF8009068
:1031B0000593CDF80080002E7FF493AE95E631465E
:1031C0003A46284601F080FC0646DEE6A3EB0808F6
:1031D00080E54FF0020AB0EE498AF0EE698AFFF707
:1031E000F2BB012309930793FFF7BABB03D1019BFD
:1031F000DB073FF558AED9461BF8013D302BFAD01E
:1032000063E60D9A002A00F0F78003F23343049A34
:10321000DDF82C801A440492089A17461A44089242
:1032200063E5059B009A01330593312313704CE647
:10323000504604F04FF953EC1A2B04F0B5F9674BE4
:10324000002203F0FBFF8046A1F15079644B00227D
:1032500051EC1A0B03F0F0FF42464B4606460F4670
:1032600004F032FC002840F0808130463946424666
:1032700009F1004304F00AFC00283FF47DAC4FF054
:10328000000A56469FE421460B9A284601F0ACFB03
:10329000044690E500F02881059A524B564206F00C
:1032A0000F0203EBC203D3E9002351EC190B04F026
:1032B0007BF9361141EC1A0B00F08B814A4F002349
:1032C0004FF0020AF20706D5D7E9002304F06CF9A3
:1032D0000AF1010A0123761007F10807F2D1002B49
:1032E0003FF490AB41EC1A0BFFF78CBB0C9009E557
:1032F000029B002B7FF429AEDDE90212C2F3130317
:10330000002B3FF4F7AE20E6002A12DD2146012211
:103310002846019301F0D8FB5146044601F048FCD1
:103320000028019B40F33681392B00F014810BF10A
:103330003103B94609F8013B059B01333746059334
:103340004646C2E5A24618EE905A18EE104A0246CA
:103350000B4603F073FF42464B4606460F4604F009
:10336000B3FB60B942464B463046394604F084FB15
:1033700000283FF486AC5FEACB717FF582AC009AFF
:10338000FFF7E7BB7168284601F00AF907460028F5
:1033900000F04181336902339A0006F10C010C30D0
:1033A000FCF788FF39460122284601F08DFB804654
:1033B000F0E52146284601F017FB0446FBE4DDE971
:1033C00007239F1A91E4392B00F0C580B9460133D9
:1033D000B0E700BF0C2C01080000F07F00001C408B
:1033E000000014403018010820190108059A013224
:1033F00037460592464649E5129BC3F1360306E778
:103400000E988E4901EBC00142464B4651E902013C
:1034100004F0CAF85AEC1A9B41EC180B51461AEE0C
:10342000100A04F071FB074604F054F802460B46FC
:103430001AEE100A514603F0FFFE06460E98DDF81C
:1034400000803037012808F8017B0F4600F0BF806C
:103450000E9B009ACDF838B013449B46C246784B79
:1034600000223046394604F09FF88946804604F031
:103470004BFB074604F02EF8303702460B46404619
:10348000494603F0D9FE0AF8017BDA4506460F46A5
:10349000E5D1DA46DDF838B06A4B59EC188B0022DA
:1034A00018EE100A494603F0C9FE32463B4604F0C6
:1034B000EDFA002869D118EE102A4B466149002028
:1034C00003F0BAFE32463B4604F0FEFA00283FF411
:1034D00053ABD1460AF1FF3A19F8013C302BF8D032
:1034E000109B0133059300E54FF0020AB0EE49AAA4
:1034F000F0EE69AAFFF786BA079B002B3FF498AE5F
:103500000F9B002B7FF738AB059A0E93013A4C4B7B
:1035100010921AEE100A3946002204F045F80246CD
:1035200016460F460AF1010003F0D4FF32463B462F
:1035300004F03AF8444B002203F080FE47EC1A6B8B
:103540008046A1F15079FFF781BA059B01330593BD
:103550003123FFF705BB059BBB4601330593392398
:1035600037460BF8013B46469FE44FF0000A5646AB
:103570000FE698462EE4AA461AEE104A1AEE905A22
:10358000109B01330593D146AFE4109B009A05933D
:10359000FFF7DFBA7FF4CDAEDA077FF5CAAEC3E638
:1035A000392BD8D0B9F1000F3FF7C1AEC1E6019B6E
:1035B000022B3FF7D9ADCDF8149062E5019B022BA9
:1035C0003FF7D2AD0F9BCDF814900793DAE4C246D3
:1035D00062E74FF0020AFFF715BA1C4B1C48EA21BC
:1035E00002F088F81B4B0093FFF7C1B86B6A002606
:1035F0005E603146284600F0D3FF009090B9164B2C
:10360000134800224FF4D57102F074F83FF4FAAB7E
:10361000C0F13C0080E4104B0D483A4640F2EA21EC
:1036200002F068F86B6A009A1A604FF0FF330122CB
:1036300009960F930A920793FFF79EBA3018010874
:10364000000024400000E03F00001C40102C010856
:10365000282C0108002C01085C2C01088B891A0712
:103660002DE9F0410C4680463FD44A68002A58DDD7
:10367000E66A002E52D00022D8F80050C8F8002088
:1036800013F4805251D10123216A4046B047431CB4
:103690005ED0A389E66A5F0705D56368C01A636BCD
:1036A0000BB1236CC01A216A024600234046B04782
:1036B000411C3CD1D8F80030002B38D01D2B01D054
:1036C000162B4DD123690022C4E90032616BC8F882
:1036D000005019B304F14403994202D0404601F06E
:1036E000E3FC00206063BDE8F0810E69B6B10D68AF
:1036F0000E609A070CBF4B690023AD1B8B600BE07B
:103700002B463246216AA76A4046B847B0F1000C02
:10371000A5EB0C05664413DD002DF1DC0020BDE8AF
:10372000F0810A6C002AA3DCF8E7606DB3E70023A0
:10373000636023692360A389DB04C7D56065C5E79F
:10374000A38943F040034FF0FF30A381BDE8F0812F
:10375000D8F80030002B9CD01D2B06D0162B04D09F
:10376000A38943F04003A381D9E7C8F80050D5E707
:1037700038B50B69BBB10D46044608B18369B3B1D6
:103780000D4B9D4211D00D4B9D4213D00C4B9D42D1
:1037900008BFE568B5F90C302BB129462046BDE8D5
:1037A0003840FFF75BBF002038BD6568F2E700F0E6
:1037B00045F9E5E7A568EDE7F4160108D416010818
:1037C000B416010838B540B303690446E3B1174B9A
:1037D0001D680DB1AB69CBB1154B9C420FD0154B99
:1037E0009C4221D0144B9C4208BFEC68B4F90C30C9
:1037F00053B121462846BDE83840FFF72FBF6C681B
:10380000B4F90C30002BF4D1002038BD284600F06C
:1038100015F9074B9C42E2D1F1E7084B08491868BB
:10382000BDE8384000F04AB9AC68DFE7000000208E
:10383000F4160108D4160108B41601085815010839
:103840007137000800207047014900F037B900BF08
:10385000713700080020704770B568224D1E02FBCA
:1038600005F50E4605F1740101F080FC044640B1F7
:1038700000210C30C4E90016A06005F16802FCF7D5
:10388000B3FD204670BD00BF274B2DE9F0411E68F7
:10389000B369074653B348364FF00408D6E90134FC
:1038A000013B04D51EE05A1C04F168041AD0B4F997
:1038B0000C50013B002DF6D11C4B6566C4E9005548
:1038C000C4E90253C4E90455A5610822294604F15C
:1038D0005C00FCF789FDC4E90D55C4E9125520468A
:1038E000BDE8F08135682DB12E46D7E7304600F0AF
:1038F0001FF8D0E74FF4D671384601F037FC044684
:1039000068B10560C0F804800C302946A0602546E7
:103910004FF4D072FCF768FD34602E46BEE70C23EE
:1039200030603B60DBE700BF581501080100FFFF76
:103930002DE9F84F344B35491A68816290424FF0B7
:103940000003C0E91233036504BF01238361054608
:10395000FFF79AFF68602846FFF796FFA8602846A1
:10396000FFF792FF6F68E86000240423C7E9024371
:1039700008222146C7E90044C7E904447C66BC61CB
:1039800007F15C00FCF730FDDFF88CB0AE68DFF8C3
:103990008CA0DFF88C90DFF88C801D4BC7F828A036
:1039A000C7E9087BC7F82C90C7F830800822F3607D
:1039B000C6E90044C6E904447466B460B4612146B3
:1039C00006F15C00FCF710FDC6E9086BC6E90AA920
:1039D000C6F83080EE680F4BF360C6E90044C6E9D4
:1039E00004447466B460B4612146082206F15C00A8
:1039F000FCF7FAFC0123C6E9086BC6E90B98C6F888
:103A000028A0AB61BDE8F88F5815010849380008B7
:103A1000090001001200020089550008B155000894
:103A2000F155000811560008024B0349186800F0D0
:103A300045B800BF5815010871370008836903B9FC
:103A400076E77047704700BF704700BF704700BF00
:103A5000704700BF024B0349186800F00FB800BF61
:103A60000000002045380008024B0349186800F0A8
:103A700005B800BF00000020553800082DE9F041CE
:103A8000884600F148070026D7E90154013D0FD4CC
:103A9000A389012B05F1FF3506D9B4F90E300133A6
:103AA000204601D0C04706436B1C04F16804EFD1E7
:103AB0003F68002FE8D13046BDE8F0812DE9F8439A
:103AC0000746884600F148064FF00009D6E9015440
:103AD000013D11D4A389012B05F1FF3508D9B4F9B3
:103AE0000E300133214603D03846C04749EA000969
:103AF0006B1C04F16804EDD13668002EE6D148460F
:103B0000BDE8F8832DE9F0410469B4EB611F2FDDB6
:103B100000F1140E4E1111F01F0C0EEB84050EEB8C
:103B200086032BD05EF8262004339D4222FA0CF146
:103B3000CCF1200818D977461A6802FA08F20A432D
:103B400047F8042B53F8041B9D4221FA0CF1F3D8DB
:103B5000A41BA300053B9B0801330EEB83044EF826
:103B60002310C9B1043417E0416174460029F9D12A
:103B70000023036100234361BDE8F0819D4288BFBB
:103B800000F11002F4D953F8041B42F8041F9D42BF
:103B9000F9D8A41B0EEB8404A4EB0E039B10744510
:103BA0000361E7D0BDE8F0812DE9F04FAE4C2DED7B
:103BB000028B24688BB008EE100A204689460392D7
:103BC00007930494FDF75CFAD9F8003021180246F7
:103BD00011F801BC9978302940F0E5816FF00100BF
:103BE000C01A033300EB030A1C4613F8011B3029EB
:103BF000F8D0DFF8788218F80130002B00F0F78059
:103C00002378002718F803303D4626462BB116F8D6
:103C1000013F18F80330002BF9D104990292304685
:103C200001F0FAFC029A0190002800F09680002D25
:103C300040F096803378019503F0DF03502B354632
:103C400000F09880C9F80060002F40F0B0802B1B76
:103C5000013B072B394604DD5B10072B01F1010105
:103C6000FADC18EE100A059200F09AFC059A029010
:103C7000002800F07182029BAC4203F11406069604
:103C800080F0E7810027C2F10103B946059310E0F7
:103C9000202F00F097803946043715F8013C18F8BA
:103CA0000330554603F00F038B40A54249EA030950
:103CB00016D915F8013C5B4505F1FF3AE8D1059BA3
:103CC0005344A342E4D3184604990992089301F09F
:103CD000A3FCDDE908320028DAD11D46A542E8D868
:103CE00046F8049B069BF61A029BB6101E614846D6
:103CF00000F066FD039B76011C68301AA04200F3B9
:103D0000B780C0F22F810027039B019A9B689342E2
:103D1000C0F293810399019A4B68934240F38480E7
:103D20009D1AAC4200F3C480CA68022A00F0C68122
:103D3000032A00F0BE81012A00F0A28118EE100AC9
:103D4000029900F06DFC5025169A00232846136056
:103D50000BB0BDEC028BBDE8F08F002D00F011819F
:103D6000AD1BAB000193337803F0DF03502B3546D6
:103D70007FF468AF6B782B2B00F0F2802D2B6ED088
:103D80006E1C002018F803104B1E182B65D8737892
:103D900018F803301039013633BB00B14942019B9A
:103DA000C9F800600B440193002F3FF450AFBAF103
:103DB000000F14BF0025062528460BB0BDEC028B72
:103DC000BDE8F08F002146F8049B0427894664E78C
:103DD00001EB810103EB4103A3F1100116F8013F50
:103DE00018F80330002BD8D0192BF1DDD5E7049952
:103DF0000192204601F010FC019A002876D1A15CC6
:103E000018F80130A518002B72D030292C4605D1A6
:103E100014F8013F302BFBD018F80330B3FA83F7C6
:103E20007F094FF0010AF0E6012557B1039BDB68DB
:103E3000022B65D0032B67D0012B00F0888045F062
:103E40001005169B029A1A60079B019A1A60284671
:103E50000BB0BDEC028BBDE8F08F2E46F2E60120E0
:103E6000AB78AE1C8EE700BF1418010814170108C8
:103E7000029D061B3146284601F0D6F8074678B168
:103E8000721E53110699012751F8231002F01F03E7
:103E900007FA03F30B4203D0BA4200F3E48002278F
:103EA000019B0298334431460193FFF72BFE2BE729
:103EB0006E1E002F40F0CB80002E40F0CE8073119C
:103EC000069A029852F8232006F01F06012303FAEF
:103ED00006F61642294618BF47F00207FFF712FE02
:103EE000039B5B680193641B02259EE721782546AE
:103EF00001F0DF01502900F0BF80C9F8005056E7FB
:103F0000179BC3F101031793179B002B97D0029BBC
:103F1000DDF818901E6900214B464FEA860809EB30
:103F2000860003E0984243F8041C40D91F4653F82A
:103F3000042BB2F1FF3FF5D00132022D3A6000F0C0
:103F4000C28014F01F0440F0E180212579E7BA0710
:103F50007FF575AF069B1B681F43FB07D7D46EE741
:103F600000207DE7DDE90131221A9B1A18EE100AC4
:103F7000019300F0A9FD0346143302900693002735
:103F8000C2E6B35C18F80310B018064600293FF4E7
:103F900053AE16F8013F18F803100029F9D1801B21
:103FA0008100019148E69C1C4FF0000A21E6029B2B
:103FB0009B689E4280F28E803346029901EB830219
:103FC00001330B61022D4FF0010151617BD09E4204
:103FD000B7DA002B40F3A780029A09EB83035169FB
:103FE00002F1180083424FEA510140F2AF804C4683
:103FF000026841EAC27144F8041B50F8041B834272
:104000004FEA5101F4D8029A9B1A193B9B080133DD
:1040100049F8231009EB8303002940F09B800299A3
:10402000A3EB090292104B450A617FD0039B019AD2
:104030009B6801329342019287DA029918EE100AC6
:1040400000F0EEFA169A00231360A325B4E60127C8
:1040500035E7069E4FF0000942E60298314600F02F
:10406000E3FF07462BE7B11E284600F0DDFF0028DE
:104070003FF415AF032713E700230193012779E6E7
:10408000AC427FF45BAE012C08D00298611E00F0B8
:10409000CBFF00283FF452AE039B5B6807990B608F
:1040A000029B069901221A610A60169A6225136022
:1040B00082E6179A002A3FF441AEEFE7179A002AEA
:1040C0007FF43CAEEAE7039B1B68013BA34231D07F
:1040D0002225B6E6029B596818EE100A013100F05D
:1040E0005FFA074600283DD002990B6902339A0017
:1040F0000C310C30FCF7DEF8029918EE100A00F0D3
:104100008FFA07F114093B69029756E7C844C4F1D6
:10411000200458F8040C00F053FBA042BFF615AF82
:10412000029B1B6955E7029A00231361029A002340
:1041300053617BE7631104F01F0459F82320012326
:10414000A34013420CBF222521257AE6C9F80010AE
:104150004B4669B1043362E7074B0848029ADE21F7
:1041600001F0C8FA044B05483A46842101F0C2FA2E
:10417000029B1961DAE700BF5C2C0108702C010872
:1041800010B4046809E014F8013FA3F1410CBCF13C
:10419000190F98BF2033934209D111F8012B002A3F
:1041A000F1D10134046001205DF8044B7047002018
:1041B0005DF8044B704700BF2DE9F04F096885B0EA
:1041C0004B1111F01F01029002EB8303039140F0A9
:1041D0008E801D1F0193029B01991C68002341F8EA
:1041E000043C61780134002900F09780DFF8709179
:1041F000A846AC469A461E460EE0202900F28B8067
:10420000B24506DAC44501D2072B5BDD624551D3C6
:10421000082314F8011FA1B119F801000028ECD0FF
:104220000133082B06F101063ADCDCF80010090125
:1042300000F00F000843CCF8000014F8011F00291B
:10424000EAD1002E69D0E04501D9072B73DD624524
:1042500051D2111F634653F8040B41F8040F9D42DD
:10426000F9D2A5EB0C0323F00303691C04330CF112
:10427000010C614538BF04231344002143F8041B9B
:104280009D42FBD2019B53F8043C2BB9AA4248D073
:1042900055F8043D002BF9D0052005B0BDE8F08F9E
:1042A0006245B6D200234CF8043C1946ACF1040C2C
:1042B0000123BDE70023ACF104084CF8043CB246EE
:1042C000C446A6E7C3F108018900DCF80030C1F15B
:1042D000200E60468B46416801FA0EF73B430360AF
:1042E00021FA0BF340F8043F4045F4D38EE7191D43
:1042F00001911D466FE7039B002BC3D0039B0198E0
:10430000C3F120014FF0FF33CB4050F8041C0B40A9
:1043100040F8043CB9E7292909D0042005B0BDE8DC
:10432000F08F012305202B6005B0BDE8F08F0299C6
:1043300001340C6085E7C3F108039B00DCF8001032
:10434000C3F120076446666806FA07F0014321605E
:1043500026FA03F144F8041FA045F4D877E700BF1C
:1043600014170108F03070470048704758010020CA
:104370000048704758010020F0B58B890C4699071A
:1043800097B007D504F147030122C4E90432236042
:1043900017B0F0BDB4F90E10002905462DDB6A46B2
:1043A00001F002FA002827DB019E06F470464FF464
:1043B0008067A6F50056B6FA86F63946284676098D
:1043C00000F0D4FE30B3A3891A4AAA6243F08003F6
:1043D000C4E90407A3812060002ED9D0B4F90E10DF
:1043E000284601F06FFB0028D2D0A38923F00303F5
:1043F00043F00103A381CBE7A38913F0800F14BF1F
:1044000040274FF4806739462846002600F0AEFE6C
:104410000028D8D1B4F90C309A05B9D423F003039D
:1044200004F1470243F002030121C4E90421A381FE
:104430002260ADE74938000870B50C46B1F90E109E
:10444000002996B016461D4613DB6A4601F0ACF90A
:1044500000280EDB019901F47041A1F50051B1FA79
:1044600081F14FF48063490900202960336016B060
:1044700070BDB4F90C3000221B062A6004D540231D
:104480000020336016B070BD4FF4806300203360AD
:1044900016B070BD024B0146186800F067BE00BF41
:1044A00000000020024B0146186800F0FDBD00BF6F
:1044B0000000002010B4034CD4F8E440A4465DF89A
:1044C000044B60476800002082B049B15AB16BB11B
:1044D00013780B601278101E18BF012002B07047CD
:1044E00001A9002AF3D1104602B070476FF0010015
:1044F000F4E700BF00000000000000000000000022
:1045000001F0FF01102A2BDB10F0070F08D010F884
:10451000013B013A8B422DD010F0070F42B3F6D188
:10452000F0B441EA012141EA014122F007047FF0A1
:1045300000070023F0E80256083C85EA010586EAF8
:10454000010685FA47F5A3FA87F586FA47F6A5FA34
:1045500087F68EB9EED1F0BC01F0FF0102F0070240
:1045600032B110F8013B013A83EA010313B1F8D1EB
:104570000020704701387047002D06BF35460338CC
:10458000073815F0010F07D1013015F4807F02BF05
:10459000013015F4C03F0130F0BC0138704700BF56
:1045A00070B5466A05460C465EB1F368A3B153F890
:1045B0002400E8B1026843F824200023C0E9033353
:1045C00070BD1020FFF766FF06466862E8B1002361
:1045D000C0E901330360C36021220421284600F0B2
:1045E00055FD6B6AF060DB68002BE0D1002070BDE8
:1045F000012101FA04F6721D9200284600F046FDE2
:104600000028F3D0C0E90146D7E7034B0348324600
:10461000662101F06FF800BF102C0108BC2C0108C6
:1046200070B5456A04460E464DB13EB1636A726884
:10463000DB6853F82200306043F8226070BD102020
:10464000FFF728FF0246606220B1C0E9015505600E
:10465000C560EAE7024B03488A2101F04BF800BF2E
:10466000102C0108BC2C0108F0B50C69064683B07B
:104670000D4601F1140E0020DEF800101FFA81FC37
:1046800002FB0C334FEA134C090C02FB01CC013046
:104690009BB203EB0C4384424EF8043B4FEA1C43AD
:1046A000EADC3BB1AA68A24207DD05EB84020134D3
:1046B00053612C61284603B0F0BD69680193013154
:1046C0003046FFF76DFF019B0746A0B12A690193B1
:1046D0000232920005F10C010C30FBF7EBFD29468C
:1046E00030463D46FFF79CFF05EB8402019B53617A
:1046F00001342C61DEE7034B03483A46B52100F054
:10470000F9FF00BF5C2C0108BC2C01082DE9F8431F
:104710000C4628491F46164603F1080281FB023168
:10472000092F4FEAE2730546C3EB610339DD4FF011
:10473000010C00214FEA4C0C634501F10101F9DC49
:104740002846FFF72DFF014668B3089B4361092EF9
:104750004FF00103036112DC0A340926B7420BDD76
:10476000BE1B264414F8013B0A22303B2846FFF7C3
:104770007BFFA6420146F5D10846BDE8F88304F167
:104780000909C846344418F8013B0A22303B284640
:10479000FFF76AFFA0450146F5D1A6F108044C4495
:1047A000DCE70021CCE70A46034B0448CE2100F0A9
:1047B000A1FF00BF398EE3385C2C0108BC2C010836
:1047C000030C1B04D3B90004102310F07F4F04BF67
:1047D0000002083310F0704F04BF0001043310F0E2
:1047E000404F04BF80000233002805DB10F0804FEB
:1047F00003F1010308BF2023184670470023E4E7B4
:10480000036813F00702014607D0DA071FD49807A0
:1048100021D55B080B600120704798B2A0B110460B
:10482000DAB20AB908301B0A1A0704BF1B090430A0
:104830009A0704BF9B080230DA0703D45B0800F133
:10484000010006D00B6070471B0C1020E8E7002029
:104850007047202070479B080B600220704700BF04
:1048600010B50C460121FFF79BFE024618B101234B
:10487000C0E9043410BD034B03484FF4A07100F0AD
:1048800039FF00BF5C2C0108BC2C01082DE9F04F5A
:104890000E691569AE4285B08846144605DB2A4686
:1048A000234635460C4616469846A3686168AF19FC
:1048B000BB42B8BF0131FFF773FE0190002800F042
:1048C0008780019B03F1140909EB870AD14505D2C2
:1048D0004B46002243F8042B9A45FBD808F11408F4
:1048E00008EB860B04F11403D8451A4603EB850543
:1048F0005FD22B1B153B23F0030304331534A54271
:1049000038BF0423CDE902A7AC461F46924605E016
:10491000000C29D1C34509F1040948D958F8040B02
:1049200085B2002DF4D056464C46002356F8040BB1
:10493000216882B21FFA81FE05FB02EE000C0A0C10
:10494000734405FB002202EB13429BB243EA02438D
:10495000B44544F8043B4FEA1243E7D849F807301E
:1049600058F8040C000CD5D0D9F80030544619463C
:104970004D4600222688090C00FB06110A449BB212
:1049800043EA024345F8043B54F8046B2968360CAB
:104990008BB200FB063303EB1243A4454FEA1342EC
:1049A000E8D8C34549F8073009F10409B6D8DDE96C
:1049B00002A7002F02DC05E0013F03D05AF8043DB6
:1049C000002BF9D0019B18461F6105B0BDE8F08FA0
:1049D000034B0448019A40F25D1100F08BFE00BFCA
:1049E0005C2C0108BC2C01082DE9F04112F00303F6
:1049F00082B0144607462DD10E46A4101CD07A6A08
:104A00008AB39568002D39D0E3074FF0000806D42B
:104A1000641011D0286898B10546E307F8D53146EF
:104A20002A463846FFF732FF3146034638461E46CF
:104A3000FFF7F6FD6410EDD1304602B0BDE8F0811D
:104A40002A4629463846FFF721FF2860C0F8008033
:104A50000546E2E7013B184A52F823200023FFF7FE
:104A600003FE0646C9E71020FFF714FD02467862F0
:104A7000E0B10023C0E901330360C360012138467F
:104A80000192FFF78DFD019A054640B1012340F2E6
:104A90007121C0E90431002390600360B4E7074B43
:104AA00007482A464FF4A07100F024FE054B044845
:104AB0004FF4D77100F01EFE201801085C2C01088D
:104AC000BC2C0108102C01082DE9F0470D46914639
:104AD0002F69AB68496807EB62177C1C9C428046D3
:104AE0004FEA621A04DD5B009C4201F10101FADC2D
:104AF0004046FFF755FD064600284DD0BAF1000F9D
:104B000000F114000EDD0AF105024FEA820C0346A3
:104B100006EB8202002143F8041B9342FBD1ACF167
:104B200014031844296905F1140319F01F0903EB54
:104B3000810129D0C9F1200E84464FF0000A1A687D
:104B400002FA09F242EA0A024CF8042B53F8042B49
:104B5000994222FA0EFAF2D84B1B153B23F00303BD
:104B6000043305F11502914238BF0423BAF1000F56
:104B700018BF274640F803A0404637612946FFF793
:104B80004FFD3046BDE8F087043853F8042B40F859
:104B9000042F9942F9D8EFE7034B0448324640F21C
:104BA000D91100F0A7FD00BF5C2C0108BC2C010846
:104BB0000B6984460069C01A16D10CF1140C14312B
:104BC0000CEB830210B401EB830301E0944508D29F
:104BD00052F8044D53F8041D8C42F7D005D24FF023
:104BE000FF305DF8044B7047704701205DF8044BBF
:104BF000704700BF2DE9F84F0F691369FF1A002FA6
:104C00000E4690467AD101F11405143202EB83026C
:104C100005EB830301E09D4273D253F8041D52F863
:104C2000044DA142F7D064D37168FFF7B9FC814607
:104C3000002872D03569D8F81020C76008F1140E2A
:104C400006F1140009F1140A06F1100C0EEB8202B1
:104C500000EB8507564600215EF8044B5CF804BF64
:104C6000A3B211FA8BF1CB1A210CC1EB1B4101EB62
:104C700023419BB243EA0143724546F8043B4FEAA5
:104C80002141E9D8A2EB0804153C08F1150842457A
:104C900024F0030606F1040638BF0426304424F04D
:104CA000030238BF002287425244B24416D9564606
:104CB000044654F8043B11FA83F10A1402EB134240
:104CC00089B241EA0243A74246F8043B4FEA224137
:104CD000EFD87A1E101A20F00302524423B952F87A
:104CE000043D013D002BFAD0C9F810504846BDE8FC
:104CF000F88F334601274646984695E7F9DB0027AB
:104D000092E70021FFF74CFC814668B101220023A5
:104D1000C9E904234846BDE8F88F074B07484A46CF
:104D20004FF4107100F0E6FC034B04484A4640F291
:104D3000322100F0DFFC00BF5C2C0108BC2C010814
:104D400082B08DED000B154B019A1340A3F1507307
:104D5000002B05DD0020194641EC100B02B0704716
:104D60005B42B3F1A07F4FEA235208DA4FF40023ED
:104D7000002043FA02F141EC100B02B07047143AE4
:104D80001E2ADABF4FF0004323FA02F2012200216B
:104D9000104641EC100B02B0704700BF0000F07FDE
:104DA000F8B5046900F1140606EB8404271F54F8D3
:104DB000045C2846FFF704FDC0F120030A280B60BD
:104DC00031DDBE421BD20B3854F8081C23D0C0F191
:104DD000200C854021FA0CF72F43A4F1080547F079
:104DE0007F53AE4243F4401336D2814054F80C0C4A
:104DF00020FA0CF00843024643EC102BF8BD0B38A8
:104E000008D005FA00F040F07F53002043F440132F
:104E10000246F1E7014645F07F5343F440130A464A
:104E200043EC102BF8BDC0F10B0C25FA0CF1BE427F
:104E300041F07F5338BF54F8081C00F1150034BF0F
:104E400021FA0CF1002105FA00F043F4401340EA86
:104E5000010243EC102BF8BD01FA00F00246CBE74B
:104E60002DE9F043884683B0012157EC106B1546BD
:104E7000FFF796FB044600284FD0C7F30A59C7F343
:104E80001303B9F1000F01D043F48013002E0193F6
:104E900024D068460096FFF7B3FC002839D0DDE93E
:104EA0000013C0F1200203FA02F20A43C340626118
:104EB0000193002B14BF02220122A3612261B9F1E8
:104EC000000F16D0A9F233430344C0F13500C8F8EF
:104ED00000302860204603B0BDE8F08301A8FFF74A
:104EE0008FFC019B6361012220302261B9F1000F28
:104EF000E8D104EB8203A0F23240C8F80000186940
:104F0000FFF75EFCC0EB42102860204603B0BDE80E
:104F1000F083009B6361019BCBE7034B0348224670
:104F200040F20A3100F0E6FB5C2C0108BC2C0108C1
:104F30002DE9F04383B00E4669460746FFF730FF80
:104F400001A9304655EC104BFFF72AFF3B69316948
:104F5000591ADDE90023D31A03EB4113002B51EC5E
:104F6000100B0DDD05EB03594D4602460B4620465E
:104F7000294602F043FC41EC100B03B0BDE8F0837E
:104F8000C3EB033301EB03573946EEE7172870B53F
:104F900006460CDD0A490B4D0020002422462B4614
:104FA00002F002FB013EF9D141EC100B70BD064B43
:104FB00003EBC006D6E9040141EC100B70BD00BF45
:104FC0000000F03F00002440201801080139491179
:104FD00001F1010C116902F1140303EB81018B4211
:104FE00000EB8C0C16D210B5A0F1040E53F8044B54
:104FF0004EF8044F9942F9D88B1A153B23F003035E
:1050000004331844844504D9002340F8043B844504
:10501000FBD810BD844505D9002340F8043B8445E6
:10502000FBD87047704700BF03694A11934200F1F3
:10503000140009DA00EB830302E053F8042DCAB927
:105040008342FAD80020704711DD11F01F010ED005
:1050500010B450F8224000EB820324FA01F202FA65
:1050600001F18C420CD001205DF8044B704700EB3D
:105070008203E5E70120704753F8042D002AF2D19E
:105080008342F9D800205DF8044B704738B502FB25
:1050900001F5294600F06AF8044618B12A460021B5
:1050A000FBF7A2F9204638BD002958D030B551F899
:1050B000043C83B0002BA1F10404B8BFE4180190B4
:1050C00000F0A4FD284A0198136833B1A3420DD91A
:1050D000216804EB010C63452FD06360146003B0BA
:1050E000BDE8304000F094BDA34210D81A465B687A
:1050F000002BF9D1116802EB010C644519D02FD3B4
:105100006360546003B0BDE8304000F081BD1168B9
:1051100002EB010CA44516D022D8216804EB010C47
:105120006345EDD11D685B682944C4E900135460F0
:10513000D5E7236819441160D1E71D685B682944ED
:10514000C4E90013CAE7246821445418A34211603B
:10515000C5D1D3E900432144C2E90013BFE770473A
:105160000C230360BBE700BF28020020F8B5CD1C6C
:1051700025F0030508350C2D38BF0C25002D0646FB
:1051800023DBA94221D8254F00F040FD3A6822B325
:10519000144603E063682246FBB11C4623685B1B90
:1051A000F8D40B2B15D8636894420CBF3B60536056
:1051B000304600F02DFD04F10B00231D20F0070008
:1051C000C21A01D01B1AA350F8BD0C233360002073
:1051D000F8BD23601C442560EAE77968C9B1294617
:1051E000304600F0B9F9431C0CD0C41C24F0030471
:1051F000A04205D0211A304600F0AEF9013001D0AE
:105200002560D5E70C233046336000F001FD002017
:10521000F8BD304600F0A0F97860E0E728020020F1
:105220009368013B002B936011DA10B49469A34298
:1052300009DB0A2907D01368581C1060197008464A
:105240005DF8044B70475DF8044BFDF7CFB8136869
:10525000581C106019700846704700BF9BB1F8B524
:10526000134406460F46541E5D1E01E0AC4208D0B2
:1052700014F8011F3A463046FFF7D2FF431CF5D120
:10528000F8BD0020F8BD0020704700BF936810B53E
:10529000144613B95360184610BD00F09BFA002362
:1052A000C4E9013310BD00BF2DE9F04F88469FB01F
:1052B00015461C46814618B18369002B00F0A28078
:1052C000924B984500F0A480914B984500F0B18036
:1052D000904B984508BFD9F80C80B8F80C301807E7
:1052E00040F19D80D8F81030002B00F0988000230A
:1052F0000B932978884E059420238DF83130302384
:105300008DF832300127002974D02C460B4604E07A
:1053100014F8013F002B00F08F80252BF8D1B4EB5F
:10532000050B40F08C802378002B63D000234FF0D6
:10533000FF32CDE90723069309938DF85B301C9368
:10534000013404E0069A07FA03F313430693254653
:10535000052214F8011B3046FFF7D2F8831B002802
:10536000F0D1069BD90644BF20228DF85B20297816
:105370001A0744BF2B228DF85B202A2970D1059A89
:105380001168043200290592C0F29B800991697866
:1053900001352E2976D0614C03222046FFF7B0F864
:1053A00038B1069B001B402404FA00F00343069327
:1053B000013515F8011B5A488DF830100622FFF709
:1053C0009FF8002800F08380564B002B6DD005AA73
:1053D0000092554B424606A94846FBF723F9039035
:1053E000039B013306D00B9B039A297813440B933C
:1053F00000298AD1B8F80C305B0617D40B981FB07F
:10540000BDE8F08FFEF71AFB404B98457FF45CAF88
:10541000D9F80480B8F80C3018073FF563AF41465F
:105420004846FDF747F800283FF461AF4FF0FF30E2
:10543000E5E7D9F8088050E7B4EB050BDAD0AA46C7
:10544000C5F1010503E0934536D91AF8011F42461C
:105450004846FFF7E5FE013005EB0A02F3D1C9E744
:10546000A1F13002092A94D8099B15F8011F03EB1A
:10547000830302EB4303A1F13002092AF5D92E2957
:10548000099388D169782A292BD1059BA9781A68B4
:1054900007920433002A05F102000593B8BF4FF0CC
:1054A000FF330546B8BF079375E7059B073323F025
:1054B00007030833059396E70B9A23785A440B9217
:1054C00032E7494243F00203099106935FE705AAD8
:1054D0000092154B424606A94846FBF7D3FB0390C2
:1054E0007EE7A1F130020023092A079305F10105A7
:1054F0003FF651AF15F8011F03EB830302EB4303A3
:10550000A1F13002092AF5D9079344E7F4160108FE
:10551000D4160108B4160108F02C0108F82C010873
:10552000FC2C0108250600085D52000810B4054C4B
:105530008446134620685DF8044B0A466146FFF72F
:10554000B3BE00BF000000209FED010B704700BFFD
:10555000000000000000F87F38B5074D0022044627
:1055600008462A6006F03AF9431C00D038BD2B6883
:10557000002BFBD0236038BD300200209FED010AD4
:10558000704700BF0000C07F10B50C46B1F90E1087
:1055900000F068FB002803DB636D0344636510BD06
:1055A000A38923F48053A38110BD00BF002070475E
:1055B0002DE9F0410C46B1F90C101F46CB0505460C
:1055C00016460BD421F48051A1813B46B4F90E104C
:1055D00032462846BDE8F04100F076B8B4F90E1026
:1055E0000223002200F080FAB4F90C10EAE700BFB1
:1055F00010B50C46B1F90E1000F076FAA389421CE2
:105600000EBF23F4805343F480536065A38110BD23
:10561000B1F90E1000F094B8A2B330B540EA01041D
:10562000A40784460B462AD09CF800000C788442DC
:105630002FD1012A0DD0E64660B11EF8010F11F8F6
:10564000014F6FEA0E03A042134422D11CEB030367
:10565000F2D1002030BD0468194653F8045BA4F170
:10566000013EAC4284462EEA040E00F104000BD148
:10567000043A84461946ECD01EF0803FE9D1032A53
:10568000E9D8D1E7104670479CF800000C78A0429A
:10569000D1D0001B30BD00BF10B4034CD4F8E040A3
:1056A000A4465DF8044B60476800002049B1FF2A1A
:1056B00002D80A70012070478A2303604FF0FF3040
:1056C00070470846704700BF38B50C46084D844601
:1056D000114620461A4600232B60644606F0C2F8A5
:1056E000431C00D038BD2B68002BFBD0236038BD95
:1056F0003002002000B50B4C25681446EE681A46AF
:1057000085B003460D464CB107490095CDE901141B
:105710003046064900F034F800F0BAFA04490C4665
:10572000F3E700BF00000020042D0108142D01083C
:105730005820010808B513460022FFF7DBFF00BF21
:1057400038B5074D0022044608462A6006F098F84E
:10575000431C00D038BD2B68002BFBD0236038BD24
:10576000300200200CB400B583B004AB53F8042B16
:105770000193FFF799FD03B05DF804EB02B07047A9
:105780000EB410B583B005AB064C53F8042B01934F
:1057900001462068FFF788FD03B0BDE8104003B064
:1057A000704700BF0000002070B50C46084D03464E
:1057B0000026204611461C462E6006F064F8431C65
:1057C00000D070BD2B68002BFBD0236070BD00BFE4
:1057D000300200209368002B00F085802DE9F04F07
:1057E000B1F90C300C461907804683B0174698B2C1
:1057F00025D523691BB310F002033D682DD04FF06F
:10580000000ADFF8BCB25646B9465E4533465246FA
:1058100028BF5B464046002E52D0216AA76AB8478F
:10582000002856DDD9F808301B1A8244361AC9F808
:105830000830002BE9D1002003B0BDE8F08F2146ED
:105840004046FCF737FE002840F03681B4F90C30B2
:105850003D6898B210F00203D1D110F0010944D193
:105860004E46009746B38205D4F808B040F18380D5
:10587000B3455A4600F2B28010F4906F40F0BF80FA
:1058800020680192494600F045F9A368019AA3EB0C
:105890000B012368A1601344B24623600026009BDD
:1058A0009868A0EB0A00D14498600028C3D0B4F9EE
:1058B0000C0080B2002ED6D1D5E900960835D1E78C
:1058C000D5E900A60835A0E721464046FDF750FF80
:1058D00080B3B4F90C3043F040034FF0FF30A381A4
:1058E00003B0BDE8F08F002070471E46AA469946D7
:1058F00018461D46009756B388B34A46D4E90413A8
:105900002068B24228BF3246884205D9A16803EB1D
:10591000010B5A4500F3A680934263DC216AA76A13
:105920002A464046B847B0F1000BD2DDB9EB0B096F
:10593000CAD00120009A9368A3EB0B035D44A6EB49
:105940000B069360002B3FF476AF002ED4D10AF102
:10595000080353E902569A460833002EF9D032461E
:105960000A212846FEF7CCFD002800F09C8001307B
:10597000A0EB0509C1E720682369984216D863693E
:10598000B34213D86FF00042B24228BF3246216AB8
:1059900092FBF3F2A76A02FB03F340464A46B8477C
:1059A000B0F1000A95DDA6EB0A0678E7B345DA46C2
:1059B00028BFB2465246494600F0ACF8A3682268B8
:1059C000A3EB0A035244A3602260002BEBD12146D3
:1059D0004046FDF7CDFE0028E5D07AE72068B346C3
:1059E00032464EE72946019200F094F8019AA368E6
:1059F0009B1AA360236813442360934696E72368A9
:105A00002169A3EB010B636903EB430A0AEBDA7A22
:105A10000BF101034FEA6A0A33445345524684BFEF
:105A20009A46524643052CD511464046FFF79EFB49
:105A300000283BD05A4621690190FAF73BFCA28925
:105A4000019B22F4906242F08002A28103EB0B00E2
:105A50002361AAEB0B03C4F814A0A3602060B34633
:105A600032460EE729465A4600F054F823685B4454
:105A7000236021464046FDF77BFE00283FF456AFE9
:105A800027E7404600F0C6F803460028DED121692A
:105A90004046FFF709FBB4F90C300C2223F08003D9
:105AA000C8F8002017E7721C914627E70C22B4F9CA
:105AB0000C30C8F800200EE74FF0FF30BCE600BF06
:105AC00000FCFF7F38B5074D0022044608462A60D7
:105AD00005F0DEFE431C00D038BD2B68002BFBD048
:105AE000236038BD3002002038B50C46084D84468E
:105AF000114620461A4600232B60644605F0CAFE74
:105B0000431C00D038BD2B68002BFBD0236038BD70
:105B10003002002088420DD98B1883420AD900EB4D
:105B2000020CBAB1624613F801CD02F801CD9942D8
:105B3000F9D170470F2A0ED8034602F1FF3C4AB153
:105B40000CF1010C013B8C4411F8012B03F8012FDF
:105B50006145F9D1704740EA01039B0750D1A2F19A
:105B6000100370B501F1200C23F00F0501F1100EA8
:105B700000F11004AC441B095EF8105C44F8105CA2
:105B80005EF80C5C44F80C5C5EF8085C44F8085C59
:105B90005EF8045C44F8045C0EF1100EE64504F176
:105BA0001004E9D1013312F00C0F01EB031102F0E4
:105BB0000F0400EB031327D0043C24F003064FEA44
:105BC000940C1E441C1F8E465EF8045B44F8045F70
:105BD000B442F9D10CF1010402F0030203EB840397
:105BE00001EB840102F1FF3C4AB10CF1010C013BD5
:105BF0008C4411F8012B03F8012F6145F9D170BDD8
:105C000002F1FF3C03469BE72246EBE7704700BFEB
:105C1000704700BFF8B51446F9B1CAB106460D4643
:105C200000F03EF8A04202D32F463846F8BD214688
:105C30003046FFF79BFA07460028F6D02246294651
:105C4000FAF738FB30462946FFF72EFA3846F8BDFA
:105C50002746FFF729FA3846F8BDBDE8F840114657
:105C6000FFF784BA38B50C46084D844611462046E5
:105C70001A4600232B60644605F0E4FD431C00D067
:105C800038BD2B68002BFBD0236038BD30020020CC
:105C900008B5062000F0A2F8012005F0CDFD00BFF8
:105CA00051F8040C0028A0F10400BCBF0B58C01828
:105CB000704700BF38B5446C0CB1002038BD80215E
:105CC0000546FFF753FA0246686430B1031F7C3281
:105CD00043F8044F9342FBD1EFE74FF0FF3038BD5C
:105CE0001F29F8B5054608D8466C0C4617464EB134
:105CF00056F8240046F82470F8BD162303604FF0D0
:105D0000FF30F8BD8021FFF731FA0646686440B1E4
:105D1000031F00F17C05002143F8041F9D42FBD1C5
:105D2000E6E74FF0FF30F8BD1F2938B5054620D80B
:105D3000426C0C466AB152F8213053B1012B16D097
:105D4000591C10D00025204642F824509847284678
:105D500038BD284600F0F8F8224601462846BDE83E
:105D6000384000F0DBB816230360012038BD002066
:105D700038BD162303604FF0FF3038BD1F292AD8E5
:105D8000426C38B50C46054682B152F8243002EB1D
:105D900084024BB1591C19D0012B15D00025204687
:105DA00015609847284638BD012038BD8021FFF78F
:105DB000DDF90246686458B1031F00217C3043F8C6
:105DC000041F9842FBD1E0E7032038BD022038BD14
:105DD0004FF0FF3038BD4FF0FF30704738B5144BEF
:105DE0001F281D681FD86A6C044662B152F8203023
:105DF0004BB1012B15D0591C0FD0002542F8205073
:105E00009847284638BD284600F09EF822460146AD
:105E10002846BDE8384000F081B816232B600120E9
:105E200038BD002038BD16232B604FF0FF3038BD41
:105E300000000020124B1F2870B51E6808D80D46C0
:105E4000716C044649B151F8240041F8245070BDEA
:105E5000162333604FF0FF3070BD80213046FFF7CE
:105E600085F90146706440B1031F00F17C0C0022EB
:105E700043F8042F6345FBD1E5E74FF0FF3070BDD9
:105E80000000002038B50B4B1D686C6C0CB1002075
:105E900038BD80212846FFF769F9686438B1031FCF
:105EA00000F17C0243F8044F9342FBD1EFE74FF03F
:105EB000FF3038BD0000002038B5174B1F281D6883
:105EC00026D86A6C044682B152F8243002EB840270
:105ED0004BB1591C1AD0012B16D000252046156055
:105EE0009847284638BD012038BD80212846FFF755
:105EF0003DF90246686458B1031F00217C3043F825
:105F0000041F8342FBD1DFE7032038BD022038BDE8
:105F10004FF0FF3038BD00BF0000002070B50C46C8
:105F2000084D03460026204611461C462E6005F00B
:105F30007BFC431C00D070BD2B68002BFBD0236082
:105F400070BD00BF3002002005F06CBC53EC102B7C
:105F5000C3F30A5CACF2FF31132910B510EE100A3E
:105F60009E4622DC002909DB1F4C44FA01FC03EAAF
:105F70000C04204310D143EC102B10BD03F0004E55
:105F8000013104BF4EF07F5E4EF4401E0020734688
:105F9000024643EC102B10BD4FF4002343FA01F1ED
:105FA0008E442EEA0C0E0020F1E7332908DDB1F50E
:105FB000806FE0D1194601F041F941EC100B10BDA2
:105FC000ACF2134C4FF0FF3424FA0CFC12EA0C0F25
:105FD000D1D00123C1F1330103FA01F1401828BFE8
:105FE0009E4420EA0C00D2E7FFFF0F0010EE103AAB
:105FF000184A23F0004393421BDDB3F1FF4F02DB4D
:1060000030EE400A704700B583B0684600F088FA69
:1060100000F003000128DDED010A9DED000A0CD01F
:10602000022812D070B1012000F06CFF03B05DF8BF
:1060300004FBDFED090A00F0A9BB00F063FFB1EE3D
:10604000400AF3E700F0A2FBF0E700F09FFBB1EE9F
:10605000400AEBE7D80F493F0000000010EE102A7D
:10606000C2F3C7537F3B162B22F0004128DC002BE4
:1060700018DB1A4919410A4221D0DFED197A70EE76
:10608000277AF5EEC07AF1EE10FA18DD002A04DA6C
:106090004FF4000040FA03F31A4422EA010300EE31
:1060A000103A7047DFED0E7A70EE277AF5EEC07A7F
:1060B000F1EE10FA03DD002A08DB9FED0A0A7047B3
:1060C000B1F1FF4FFBD330EE000A7047FFEE007ACC
:1060D000002918BFB0EE670A704700BFFFFF7F00BE
:1060E000CAF249710000000008B52DED028BF0EEF8
:1060F000408AB0EE608A00F033F820B9B0EE480A6A
:10610000BDEC028B08BDB0EE480A00F029F820B1C2
:10611000F4EEC88AF1EE10FAF0DDB0EE680ABDECDC
:10612000028B08BD08B52DED028BF0EE408AB0EE73
:10613000608A00F015F820B9B0EE480ABDEC028B79
:1061400008BDB0EE480A00F00BF820B1F4EEC88AA2
:10615000F1EE10FAF0D5B0EE680ABDEC028B08BD86
:1061600010EE103A33F000400ED0A0F50003B3F16A
:10617000FE4F0DD3074B421E9A4207D9A0F1FF40B4
:10618000B0FA80F040097047022070470320704742
:1061900004207047FEFF7F0010EE103A194A23F0EA
:1061A000004393421CDDB3F1FF4F02DB30EE400AA7
:1061B000704700B583B0684600F0B2F900F0030004
:1061C0000128DDED010A9DED000A0ED0022813D052
:1061D00070B100F0DBFAB1EE400A03B05DF804FBE9
:1061E000DFED090A002000F08DBE00F0CFFAF4E7E1
:1061F000012000F087FEF0E7012000F083FEB1EE01
:10620000400AEAE7D80F493F0000000000F052B80A
:1062100008B52DED028BF0EE408AB0EE608A00F0FA
:10622000EFF80E4B93F9003001330BD0F4EE488AAF
:10623000F1EE10FA06D6DFED0A8AB4EE688AF1EEC6
:1062400010FA02D0BDEC028B08BDFAF709F888EE0F
:10625000A80ABDEC028B2123036008BDD4010020F5
:106260000000000008B52DED028BB0EE408A00F072
:1062700089FA0E4B93F9003001330BD0B4EE488A03
:10628000F1EE10FA06D6DFED0A8AB4EEE88AF1EEF6
:1062900010FA02D4BDEC028B08BDF9F7E1FF88EEDD
:1062A000A80ABDEC028B2123036008BDD4010020A5
:1062B0000000000010B582B0CDED010A019B23F073
:1062C0000042B2F1FF4FF0EE407A30DC10EE100ADF
:1062D00020F00041B1F1FF4F29DCB3F17E5F42D0E5
:1062E0009C1704F0020444EAD07431B37AB3B2F1DB
:1062F000FF4F40D0B1F1FF4F29D08A1AB2F1F45FBD
:106300004FEAE25134DA002B42DA3C3140DA9FEDB9
:10631000340A012C4ED0022C43D064B19FED317A67
:10632000DFED317A30EE070A30EE670A03E09DEDCB
:10633000017A37EE270A02B010BD022C10D09FED73
:106340002B0A032C18BFB0EE670A02B010BD9FEDF8
:10635000280ADFED287A0028B8BFB0EE670AEAE71E
:106360009FED210AE7E702B0BDE8104000F012BE41
:106370009FED1F0ACDE7B1F1FF4F04F1FF3420D0AC
:10638000022C26D81C4B03EB840494ED030AD2E7BD
:106390009DED017A87EE870A00F0D0FE00F0FAFD4D
:1063A000B7E79FED107ADFED107A30EE070A37EE8F
:1063B000C00AC0E710EE103A03F1004300EE103AB5
:1063C000B9E7022C08D80C4B03EB840494ED000AC7
:1063D000B1E79FED030AAEE79FED080AABE700BF08
:1063E000000000002EBDBB33DB0F4940DB0F49C06E
:1063F000DB0FC93FDB0FC9BF48190108DB0F493F5D
:1064000030B583B0CDED010A019D35F0004041D09B
:1064100010EE10EA2EF00043B3F1FF4F3ADAB0F17C
:10642000FF4F37DC83423BDB0EF000443AD01EF0D6
:10643000FF4F56D1190200296FF07D0204DD49009B
:10644000002902F1FF32FADC15F0FF4F57D10102AB
:106450006FF07D0C03D449000CF1FF3CFBD512F129
:106460007E0F47DBCEF3160343F400031CF17E0FCF
:106470003ADBC5F3160040F40000B2EB0C0204D185
:1064800017E00FD04B00013A13D0191A0029F8DA9F
:106490005B00F8E7DDED017A60EE277A87EEA70A68
:1064A00003B030BD1D4B03EB547393ED000A03B0F2
:1064B00030BD181A58BF03461BB9F3E75B000CF157
:1064C000FF3CB3F5000FF9DB1CF17E0F1CDBA3F5DD
:1064D00000030CF17F0C234343EACC5300EE103A47
:1064E000DEE7DA157F3AAFE76FF07D01A1EB0C0133
:1064F0008840C2E76FF07D01891A8B40B6E74FEA0A
:10650000E05CACF17F0CAAE76FF07D02A2EB0C0C13
:1065100043FA0CF3234300EE103AC1E76019010877
:1065200070B510EE103A894A23F00044944286B0C8
:10653000054670DD864A944210EE106A22DC002B7C
:10654000DFED847A844A24F00F04B0EE407A40F301
:10655000E480944270EE677A09BFDFED806A9FEDB8
:10656000807A9FED807A77EEE67A012077EEC76A2F
:1065700077EEE67AC5ED006A77EEC77AC5ED017A67
:1065800006B070BD784A944254DDB4F1FF4F49DA49
:10659000E215863AA4EBC25307EE903ABDEEE77AD5
:1065A000DFED726AB8EEC77A77EEC77A8DED037ABF
:1065B00067EEA67ABDEEE77AB8EEC77A77EEC77ACD
:1065C0008DED047A67EEA67AF5EE407AF1EE10FAD8
:1065D000CDED057A40F09080B5EE407AF1EE10FAFC
:1065E00014BF02230123624901910221009103A8F3
:1065F000294600F04DF9002EC2DA95ED007AD5ED6E
:10660000017AB1EE477AF1EE677A85ED007AC5ED51
:10661000017A4042B4E7002285ED000A4260002082
:1066200006B070BD70EE407A0020C5ED017AC5ED70
:10663000007AA5E700F082FD9FED4E7A9FED456A56
:10664000F6EE007AE0EE077A9FED457AFDEEE77A06
:1066500017EE900AF8EEE76A1F28A6EEC60A66EE65
:10666000877AB1EE666A1EDC434A411E24F0FF03BE
:1066700052F82120934216D030EE677A85ED007AE9
:1066800030EE470A002E30EE670A85ED010ABFF6AC
:1066900077AFB1EE477AB1EE400A85ED007A85ED2D
:1066A000010A40426CE730EE677AE21517EE103AC5
:1066B000C3F3C753C3EBD454082CDFDDDFED277AD7
:1066C0009FED287AF0EE405AE6EE275A30EE650A42
:1066D000A6EE270AF0EE407AD6EE877A35EEE77A14
:1066E00017EE103AC3F3C753D21A192A06DCB0EEDC
:1066F000650A85ED007AC3E7032374E79FED1F7AEF
:106700009FED1F5AB0EE650AA6EE070A75EEC07A35
:10671000E6EE077AD6EE857AAEE7944270EE277AF7
:1067200009BFDFED0E6A9FED0E7A9FED0E7A77EED0
:10673000A67A4FF0FF3077EE876A77EEE67AC5EDFE
:10674000006A77EE877AC5ED017A19E7D80F493FDD
:10675000E3CB1640800FC93FD00FC93F0044353707
:106760004344353708A3852E800F494300008043FA
:10677000E819010884F9223F6819010800A3852E51
:1067800032318D24B1EEC00A704700BF10EE103ACE
:1067900023F00043B3F1485F2CDAFDEEC07A17EE28
:1067A000903A002B60D020EE007ADFED317A9FED39
:1067B000315ADFED315A9FED316ADFED316AA7EED4
:1067C000275ADFED307AE7EE055AA7EE256AE7EEA5
:1067D000067AE7EE276A67EE266A60EEC00AF6EEF2
:1067E000007AE7EE260AB7EE000AD7EE270A30EE67
:1067F000600A704720EE007ADFED1D7A9FED1D5A8A
:10680000DFED1D5A9FED1D6ADFED1D6A1E4AA7EEE2
:10681000275A9342DFED1B7AE5EE075AA5EE876A09
:10682000E6EE077AE7EE876A66EE876AD5DD174AF5
:10683000934214DC03F17F4307EE903AB7EE006A0F
:1068400036EE676A60EEC00AF6EE005AD7EE257A99
:10685000E7EE260A77EEE00A36EE600A7047B6EEFB
:10686000076AF5EE027AEDE7B7EE000A704700BF5F
:106870004ED747ADF6740F317CF293B4010DD0378B
:10688000ABAA2A3D610BB6BA9999993E0000483FE0
:106890002DE9F04F2DED048BDBB01C4603930691E0
:1068A000A24B6899089253F82150111D824604F1B9
:1068B000FF38C0F2A382D31E48BF131DDB10029322
:1068C0000133DB000793DDE907239B1A0593029B45
:1068D00015EB0801A3EB080316D401319FED947A60
:1068E000699819441EAA002BA4BF50F8234007EE54
:1068F000904A03F10103ACBFF8EEE77AF0EE477A75
:106900008B42E2EC017AEED1002DC0F2E782039BCC
:106910001EAA02EB830446AE4FEA830C4046EF18F2
:106920000AEB8301B8F1000FDFED817A09DB224623
:106930005346F3EC016A32ED017A8B42E6EE877A38
:10694000F7D10130B842E6EC017A04F10404E9D150
:1069500009AB0AAF03EB850907EB8503083B9FED05
:10696000769ADFED748A059804930AEB0C0446AE20
:1069700000955AAB03EB8503002D13ED140A4FEA83
:10698000850B16DD06EB85033A4660EE097AB0EE1C
:10699000407AFDEEE77A73ED016AF8EEE77AB342EA
:1069A000A7EEE87A37EEA60ABDEEC77AA2EC017A26
:1069B000EBD1019000F0CAFBB0EE408AB4EE000AC1
:1069C00028EE000AFFF74AFBF2EE007AA0EE678A93
:1069D00001980028FDEEC89AF8EEE97A38EE678A49
:1069E00079DD05F1FF3EC0F1080357F82E1041FA9A
:1069F00003FC0CFA03F3CB1AC0F1070219EE901A4C
:106A000043FA02F26144002A47F82E3009EE901A48
:106A100069DCB5EE408AF1EE10FA40F0C080009BD0
:106A200005F1FF3B5B4510DC05F18043013B07EBC3
:106A300083030021944653F804294B4541EA02019F
:106A4000F9D16246002940F0F280009B013B57F8E3
:106A50002330002B40F0E780049B4FF0010C53F8EB
:106A600004290CF1010C002AF9D06B1CAC449E46A1
:106A7000039A5119029A02EB030B0BF1804B699AAE
:106A80000BF1FF3B06EB83051EAB02EB8B0B03EB1D
:106A90008101DBED017A9FED267AF8EEE77AB8F115
:106AA000000F0BF1040BC1ED007A0A4601F104015D
:106AB00009DB534601E072ED017AF3EC016AA3426F
:106AC000A6EEA77AF7D10EF1010EE645A5EC017A04
:106AD000DFDD65464DE740F09C806B1E57F82320B4
:106AE0001212002A95DD19EE903A002D03F10103F0
:106AF00009EE903A40F39881396800297FD1012D41
:106B000026D03B464FF0010C53F8041F00297AD0E1
:106B10000CF10103C1F580719D4247F82C1016DD80
:106B200057F82310BB4407EB83030AE0001D01085C
:106B300000000000000080430000803B0000C93FCF
:106B40001968C1F1FF0143F8041B5B45F8D101212D
:106B500000280CDD012800F04881022807D105F14A
:106B6000FF3C57F82C3003F03F0347F82C30022A43
:106B70007FF44FAFB7EE000A30EE488A00293FF4A9
:106B800048AF0992019000F0E1FA38EE408A099A84
:106B90000198B5EE408AF1EE10FA3FF440AF029250
:106BA000DDE90732B0EE480A981A0195009D00F021
:106BB000CDFA1FED207AB4EEC70AF1EE10FADDE946
:106BC0000132C0F259815FED247A059960EE277A8F
:106BD0000831FDEEE77A0591F8EEE77A03F1010B53
:106BE000A7EEC70AFDEEE77ABDEEC00A10EE101A56
:106BF00047F8231017EE903A47F82B302EE0012388
:106C00004FF0000C86E70CF1010CAC457FF47CAF33
:106C10009EE7F6EE007AB4EEE78AF1EE10FA80F223
:106C2000F2800022F5E66B1C9E469C4620E7059903
:106C3000A1F1080057F82B1005902B46009D69B96B
:106C400003F18043023B07EB8303014653F8040939
:106C50000BF1FF3B08390028F8D005910598009208
:106C6000B7EE000A00F072FABBF1000F009AC0F212
:106C700028814FEA8B0E46AB03EB0E060EF1040C97
:106C80001FED537A07EB0C03311D73ED017AF8EE1B
:106C9000E77ABB4267EE807A20EE070A61ED017A5F
:106CA000F3D1002D1FED5B6A4FF0000420DB934809
:106CB000DFED937AB0EE467A3146002303E09C4242
:106CC00008DBB0EC017AF1EC016A01339D42E6EE9B
:106CD000877AF4DA5AAB03EB8403A34543ED287AB1
:106CE000A6F1040604F1010305D0002D1C46DEDAEE
:106CF000DFED837AEEE7689902291CDC002900F3B6
:106D000095800FD132ABDFED7E7A9C443CED017A69
:106D1000634577EE877AF9D10AB1F1EE677A069B7F
:106D2000C3ED007A19EE903A03F007005BB0BDECBA
:106D3000048BBDE8F08F689B032BF3D1BBF1000FF0
:106D400000F0D4800EF5B4736B4432A913ED287AA9
:106D500001EB8B0373ED017AF0EE476A37EE277A89
:106D6000994277EEC77A83ED007A77EEA67AC3ED83
:106D7000017AEFD1BBF1010F40F3B8800BF1804BEA
:106D80000EF5B4730BF1FF3B0DEB030E4FEA8B0BCB
:106D90000BF104031EED287A0B4433A873ED017A3E
:106DA000F0EE476A37EE277A984277EEC77A83ED9E
:106DB000007A77EEA67AC3ED017AEFD10BF1080BDA
:106DC000DFED4F7A01EB0B03083133ED017A994285
:106DD00077EE877AF9D1002A56D10699329A339BF9
:106DE0000A604B60C1ED027A9CE705F1FF3C57F861
:106DF0002C3003F07F0347F82C30B8E608230793C4
:106E0000002302935FE519EE903A002D03F1010390
:106E100009EE903AC8BF02223FF76EAEF7EE007A55
:106E200037EEC88A0222F4E5002191E632A9DFEDAF
:106E3000347A01EB830333ED017A994277EE877A56
:106E4000F9D19DED327A8ABB069BBBF1000FC3EDF1
:106E5000007A77EE677A0BDD33A90123B1EC017A72
:106E600001339B4577EE877AF8DA0AB1F1EE677A5B
:106E7000069BC3ED017A55E7BDEEC00A9B4610EEB6
:106E8000101A47F82310E9E6DDED326A9DED337AFA
:106E9000069BF1EE666AB1EE477AF1EE677AC3EDD2
:106EA000006A83ED017AC3ED027A3BE7069BF1EEBF
:106EB000676ABBF1000F77EE677AC3ED006ACBDC3F
:106EC000D4E7689B022B0DDC002B14DC7FF42AAF87
:106ED000DFED0B7A002A3FF422AF1EE7039B4FEA57
:106EE000830C35E5689B032B7FF41CAFDFED047A40
:106EF000002AC9D171E7DFED027AA2E7101D01086F
:106F00000000000010EE103A23F00043B3F1485F98
:106F100004DAFDEEC07A17EE903A5BB360EE007AC9
:106F20009FED157ADFED155A9FED156ADFED156AB5
:106F3000E7EE875A9FED147AA5EEA76A20EE275A4E
:106F4000E6EE276AA6EEA77A30B9DFED106AE7EE23
:106F5000876AA6EE850A704727EE457AF6EE006A44
:106F6000A0EEA67ADFED0A6AD7EE270AE5EE260A3A
:106F700030EE600A704700BFD3C92E2F342FD7B22E
:106F80001BEF3836010D50B98988083CABAA2ABEE0
:106F9000ABAA2A3E38B510EE105A25F00044B4F1E1
:106FA000A14FF0EE407A0BDBB4F1FF4F58DCDFED80
:106FB000517A9FED510A002DC8BFB0EE670A38BD67
:106FC0004E4B9C425BDCB4F1445F4CDB4FF0FF3234
:106FD00067EEA76ADFED4A4ADFED4A5A9FED4A5A4B
:106FE0009FED4A4A26EEA67AB0EE666AE7EE245A8C
:106FF000531CDFED474ADFED476AA5EE875AE7EEFF
:10700000246ADFED455ADFED454AE6EE875AA5EEE4
:10701000074A9FED435ADFED436AA5EE875AE4EE37
:10702000074ADFED415AE4EE876AE5EE075A66EE5D
:10703000866A25EE877A37D03C4B03EB820376EEE7
:10704000876A93ED000A93ED047A96EEA70A002D65
:1070500070EE677A37EE670AB1DAB1EE400A38BDF2
:1070600030EE000A38BD9FED327A30EE077AF7EE47
:10707000006AB4EEE67AF1EE10FAA7DD38BD00F052
:107080005DF82C4B9C4216DCA3F5D0039C4227DC18
:10709000F0EE007ABFEE007AA0EE277A002230EE02
:1070A000270AC7EE007A93E776EE876AE6EEE77A7C
:1070B000B0EE670A38BD204B9C420BDCF7EE087A35
:1070C000B7EE007AA0EE277A022230EE670AC0EE11
:1070D000077A7DE7BFEE007AC7EE007A032277E7F2
:1070E000F7EE007A30EE677A30EE270A0122C7EE1B
:1070F000007A6DE7DB0FC93FDB0FC9BFFFFFDF3E43
:10710000D769853C59DA4B3D356B883D6E2EBA3DCB
:1071100021A215BD6BF16EBD95879DBD2549123E1F
:10712000388EE3BDABAAAA3ECDCC4CBE381D0108BB
:10713000CAF24971FFFF973FFFFF1B4010EE103A64
:1071400023F0004300EE103A704700BF82B08DED8F
:10715000010A019B33F000422AD0B2F1FF4F23D243
:1071600013F0FF4F28D19DED017ADFED2A7A2A4BEB
:1071700067EE277A9842CDED017A37DB019BC3F3A6
:10718000C752193A0244FE2A1ADD9FED240A9FEDE8
:10719000247A019B002BF0EE407AB8BFB0EE470A8C
:1071A00020EE270A02B0704730EE000A02B07047A6
:1071B0009DED010A02B07047D20D0244FE2AE4DCC4
:1071C000002A0BDC12F1160F17DA4CF250339842FA
:1071D000DBDC9FED140A9FED147ADAE723F0FF431E
:1071E00043EAC25300EE103A02B070479FED0D0A19
:1071F000DDED017A27EE800AD8E7193223F0FF434C
:1072000043EAC253DFED097A07EE103A27EE270A68
:10721000CCE700BF0000004CB03CFFFFCAF2497150
:10722000CAF249F16042A20D6042A28D0000003313
:1072300081F0004102E000BF83F0004330B54FEA27
:1072400041044FEA430594EA050F08BF90EA020F94
:107250001FBF54EA000C55EA020C7FEA645C7FEA27
:10726000655C00F0E2804FEA5454D4EB5555B8BF4A
:107270006D420CDD2C4480EA020281EA030382EABB
:10728000000083EA010180EA020281EA0303362D4D
:1072900088BF30BD11F0004F4FEA01314FF4801C20
:1072A0004CEA113102D0404261EB410113F0004F32
:1072B0004FEA03334CEA133302D0524263EB4303E9
:1072C00094EA050F00F0A780A4F10104D5F1200E87
:1072D0000DDB02FA0EFC22FA05F2801841F10001E2
:1072E00003FA0EF2801843FA05F359410EE0A5F1B6
:1072F00020050EF1200E012A03FA0EFC28BF4CF0E7
:10730000020C43FA05F3C01851EBE37101F000459C
:1073100007D54FF0000EDCF1000C7EEB00006EEBA9
:107320000101B1F5801F1BD3B1F5001F0CD3490833
:107330005FEA30004FEA3C0C04F101044FEA44528A
:1073400012F5800F80F09A80BCF1004F08BF5FEA11
:10735000500C50F1000041EB045141EA050130BDF1
:107360005FEA4C0C404141EB0101013C28BFB1F503
:10737000801FE9D291F0000F04BF01460020B1FA4E
:1073800081F308BF2033A3F10B03B3F120020CDA21
:107390000C3208DD02F1140CC2F10C0201FA0CF0FF
:1073A00021FA02F10CE002F11402D8BFC2F1200C64
:1073B00001FA02F120FA0CFCDCBF41EA0C0190401A
:1073C000E41AA2BF01EB0451294330BD6FEA040463
:1073D0001F3C1CDA0C340EDC04F11404C4F120024E
:1073E00020FA04F001FA02F340EA030021FA04F360
:1073F00045EA030130BDC4F10C04C4F1200220FAB7
:1074000002F001FA04F340EA0300294630BD21FAF4
:1074100004F0294630BD94F0000F83F4801306BFBA
:1074200081F480110134013D4EE77FEA645C18BFAE
:107430007FEA655C29D094EA050F08BF90EA020F45
:1074400005D054EA000C04BF1946104630BD91EA3D
:10745000030F1EBF0021002030BD5FEA545C05D140
:107460004000494128BF41F0004130BD14F580047F
:107470003CBF01F5801130BD01F0004545F0FE41F3
:1074800041F470014FF0000030BD7FEA645C1ABF28
:10749000194610467FEA655C1CBF0B46024650EA5F
:1074A000013406BF52EA033591EA030F41F400218B
:1074B00030BD00BF90F0000F04BF0021704730B511
:1074C0004FF4806404F132044FF000054FF00001E6
:1074D00050E700BF90F0000F04BF0021704730B5A7
:1074E0004FF4806404F1320410F0004548BF40427C
:1074F0004FF000013EE700BF42004FEAE2014FEAD1
:1075000031014FEA02701FBF12F07F4393F07F4FAB
:1075100081F06051704732F07F4208BF704793F0AE
:107520007F4F04BF41F40021704730B54FF46074C1
:1075300001F0004521F000411CE700BF50EA0102C4
:1075400008BF704730B54FF000050AE050EA01026D
:1075500008BF704730B511F0004502D5404261EBDD
:1075600041014FF4806404F132045FEA915C3FF41E
:10757000D8AE4FF003025FEADC0C18BF03325FEABB
:10758000DC0C18BF033202EBDC02C2F1200300FA6C
:1075900003FC20FA02F001FA03FE40EA0E0021FA91
:1075A00002F11444BDE600BF70B54FF0FF0C4CF47F
:1075B000E06C1CEA11541DBF1CEA135594EA0C0F31
:1075C00095EA0C0F00F0DEF82C4481EA030621EA6C
:1075D0004C5123EA4C5350EA013518BF52EA0335A7
:1075E00041F4801143F4801338D0A0FB02CE4FF059
:1075F0000005E1FB02E506F00042E0FB03E54FF089
:107600000006E1FB03569CF0000F18BF4EF0010E80
:10761000A4F1FF04B6F5007F64F5407404D25FEA7C
:107620004E0E6D4146EB060642EAC62141EA55512F
:107630004FEAC52040EA5E504FEACE2EB4F1FD0C71
:1076400088BFBCF5E06F1ED8BEF1004F08BF5FEAEF
:10765000500E50F1000041EB045170BD06F00046A1
:1076600046EA010140EA020081EA0301B4EB5C044E
:10767000C2BFD4EB0C0541EA045170BD41F4801146
:107680004FF0000E013C00F3AB8014F1360FDEBF6B
:10769000002001F0004170BDC4F10004203C35DA47
:1076A0000C341BDC04F11404C4F1200500FA05F3CA
:1076B00020FA04F001FA05F240EA020001F000426B
:1076C00021F0004110EBD37021FA04F642EB0601E1
:1076D0005EEA430E08BF20EAD37070BDC4F10C040B
:1076E000C4F1200500FA04F320FA05F001FA04F2CF
:1076F00040EA020001F0004110EBD37041F10001BB
:107700005EEA430E08BF20EAD37070BDC4F12005C5
:1077100000FA05F24EEA020E20FA04F301FA05F22D
:1077200043EA020321FA04F001F0004121FA04F2D5
:1077300020EA020000EBD3705EEA430E08BF20EAA5
:10774000D37070BD94F0000F0FD101F000464000DF
:1077500041EB010111F4801F08BF013CF7D041EA61
:10776000060195F0000F18BF704703F00046520065
:1077700043EB030313F4801F08BF013DF7D043EA36
:107780000603704794EA0C0F0CEA135518BF95EAEC
:107790000C0F0CD050EA410618BF52EA4306D1D173
:1077A00081EA030101F000414FF0000070BD50EA92
:1077B000410606BF1046194652EA430619D094EA1C
:1077C0000C0F02D150EA013613D195EA0C0F05D106
:1077D00052EA03361CBF104619460AD181EA03015A
:1077E00001F0004141F0FE4141F470014FF0000012
:1077F00070BD41F0FE4141F4780170BD70B54FF0AD
:10780000FF0C4CF4E06C1CEA11541DBF1CEA13552C
:1078100094EA0C0F95EA0C0F00F0A7F8A4EB05040E
:1078200081EA030E52EA03354FEA013100F0888005
:107830004FEA03334FF0805545EA131343EA1263CE
:107840004FEA022245EA111545EA10654FEA002683
:107850000EF000419D4208BF964244F1FD0404F53C
:10786000407402D25B084FEA3202B61A65EB030598
:107870005B084FEA32024FF480104FF4002CB6EB55
:10788000020E75EB030E22BFB61A754640EA0C00D5
:107890005B084FEA3202B6EB020E75EB030E22BF15
:1078A000B61A754640EA5C005B084FEA3202B6EB56
:1078B000020E75EB030E22BFB61A754640EA9C0015
:1078C0005B084FEA3202B6EB020E75EB030E22BFE5
:1078D000B61A754640EADC0055EA060E18D04FEAA3
:1078E000051545EA16754FEA06164FEAC30343EA43
:1078F00052734FEAC2025FEA1C1CC0D111F4801F10
:107900000BD141EA00014FF000004FF0004CB6E708
:1079100011F4801F04BF01430020B4F1FD0C88BFA7
:10792000BCF5E06F3FF6AFAEB5EB030C04BFB6EBB2
:10793000020C5FEA500C50F1000041EB045170BDA5
:107940000EF0004E4EEA113114EB5C04C2BFD4EBD2
:107950000C0541EA045170BD41F480114FF0000E56
:10796000013C90E645EA060E8DE60CEA135594EAD2
:107970000C0F08BF95EA0C0F3FF43BAF94EA0C0FD5
:107980000AD150EA01347FF434AF95EA0C0F7FF44A
:1079900025AF104619462CE795EA0C0F06D152EA9E
:1079A00003353FF4FDAE1046194622E750EA410682
:1079B00018BF52EA43067FF4C5AE50EA41047FF493
:1079C0000DAF52EA43057FF4EBAE12E74FF0FF3CF8
:1079D00006E000BF4FF0010C02E000BF4FF0010CC9
:1079E0004DF804CD4FEA410C7FEA6C5C4FEA430C42
:1079F00018BF7FEA6C5C1BD001B050EA410C0CBF91
:107A000052EA430C91EA030F02BF90EA020F0020F2
:107A1000704710F1000F91EA030F58BF994208BF59
:107A200090422CBFD8176FEAE37040F00100704716
:107A30004FEA410C7FEA6C5C02D150EA013C07D16D
:107A40004FEA430C7FEA6C5CD6D152EA033CD3D0B8
:107A50005DF8040B704700BF8446104662468C46B2
:107A60001946634600E000BF01B5FFF7B7FF0028E5
:107A700048BF10F1000F01BD4DF808EDFFF7F4FF0E
:107A80000CBF012000205DF808FB00BF4DF808ED99
:107A9000FFF7EAFF34BF012000205DF808FB00BFBC
:107AA0004DF808EDFFF7E0FF94BF012000205DF8DE
:107AB00008FB00BF4DF808EDFFF7CEFF94BF012093
:107AC00000205DF808FB00BF4DF808EDFFF7C4FF8C
:107AD00034BF012000205DF808FB00BF4FEA410CD5
:107AE0007FEA6C5C02D150EA013C0AD14FEA430CB8
:107AF0007FEA6C5C02D152EA033C02D14FF00000F5
:107B000070474FF0010070474FEA410212F5001232
:107B100015D211D56FF47873B3EB625212D94FEAD4
:107B2000C12343F0004343EA505311F0004F23FABE
:107B300002F018BF404270474FF00000704750EA13
:107B4000013005D111F0004008BF6FF000407047D0
:107B50004FF00000704700BF4A0011D212F500122A
:107B600011D20DD56FF47873B3EB62520ED44FEA95
:107B7000C12343F0004343EA505323FA02F0704715
:107B80004FF00000704750EA013002D14FF0FF3053
:107B900070474FF0000070474FEA4102B2F1E043F6
:107BA00024BFB3F5001CDCF1FE5C0DD901F0004CE4
:107BB0004FEAC0024CEA5070B2F1004F40EB830034
:107BC00008BF20F00100704711F0804F21D113F160
:107BD0003872BCBF01F00040704741F480114FEA99
:107BE0005252C2F11802C2F1200C10FA0CF320FA22
:107BF00002F018BF40F001004FEAC1234FEAD3233F
:107C000003FA0CFC40EA0C0023FA02F34FEA4303A8
:107C1000CCE77FEA625307D150EA01331EBF4FF031
:107C2000FE4040F44000704701F0004040F0FE404C
:107C300040F40000704700BF53B94AB9002908BF9B
:107C400000281CBF4FF0FF314FF0FF3000F0AAB901
:107C5000ADF1080C6DE904CE00F03CF8DDF804E06D
:107C6000DDE9022304B0704738B500220023044642
:107C70000D46FFF70BFF28B920462946BDE83840DE
:107C800000F00AB8204605F1004100F005F8404236
:107C900061EB410138BD00BFD0B50C4B0022064658
:107CA0000F46FFF781FCFFF757FF0446FFF702FC82
:107CB000074B0022FFF778FC02460B463046394658
:107CC000FFF7BAFAFFF748FF2146D0BD0000F03DAC
:107CD0000000F0412DE9F047089D04468E46002B38
:107CE0004DD18A42944669D9B2FA82F252B101FA70
:107CF00002F3C2F1200120FA01F10CFA02FC41EA80
:107D0000030E94404FEA1C48210CBEFBF8F61FFA04
:107D10008CF708FB16E341EA034306FB07F199429F
:107D20000AD91CEB030306F1FF3080F01F81994252
:107D300040F21C81023E63445B1AA4B2B3FBF8F02C
:107D400008FB103344EA034400FB07F7A7420AD9B3
:107D50001CEB040400F1FF3380F00A81A74240F2DB
:107D600007816444023840EA0640E41B00261DB146
:107D7000D4400023C5E900433146BDE8F0878B427B
:107D800009D9002D00F0EF800026C5E9000130463A
:107D90003146BDE8F087B3FA83F6002E4AD18B4214
:107DA00002D3824200F2F980841A61EB03030120BE
:107DB0009E46002DE0D0C5E9004EDDE702B9FFDEAA
:107DC000B2FA82F2002A40F09280A1EB0C014FEA55
:107DD0001C471FFA8CFE0126200CB1FBF7F307FBB2
:107DE000131140EA01410EFB03F0884208D91CEB55
:107DF000010103F1FF3802D2884200F2CB804346F2
:107E0000091AA4B2B1FBF7F007FB101144EA0144D0
:107E10000EFB00FEA64508D91CEB040400F1FF315F
:107E200002D2A64500F2BB800846A4EB0E0440EA4D
:107E300003409CE7C6F12007B34022FA07FC4CEA56
:107E4000030C20FA07F401FA06F31C43F9404FEA49
:107E50001C4900FA06F3B1FBF9F8200C1FFA8CFE5E
:107E600009FB181140EA014108FB0EF0884202FAB2
:107E700006F20BD91CEB010108F1FF3A80F0888073
:107E8000884240F28580A8F102086144091AA4B230
:107E9000B1FBF9F009FB101144EA014100FB0EFEB1
:107EA0008E4508D91CEB010100F1FF346CD28E45E0
:107EB0006AD90238614440EA0840A0FB0294A1EB71
:107EC0000E01A142C846A64656D353D05DB1B3EBCE
:107ED000080261EB0E0101FA07F722FA06F3F140FE
:107EE0001F43C5E9007100263146BDE8F087C2F1A5
:107EF0002003D8400CFA02FC21FA03F3914001431D
:107F00004FEA1C471FFA8CFEB3FBF7F007FB103655
:107F10000B0C43EA064300FB0EF69E4204FA02F401
:107F200008D91CEB030300F1FF382FD29E422DD954
:107F3000023863449B1B89B2B3FBF7F607FB163389
:107F400041EA034106FB0EF38B4208D91CEB010109
:107F500006F1FF3816D28B4214D9023E6144C91A89
:107F600046EA004638E72E46284605E70646E3E699
:107F70001846F8E64B45A9D2B9EB020864EB0C0EA3
:107F80000138A3E74646EAE7204694E74046D1E7B2
:107F9000D0467BE7023B614432E7304609E7644460
:107FA000023842E7704700BF84B000220092154BB0
:107FB000196B41F080011963196B01F08001009188
:107FC00000990192196B41F001011963196B01F0DD
:107FD0000101019101990292196B41F004011963A9
:107FE000196B01F004010291029903921A6B42F09D
:107FF00002021A631B6B03F002030393039B04B09A
:10800000704700BF0038024000B583B000210091E6
:10801000234B1A6B42F480021A631A6B02F480023B
:108020000092009A01911A6B42F400121A631B6BC2
:1080300003F400130193019B042207210E2001F099
:108040003FFE0E2001F074FE052207210F2001F0F3
:1080500037FE0F2001F06CFE06220721382001F0C8
:108060002FFE382001F064FE072211463B2001F06C
:1080700027FE3B2001F05CFE082207213A2001F098
:108080001FFE3A2001F054FE09220721462001F08C
:1080900017FE462001F04CFE03B05DF804FB00BF64
:1080A0000038024008B54FF47A7004F043FF1D4BCE
:1080B000DB6E13F4806F02D01B4B02225A704FF418
:1080C000FA6004F037FF1DE01848F8F7D1FF1EE012
:1080D000174BD3F8A800FFF70FFA02460B461548D6
:1080E000F8F73EFF18E00F4C204605F027FAE36E44
:1080F00023F00203E3661048F8F7BAFF4FF47A70F2
:1081000004F018FF0D4B93F82C30002BDCD0054BFE
:10811000DB6E13F0010FDBD1024BDB6E13F0020FAD
:10812000E1D1EBE728050020F8150020581D0108D3
:10813000AC0200208C1D0108B01D0108C05F0020AA
:1081400000B585B0344B012283F84C2283F84D22D0
:10815000002301930293039340F6B83004F0EAFE43
:1081600031E005F023FF05F075FF2C4B93F82C3020
:108170003BB92B48F8F77CFF1B212A4808F07AFC12
:108180001EE0254C204605F0CDFD204607F0F4F911
:10819000204607F037F907F07BF8B4F84C2240F29C
:1081A00001139A420CD12048F8F762FF1B211D48A9
:1081B00008F060FC04E007F09FFB092004F0BAFE21
:1081C000012004F0B7FE174B1B78013B042BF7D8B6
:1081D00001A252F823F000BF63810008FB81000870
:1081E000C1810008B7810008ED81000805F032FF69
:1081F0001B210C4808F03EFCE2E7074AB2F84E3279
:1082000001339BB2A2F84E3247F230529342D7D993
:10821000014BA3F84E22D3E7AC020020C05F002040
:10822000581D0108F8150020D01D010870B52DED6E
:10823000028B82B0664D674BC5F8483205F1DC060B
:10824000304608F0A5FD9FED648AB0EE480A30463E
:1082500008F0BCFD614C94ED010A304608F09EFD2B
:1082600094ED020A304608F0A1FD94ED070AF1EE04
:10827000400A304608F0B2FD94ED040A304608F09A
:10828000B2FD05F58876304608F082FDB0EE480A6A
:10829000304608F09BFD94ED050A304608F07EFD5F
:1082A00094ED060A304608F081FD94ED070AF1EEE0
:1082B000400A304608F092FD94ED080A304608F076
:1082C00092FD05F5A276304608F062FDDFED448AA6
:1082D000B0EE680A304608F079FD94ED0C0A30469D
:1082E00008F05CFD94ED0D0A304608F05FFD9FED4F
:1082F0003D0A304608F062FD9FED3B8AB0EE480A29
:10830000304608F073FDB2EE040A304608F088FDEE
:1083100094ED0F0AF1EE400A304608F05FFD94ED4F
:10832000100A304608F05FFD05F5BC76304608F0CF
:108330002FFDB0EE680A304608F048FD94ED110AB2
:10834000304608F02BFD94ED120A304608F02EFD61
:1083500094ED130A304608F031FDB3EE040A3046BE
:1083600008F044FDB0EE480A304608F059FD94ED9F
:10837000140AF1EE400A304608F030FD94ED150A7B
:10838000304608F030FDAB680093184B184A194985
:10839000284606F077FA94ED0A0A284606F0D4FA41
:1083A000DFED158A9FED158AF0EE680AB0EE480AF7
:1083B00005F5F47009F026F8F0EE680AB0EE480A08
:1083C00005F5037009F01EF802B0BDEC028B70BD1C
:1083D000AC020020F45F0020ACC52738280500203F
:1083E00017B7D13917B7D1380000C842340001405F
:1083F000380001403C0001400050C34600004843A3
:10840000024A136923F0010313617047000400401E
:1084100008B50368054A934204D002F578429342B6
:1084200000D008BD024806F097FBFAE7003800408C
:10843000AC0200200268154B9A4200D0704730B55C
:1084400083B00446124B03F10802002101F0C9FE7B
:1084500008B103B030BD0F4A0023A2F84E320E4DD2
:108460000E49284608F0E6FE01AB2A4605F1080150
:10847000204601F01BFE20B90949054808F0B4FE6A
:10848000E7E70721204601F086FEF5E7006400409B
:1084900040020020AC0200208C02002014050020C5
:1084A000FC04002008B50D4B1B6813F0040F13D01B
:1084B0000A4A136823F004031360094B1B782BB19D
:1084C000074B00221A700748436E9847064806F08B
:1084D000EFF9064808F090F808BD00BF0020014001
:1084E000BC5F0020C05F0020AC020020F815002017
:1084F00008B50268034B9A4200D008BD01F040FC69
:10850000FBE700BF0048014072B6FEE700B595B03A
:108510003022002108A8F7F767FF00230393049394
:108520000593069307930193204A116C41F0805103
:108530001164126C02F080520192019A02931C4B5A
:108540001A6842F480421A601B6803F48043029365
:10855000029B012308934FF48033099302220E9269
:108560004FF480030F9304231093A82111911292CA
:10857000139308A800F006FB98B90F230393022376
:108580000493002305934FF4A05306934FF48053B4
:108590000793052103A800F05BFD20B915B05DF835
:1085A00004FBFFF7B1FFFFF7AFFF00BF0038024049
:1085B0000070004008B501F0C9FBFFF7A7FFFFF707
:1085C000F3FCFFF721FD08F033FC08F053FC08F042
:1085D0005BFE08F077FD05F0BDF905F0E9F805F060
:1085E00093F905F07DF9284D284605F083F805F04C
:1085F00021FF264E304605F081FCFFF717FE05F0FF
:10860000B9FC05F06FFD224808F0CAFD214808F0CA
:10861000E5FD214C204601F01BFD0221204601F022
:1086200095FE01221D491E4803F0BBF81D4805F0C8
:1086300051F91D4805F04EF91C4805F04BF995F825
:10864000683086F844321A4B14221A7000245C7089
:10865000DC70EB6E23F01703EB66304605F00CFB85
:1086600004F0DCFB134A2146134804F005FC134BCD
:108670001860134A2146134804F0FEFB124B1860A1
:1086800004F0DEFBFEE700BF28050020AC0200205E
:10869000400200208C0200208CFA00203C020020C6
:1086A00074FB002000440140000400400000014031
:1086B000F8150020081E010841810008340200203E
:1086C0002C1E0108A580000838020020FEE7FEE706
:1086D000FEE7FEE7FEE7704708B5024800F00CF938
:1086E00008BD00BF0816002008B5024801F0E6F9F1
:1086F00008BD00BF14FB002008B5024801F0DEF9F8
:1087000008BD00BFB4FA002008B5024801F0D6F950
:1087100008BD00BF1CF9002008B5024801F0CEF9E1
:1087200008BD00BF7CF9002008B5024802F000FB3C
:1087300008BD00BFDCF9002008B5024802F0F8FAD5
:1087400008BD00BF34FA002008B5024802F0BCFEA4
:1087500008BD00BF74FB002008B5024801F0AEF967
:1087600008BD00BF5CF8002008B5024801F0A6F97A
:1087700008BD00BFBCF8002008B5024801F004FEA7
:1087800008BD00BF8CFA002000B583B00022009223
:108790000D4B596C41F480415964596C01F480418E
:1087A000009100990192196C41F0805119641B6C81
:1087B00003F080530193019B0F216FF0010001F042
:1087C0007FFA03B05DF804FB0038024030B589B091
:1087D0000546002401941E4B5A6C42F480225A64D0
:1087E0005B6C03F480230193019B02A903A800F0B2
:1087F00005FD00F0F3FC43001648A0FB03239B0C8F
:10880000013B1548154A026040F2E732C2604360FE
:1088100004618460846100F087F9044610B1204649
:1088200009B030BD0C4800F01FF804460028F6D10E
:108830001A2001F07DFA0F2D01D90124EFE7002263
:1088400029461A2001F03CFA054B1D60E7E700BFFE
:108850000038024083DE1B43081600200048014018
:10886000FC0100207047000090F83D30DBB2012B86
:1088700037D1022380F83D300268D36843F001030A
:10888000D3600368194A934220D0B3F1804F1DD0C2
:10889000A2F57C42934219D002F58062934215D032
:1088A00002F58062934211D002F5784293420DD0D6
:1088B00002F57052934209D0A2F59432934205D04A
:1088C0001A6842F001021A60002070479A6802F0AC
:1088D0000702062A07D01A6842F001021A60002037
:1088E0007047012070470020704700BF0000014022
:1088F000704770477047704770B504460368DE687C
:108900001D6915F0020F10D016F0020F0DD06FF098
:1089100002021A610123037703689B6913F0030FB6
:108920005ED0FFF7E6FF0023237715F0040F12D087
:1089300016F0040F0FD023686FF004021A610223AF
:10894000237723689B6913F4407F4FD02046FFF7BD
:10895000D0FF0023237715F0080F12D016F0080F70
:108960000FD023686FF008021A610423237723686D
:10897000DB6913F0030F40D02046FFF7BAFF002356
:10898000237715F0100F12D016F0100F0FD02368B8
:108990006FF010021A61082323772368DB6913F450
:1089A000407F31D02046FFF7A4FF0023237715F046
:1089B000010F02D016F0010F2DD115F0800F02D05B
:1089C00016F0800F2FD115F0400F02D016F0400F97
:1089D00031D115F0200F02D016F0200F33D170BD29
:1089E000FFF786FF2046FFF785FF9CE72046FFF74D
:1089F0007FFF2046FFF77EFFABE72046FFF778FFBB
:108A00002046FFF777FFBAE72046FFF771FF2046C1
:108A1000FFF770FFC9E723686FF001021A61204673
:108A2000FFF766FDC9E723686FF080021A612046F0
:108A300000F0A7F8C7E723686FF040021A612046EC
:108A4000FFF759FFC5E723686FF020021A6120463F
:108A500000F096F8C3E700000368324A904212D053
:108A6000B0F1804F0FD0A2F57C4290420BD002F5BE
:108A70008062904207D002F58062904203D002F5F6
:108A80007842904203D123F070034A681343254A89
:108A900090422AD0B0F1804F27D0A2F57C4290427C
:108AA00023D002F5806290421FD002F5806290428E
:108AB0001BD002F57842904217D002F570529042D6
:108AC00013D002F5806290420FD002F5806290428E
:108AD0000BD0A2F59832904207D002F58062904206
:108AE00003D002F58062904203D123F44073CA6838
:108AF000134323F080034A6913438A68C2620A68F9
:108B00008262084A904203D002F58062904201D10D
:108B10000A690263026842F00402026001224261B3
:108B2000036070470000014040B310B5044690F860
:108B30003D30F3B1022384F83D30214651F8040B57
:108B4000FFF78AFF012384F8463084F83E3084F82A
:108B50003F3084F8403084F8413084F8423084F863
:108B6000433084F8443084F8453084F83D300020A8
:108B700010BD80F83C30FFF775FEDBE70120704741
:108B800070477047002800F0E08170B582B004465D
:108B9000036813F0010F3BD09F4B9B6803F00C035D
:108BA000042B2CD09C4B9B6803F00C03082B21D08A
:108BB0006368B3F5803F4FD0B3F5A02F52D0964BEA
:108BC0001A6822F480321A601A6822F480221A602D
:108BD0006368002B50D001F0DFF805468E4B1B6810
:108BE00013F4003F14D101F0D7F8401B6428F5D9E5
:108BF0000320B1E1884B5B6813F4800FD8D0864B1B
:108C00001B6813F4003F03D06368002B00F09F81C2
:108C1000236813F0020F54D07F4B9B6813F00C0FA6
:108C20003ED07D4B9B6803F00C03082B33D0E368E8
:108C3000002B68D0794B01221A6001F0ADF805468F
:108C4000754B1B6813F0020F54D101F0A5F8401BBF
:108C50000228F5D903207FE16F4A136843F480337B
:108C60001360B5E76C4B1A6842F480221A601A68E8
:108C700042F480321A60ABE701F08EF80546664B8D
:108C80001B6813F4003FC3D001F086F8401B642832
:108C9000F5D9032060E1604B5B6813F4800FC6D107
:108CA0005D4B1B6813F0020F03D0E368012B40F00B
:108CB0005081594A136823F0F803216943EAC1033C
:108CC0001360236813F0080F42D063696BB3534BF2
:108CD0000122C3F8802E01F05FF805464E4B5B6F12
:108CE00013F0020F34D101F057F8401B0228F5D9D8
:108CF000032031E1484A136823F0F803216943EA6D
:108D0000C1031360DDE7454B00221A6001F044F80F
:108D10000546414B1B6813F0020FD2D001F03CF81E
:108D2000401B0228F5D9032016E13C4B0022C3F872
:108D3000802E01F031F80546374B5B6F13F0020FC0
:108D400006D001F029F8401B0228F5D9032003E1E1
:108D5000236813F0040F77D02F4B1B6C13F0805F48
:108D600033D1002301932C4B1A6C42F080521A64C9
:108D70001B6C03F080530193019B0125284B1B685A
:108D800013F4807F23D0A368012B34D0052B38D077
:108D9000214B1A6F22F001021A671A6F22F00402A7
:108DA0001A67A368002B3DD000F0F6FF06461A4B69
:108DB0001B6F13F0020F46D100F0EEFF801B41F253
:108DC00088339842F3D90320C6E00025D6E7144A39
:108DD000136843F48073136000F0DEFF0646104B07
:108DE0001B6813F4807FCED100F0D6FF801B0228D1
:108DF000F5D90320B0E0084A136F43F0010313676D
:108E0000CFE7054B1A6F42F004021A671A6F42F05F
:108E100001021A67C5E700BF003802400000474260
:108E20000070004000F0B8FF0646524B1B6F13F075
:108E3000020F08D000F0B0FF801B41F28833984247
:108E4000F3D9032088E0EDB9A369002B00F08380FB
:108E5000484A926802F00C02082A51D0022B17D01F
:108E6000454B00221A6600F097FF0446414B1B68F1
:108E700013F0007F42D000F08FFF001B0228F5D9CD
:108E8000032069E03B4A136C23F080531364DBE753
:108E9000394B00221A6600F07FFF0546354B1B68F0
:108EA00013F0007F06D000F077FF401B0228F5D9B1
:108EB000032051E0E369226A1343626A43EA8213A2
:108EC000A26A5208013A43EA0243E26A43EA0263B1
:108ED000284A5360284B01221A6600F05DFF0446C1
:108EE000244B1B6813F0007F06D100F055FF001BD8
:108EF0000228F5D903202FE000202DE000202BE0F0
:108F0000012B2BD01B4B5B6803F48001E26991427B
:108F100026D103F03F02216A8A4223D1616A47F6D3
:108F2000C0721A40B2EB811F1ED103F44031A26A15
:108F30005208013AB1EB024F18D103F07063E26AB4
:108F4000B3EB026F14D1002006E00120704701202E
:108F500002E0012000E0002002B070BD0120FBE72C
:108F60000120F9E70120F7E70120F5E70120F3E709
:108F70000120F1E7003802400000474208B5314BBC
:108F80009B6803F00C03042B57D0082B57D12D4BB3
:108F90005A6802F03F025B6813F4800F2AD0294B15
:108FA0005968C1F3881C4FEA4C11B1EB0C006EEB11
:108FB0000E0E4FEA8E1343EA90638101091A63EBA8
:108FC0000E03DB0043EA5173C90011EB0C0C43F1B3
:108FD0000003590200234FEA4C2041EADC51FEF71E
:108FE0002BFE184B5B68C3F3014301335B00B0FBFE
:108FF000F3F025E0134B5968C1F3881C4FEA4C117C
:10900000B1EB0C006EEB0E0E4FEA8E1343EA906349
:109010008101091A63EB0E03DB0043EA5173C900B7
:1090200011EB0C0C43F10003990200234FEA8C2052
:1090300041EA9C51FEF700FED3E7034800E00348F5
:1090400008BD00BF0038024000127A000024F4007E
:10905000002800F09B8070B50D4604464F4B1B68FE
:1090600003F007038B4208D2CBB24C4A137013684B
:1090700003F007038B4240F08B80236813F0020F4C
:1090800017D013F0040F04D0454A936843F4E0531B
:109090009360236813F0080F04D0414A936843F4A7
:1090A000604393603E4A936823F0F003A1680B434A
:1090B0009360236813F0010F32D06368012B21D035
:1090C0009A1E012A25D9364A126812F0020F61D081
:1090D00033498A6822F0030213438B6000F05CFE80
:1090E00006462F4B9B6803F00C036268B3EB820FBC
:1090F00016D000F051FE801B41F288339842F0D91F
:10910000032042E0264A126812F4003FE0D1012019
:109110003BE0234A126812F0007FD9D1012034E0ED
:109120001E4B1B6803F00703AB4207D9EAB21B4B87
:109130001A701B6803F00703AB422DD1236813F0AC
:10914000040F06D0164A936823F4E053E1680B43FA
:109150009360236813F0080F07D0114A936823F433
:109160006043216943EAC1039360FFF707FF0C4B9B
:109170009B68C3F303130B4AD35CD8400A4B1860B7
:109180000A4B1868FFF722FB002070BD01207047D2
:109190000120FAE70120F8E70120F6E7003C024051
:1091A00000380240581E010800020020FC01002087
:1091B000014B1868704700BF0002002008B5FFF798
:1091C000F7FF044B9B68C3F38223034AD35CD84068
:1091D00008BD00BF00380240681E010808B5FFF74F
:1091E000E7FF044B9B68C3F34233034AD35CD84088
:1091F00008BD00BF00380240681E01080F2303604D
:109200000B4B9A6802F0030242609A6802F0F00287
:1092100082609A6802F4E052C2609B68DB0803F443
:10922000E0530361034B1B6803F007030B607047B7
:1092300000380240003C024010B40A490C6924F492
:1092400040740C610C6944F440740C610C6944F086
:1092500001040C610260BFF36F8F43605DF8044B43
:10926000704700BF003C0240074B1A6922F440726D
:109270001A611A6942F400721A611A6942F0010215
:109280001A610160704700BF003C0240074B1A6939
:1092900022F440721A611A6942F480721A611A69E2
:1092A00042F001021A610180704700BF003C024099
:1092B000064B1A6922F440721A611A691A611A6916
:1092C00042F001021A610170704700BF003C024089
:1092D000204BDB6813F0100F07D01F4AD36943F00F
:1092E0001003D3611B4B1022DA601A4BDB6813F0BA
:1092F000200F07D0184AD36943F00803D361154BF8
:109300002022DA60134BDB6813F0400F07D0124ABB
:10931000D36943F00403D3610E4B4022DA600D4B56
:10932000DB6813F0800F07D00B4AD36943F00203C8
:10933000D361084B8022DA60064BDB6813F0020F22
:1093400007D0054AD36943F02003D361014B0222C1
:10935000DA607047003C0240D8010020094B1B69CD
:10936000002B01DB00207047064B074A5A6002F1D0
:1093700088325A601B69002B01DB002070470120F6
:10938000704700BF003C024023016745034A136950
:1093900043F0004313610020704700BF003C0240CF
:1093A00038B50446144B0022DA6100F0F5FC05469E
:1093B000124BDB6813F4803F0AD0B4F1FF3FF7D0C3
:1093C00024B100F0E9FC401BA042F1D903200DE0DC
:1093D0000A4BDB6813F0010F02D0084B0122DA6060
:1093E000064BDB6813F0F20F01D1002038BDFFF708
:1093F0006FFF0120FAE700BFD8010020003C0240C7
:10940000F8B516461B4A127E012A30D004460D4696
:109410001F46184B01221A764CF25030FFF7C0FF5E
:1094200090B9ACB1012C18D0022C1BD032463B466F
:109430002846FFF701FF4CF25030FFF7B1FF0E4A0C
:10944000136923F0010313610A4B00221A76F8BD59
:10945000F1B22846FFF72CFFEDE7B1B22846FFF73F
:1094600015FFE8E731462846FFF7FEFEE3E7022056
:10947000EDE700BFD8010020003C0240074B19690E
:1094800021F440711961196941F0040119611A69E7
:1094900042EA002242F480321A617047003C0240E6
:1094A00049B1012921D0022902D04FF4407C04E0C7
:1094B0004FF4007C01E04FF0000C0D4B196921F4D2
:1094C000407119611A6942EA0C021A611A6922F0A4
:1094D00078021A611A6942EAC00040F0020018617D
:1094E0001A6942F480321A6170474FF4807CE4E7D5
:1094F000003C0240164B1B6813F4007F10D0144B45
:109500001A6822F400721A601A6842F400621A6043
:109510001A6822F400621A601A6842F400721A6033
:109520000B4B1B6813F4806F10D0094B1A6822F4A0
:1095300080621A601A6842F480521A601A6822F433
:1095400080521A601A6842F480621A60704700BF45
:10955000003C0240F8B5224B1B7E012B3ED0044656
:109560000E461F4B01221A764CF25030FFF718FFBF
:10957000074670BB4FF0FF3333602368012B16D0D2
:10958000A568E368A2681344AB4220D9217C284631
:10959000FFF786FF4CF25030FFF702FF114A1369C4
:1095A00023F07A031361074680B90135E9E7616862
:1095B000207CFFF763FF4CF25030FFF7F1FE0746C7
:1095C000084A136923F00403136100E03560FFF7D4
:1095D00091FF034B00221A763846F8BD0227FBE7BD
:1095E000D8010020003C024000230F2B00F2E48051
:1095F00070B582B060E085685E000324B44025EA5F
:109600000405CC68B4402C438460456825EA020513
:109610004C68C4F300129A402A4342605AE0DC08C6
:10962000083450F8246003F0070295000F22AA4086
:1096300026EA020E0A69AA4042EA0E0240F82420F5
:109640005CE0072200E0002202FA0EF22A43023414
:109650005A4D45F824205A4A94686FEA0C0224EACD
:109660000C054E6816F4801F01D04CEA0405544CDA
:10967000A560E46802EA04054E6816F4001F01D0F4
:109680004CEA04054E4CE560646802EA04054E6845
:1096900016F4003F01D04CEA0405494C656024688B
:1096A00022404D6815F4803F01D04CEA0402444C3E
:1096B000226001330F2B7DD801229A400C6804EA06
:1096C000020C32EA0404F4D14C6804F00304013CB7
:1096D000012C90D94A6802F00302032A09D0C46819
:1096E0005D000322AA4024EA02048A68AA402243B9
:1096F000C2604A6802F00302022A90D004684FEA6E
:10970000430E032202FA0EF224EA02044A6802F02F
:10971000030202FA0EF2224302604A6812F4403F4A
:10972000C7D000220192274A546C44F48044546408
:10973000526C02F480420192019A9C08A51C1F4AB7
:1097400052F8255003F003024FEA820E0F2202FA6C
:109750000EF225EA02051C4A90423FF474AF02F56E
:10976000806290421AD002F58062904218D002F5D1
:109770008062904216D002F58062904214D002F5C9
:109780008062904212D002F58062904210D002F5C1
:10979000806290423FF455AF082255E7012253E71B
:1097A000022251E703224FE704224DE705224BE74F
:1097B000062249E702B070BD704700BF0038014083
:1097C000003C0140003802400000024030B405680F
:1097D0002C6824F480242C60046863608368402B28
:1097E00005D0036899600368DA6030BC704703688D
:1097F0009A600368D960F8E710B40368D9B21039E9
:109800000C4AA2FB014212090B4CA25CC2655F2903
:1098100009D923F47F7323F0030304338365806D38
:109820005DF8044B704723F47F7323F003038365D3
:10983000F5E700BFABAAAAAA501E0108836A826995
:1098400092B9012B0AD0022B02D00BB10020704735
:10985000C36A13F0807F28D100207047C36AB3F138
:10986000C07F24D000207047B2F5005F09D0022BE2
:1098700025D9032B25D1C36A13F0807F23D1002083
:109880007047032B03D8DFE803F01404140A002008
:109890007047C36A13F0807F0DD100207047C36A00
:1098A000B3F1C07F09D0002070470120704701202C
:1098B0007047012070470120704701207047012048
:1098C00070470020704701207047000070B50446C3
:1098D00000F062FA002C5BD00546022384F8353094
:1098E000002384F834302268136823F001031360E6
:1098F00023681A6812F0010F0AD000F04DFA431BDA
:10990000052BF5D920236365032084F8350070BD4D
:109910001A68204810406168A2680A43E1680A4357
:1099200021690A4361690A43A1690A43E1690A435B
:10993000216A0A430243616A04291ED01A6026681C
:10994000756925F00705636A1D43042B07D1A36AD7
:109950001D43E36A1BB12046FFF770FF90B97561A4
:109960002046FFF749FFE26D3F23934083600020CC
:109970006065012384F83530C9E7E16A206B014353
:109980000A43DBE740236365012084F83500BEE726
:109990000120BCE73F8010F038B50446856D90F893
:1099A000340001282BD0012084F8340094F83500CD
:1099B000C0B2012804D0002384F83430022038BD1E
:1099C000022084F83500002060652046FFF7FEFE87
:1099D000E26D3F239340AB602268136843F01603A7
:1099E0001360236C23B12268136843F008031360EB
:1099F0002268136843F0010313600020DFE70220B0
:109A0000DDE770B50446866D00F0C6F994F8353090
:109A1000DBB2022B06D080236365002384F8343048
:109A2000012070BD05462268136823F016031360F9
:109A30002268536923F080035361236CE3B12268E9
:109A4000136823F0080313602268136823F00103EE
:109A5000136023681B6813F0010F11D000F09CF90C
:109A6000431B052BF5D920236365032084F83500BB
:109A7000002384F83430D4E7A36C002BDFD1E3E774
:109A8000E26D3F239340B360012384F8353000201A
:109A900084F83400C5E790F83530DBB2022B03D0F0
:109AA0008023436501207047052380F83530026824
:109AB000136823F00103136000207047F0B583B0F2
:109AC000044600230193724B1D68724BA3FB0535BE
:109AD000AD0A876D3E68C26D08239340334210D0B3
:109AE00003681A6812F0040F0BD01A6822F00402FF
:109AF0001A60C26D08239340BB60436D43F00103BD
:109B00004365E26D01239340334209D022685269D4
:109B100012F0800F04D0BB60636D43F002036365F5
:109B2000E26D04239340334209D02268126812F098
:109B3000020F04D0BB60636D43F004036365E26D04
:109B400010239340334224D02268126812F0080F89
:109B50001FD0BB6023681A6812F4802F0DD01B68D9
:109B600013F4002F04D1236C9BB12046984710E0DA
:109B7000A36C73B1204698470BE01A6812F4807FFB
:109B800003D11A6822F008021A60236C0BB1204638
:109B90009847E26D20239340334255D022681268E3
:109BA00012F0100F50D0BB6094F83530DBB2052BAB
:109BB0000ED023681A6812F4802F33D01B6813F478
:109BC000002F2AD1636C002B3ED0204698473BE003
:109BD0002268136823F0160313602268536923F088
:109BE00080035361236CA3B12268136823F0080338
:109BF0001360E26D3F239340BB60012384F835304E
:109C0000002384F83430236D002B3FD02046984742
:109C10003CE0A36C002BE7D1EBE7E36BA3B120465C
:109C2000984711E01A6812F4807F09D11A6822F06F
:109C300010021A60012384F83530002384F8343090
:109C4000E36B0BB120469847636DFBB1636D13F076
:109C5000010F17D0052384F835302268136823F0EC
:109C600001031360019B01330193AB4204D82368C5
:109C70001B6813F0010FF5D1012384F83530002360
:109C800084F83430E36C0BB12046984703B0F0BD44
:109C900000020020B5814E1B406D7047074AD36813
:109CA00023F4E0631B041B0C000200F4E060034398
:109CB00043F0BF6343F40033D360704700ED00E02E
:109CC00000B5194BDB68C3F30223C3F1070CBCF1E9
:109CD000040F28BF4FF0040C03F1040EBEF1060F71
:109CE00018D9033B4FF0FF3E0EFA0CFC21EA0C01A1
:109CF00099400EFA03F322EA0303194300280BDB11
:109D00000901C9B200F1604000F5614080F800131C
:109D10005DF804FB0023E5E700F00F000901C9B27C
:109D2000024B1954F4E700BF00ED00E014ED00E031
:109D3000002807DB00F01F02400901239340024A7C
:109D400042F82030704700BF00E100E008B50B4B3F
:109D50001A6842F400721A601A6842F480621A604B
:109D60001A6842F480721A600320FFF797FF0F20F1
:109D7000FEF72CFDFEF708FD002008BD003C024068
:109D8000034A1168034B1B780B441360704700BFF4
:109D900050160020F8010020014B1868704700BFE2
:109DA0005016002038B50446FFF7F6FF0546B4F11B
:109DB000FF3F02D0044B1B781C44FFF7EDFF401B14
:109DC000A042FAD338BD00BFF8010020002800F0FF
:109DD000A18038B5044690F82030D3B122681368CA
:109DE00043F001031360FFF7D7FF054623685A6865
:109DF00012F0010F10D1FFF7CFFF401B0A28F5D951
:109E0000636A43F400336362052384F82030012041
:109E100038BD07F07BF9E1E71A6822F002021A6008
:109E2000FFF7BAFF054623685A6812F0020F0DD0FB
:109E3000FFF7B2FF401B0A28F5D9636A43F40033E9
:109E40006362052384F820300120E1E7227E012AA5
:109E50003DD01A6822F080021A60637E012B3BD04D
:109E60002268136823F040031360A37E012B39D0CE
:109E70002268136823F020031360E37E012B37D0A0
:109E80002268136843F010031360237F012B35D041
:109E90002268136823F008031360637F012B33D01B
:109EA0002268136823F004031360A368E268134375
:109EB00022691343626913436268013A21681343BC
:109EC000CB6100206062012384F82030A0E71A688B
:109ED00042F080021A60C0E72268136843F0400332
:109EE0001360C2E72268136843F020031360C4E7DD
:109EF0002268136823F010031360C6E72268136812
:109F000043F008031360C8E72268136843F00403B2
:109F10001360CAE70120704790F82030013BDBB2A4
:109F2000012B05D9436A43F4802343620120704723
:109F300030B5464BD3F8002242F00102C3F80022AC
:109F4000D3F8002222F47C52C3F80022D3F8002276
:109F5000486A42EA0022C3F800224A6902F01F025E
:109F6000012000FA02F2D3F81C026FEA020C20EA88
:109F70000200C3F81C02CB69C3B9344BD3F80C02FE
:109F80000CEA0000C3F80C028C884869CD6844EAEA
:109F90000544483043F830408C68088840EA044063
:109FA0004C6904F1480E03EBCE035860CB69012BDA
:109FB0001ED08B69002B33D12448D0F804320CEA30
:109FC0000303C0F804320B698BBB2048D0F814326D
:109FD0000CEA0303C0F814320B6A012B2ED01B4A83
:109FE000D2F8003223F00103C2F80032002030BD65
:109FF000164BD3F80C021043C3F80C028C88486946
:10A000000D6844EA0544483043F8304088894C697B
:10A010008D6840EA0540483403EBC4035860C8E744
:10A020000A48D0F804321343C0F80432CBE707489B
:10A03000D0F814321343C0F81432CDE70349D1F8F5
:10A040001C321A43C1F81C22C9E700BF006400405B
:10A0500070B5044690F82050EDB2012D06D0436A49
:10A0600043F4002343620125284670BD022380F893
:10A0700020300268136823F001031360FFF78CFEA1
:10A08000064623685B6813F0010F0CD0FFF784FECF
:10A09000831B0A2BF5D9636A43F4003363620523FB
:10A0A00084F82030E0E700256562DDE730B590F800
:10A0B00020C00468A4680CF1FF3C5FFA8CFCBCF182
:10A0C000010F62D814F0E05F59D0C4F3016C012491
:10A0D00004FA0CF41C608B68002B3DD10D68CB6832
:10A0E000046843EA45550CF118031B01E550036869
:10A0F0000C690CF1180E03EB0E135C600B7D012B49
:10A1000035D0D17993791B0443EA0163517943EA4D
:10A11000012314790168234301EB0C11C1F88C3140
:10A12000D17893781B0443EA0163517843EA012311
:10A13000117802680B4302EB0C12C2F888310268F6
:10A140000CF1180C4FEA0C1C52F80C3043F00103D0
:10A1500042F80C3000201DE04C6843EAC403CC6890
:10A1600023430CF11804240105682B51BFE7036851
:10A1700003EB0E13596841F480715960C1E7436ADB
:10A1800043F400134362012004E0436A43F4802354
:10A190004362012030BD90F82030013BDBB2012B3F
:10A1A00005D9436A43F4802343620120704711F0CC
:10A1B000010F04D00268936843F08003936011F0AC
:10A1C000020F04D00268936843F40043936011F0D7
:10A1D000040F04D00268936843F4000393600020E6
:10A1E000704790F820C00CF1FF3C5FFA8CFCBCF18A
:10A1F000010F00F2A58030B451B90468E46814F08E
:10A20000030F10D1436A43F40013436201207EE040
:10A210000468246914F0030F05D1436A43F4001362
:10A220004362012073E0056801F11B0424012C59ED
:10A2300004F004049460002C6BD1056801F11B0448
:10A2400024012C59640D1460046801F11B0C4FEAC1
:10A250000C1C54F80C4004F00204D4600468A444BC
:10A26000DCF8045015F0080F5BD008241461056871
:10A2700001F11B0C05EB0C156D68C5F30725956105
:10A28000046804EB0C146468240C5461026802EB4B
:10A290000112D2F8B8211A70026802EB0112D2F84A
:10A2A000B821C2F307225A70026802EB0112D2F8F9
:10A2B000B821C2F307429A70026802EB0112D2F889
:10A2C000B821120EDA70026802EB0112D2F8BC213A
:10A2D0001A71026802EB0112D2F8BC21C2F3072204
:10A2E0005A71026802EB0112D2F8BC21C2F3074294
:10A2F0009A71026802EB0112D2F8BC21120EDA71D7
:10A30000C1B90268D36843F02003D360002030BC99
:10A310007047056801F11B0424012C59E4085460BE
:10A3200092E701F11B0504EB0514646804F00F04C7
:10A3300014619CE70268136943F020031361E5E7A9
:10A34000436A43F4802343620120704790F8203031
:10A35000013BDBB2012B05D9436A43F480234362FE
:10A36000012070470268536919435161002070470A
:10A370007047704770477047704770477047704725
:10A3800070477047704770472DE9F84F05460368DE
:10A390005C69D3F804809F68D3F80CB0D3F810A0A0
:10A3A000D3F8189014F001063BD017F0010616D030
:10A3B00001229A6017F0020F08D117F0040F0CD198
:10A3C00017F0080606D04FF4805608E0FFF7D0FFDC
:10A3D000002604E0FFF7CFFF01E04FF4006617F41A
:10A3E000807F0DD02B684FF480729A6017F4007F45
:10A3F00040F0868017F4806F00F0868046F40056A7
:10A4000017F4803F0DD02B684FF480329A6017F418
:10A41000003F40F0838017F4802F00F0838046F4E3
:10A42000004614F0080F07D01BF0100F04D046F4BC
:10A4300000762B681022DA6014F0040F02D01BF0B3
:10A44000080F79D114F0020F04D02B68DB6813F0E9
:10A45000030F78D114F0400F07D01AF0100F04D07A
:10A4600046F480662B6810221A6114F0200F02D087
:10A470001AF0080F6BD114F0100F04D02B681B6971
:10A4800013F0030F6AD114F4003F02D018F0100F3C
:10A4900068D114F4803F02D018F0080F69D114F489
:10A4A000004F7AD018F0040F74D014F4807F04D0D9
:10A4B00019F0010F01D046F0010614F4007F04D01A
:10A4C00019F0020F01D046F0020614F4806F04D098
:10A4D00019F0040F01D046F0040614F4006F59D0AF
:10A4E00019F0700956D0B9F1400F65D058D8B9F1BC
:10A4F000200F5ED0B9F1300F42D146F0200644E083
:10A500002846FFF736FF7BE717F4006F02D046F4CA
:10A51000804675E72846FFF72FFF71E72846FFF7CB
:10A5200029FF7EE717F4002F02D046F4803678E743
:10A530002846FFF722FF74E72B680822DA602846D6
:10A54000FFF71CFF7EE72846FDF774FF82E72B68C4
:10A5500008221A612846FFF713FF8CE72846FFF709
:10A560000EFF90E72B6810225A602846FFF709FF7C
:10A570008FE72B6808225A602846FFF703FF8EE713
:10A58000B9F1100F01D146F008062A68936923F04B
:10A59000700393612B6804225A609EB9BDE8F88F5E
:10A5A000B9F1500F0BD0B9F1600FEED146F48076BF
:10A5B000EBE746F01006E8E746F04006E5E746F030
:10A5C0008006E2E76B6A1E436E622846FFF7DBFEF9
:10A5D000E4E700002DE9F04782B0054688461746BB
:10A5E0001E46FFF7D9FB0A9B1B1A03EB0609FFF770
:10A5F000D3FB82462B4B1B68C3F3CB3309FB03F31E
:10A6000001932B689C6838EA04030CBF4FF0010CDF
:10A610004FF0000CBC4540D0B6F1FF3FF1D0FFF742
:10A62000BBFBA0EB0A00484506D2B9F1000F03D0EE
:10A63000019B73BB9946E4E72A68536823F0E00363
:10A6400053606B68B3F5827F0BD0AB6AB3F5005FE4
:10A6500014D0012385F85130002385F850300320B1
:10A660001CE0AB68B3F5004F02D0B3F5806FECD1BE
:10A670002A68136823F040031360E6E72A6813682A
:10A6800023F4005313602A68136843F400531360E3
:10A69000DFE7019B013B0193B3E7002002B0BDE877
:10A6A000F08700BF0002002070B584B004460D465C
:10A6B000164600920B4601220221FFF78BFFD0B90C
:10A6C000174B1B68174AA2FB03235B0D4FF47A72EA
:10A6D00002FB03F303936368B3F5827F11D0039BFE
:10A6E0003BB1039B013B039323689B6813F0800FEE
:10A6F000F5D104B070BD636D43F0200363650320A2
:10A70000F7E700962B46002280212046FFF762FFE4
:10A710000028EED0636D43F0200363650320E8E773
:10A7200000020020819F5E1610B582B004460B46E1
:10A730004168B1F5827F14D06168B1F5827F2AD17A
:10A74000A168B1F5806F19D00092002280212046C7
:10A75000FFF740FF30B3636D43F0200363650320D0
:10A7600020E08168B1F5004F02D0B1F5806FE3D1F0
:10A770002068016821F040010160DDE700920022BD
:10A7800001212046FFF726FF60B1636D43F02003EF
:10A790006365032006E00092002201212046FFF7B6
:10A7A00019FF08B902B010BD636D43F02003636563
:10A7B0000320F7E700285AD010B50446436A33B99E
:10A7C0004368B3F5827F05D00023C36102E0002314
:10A7D000036143610023A36294F85130002B40D001
:10A7E000022384F851302268136823F04003136079
:10A7F000636803F48273A26802F404421343E268BC
:10A8000002F400621343226902F0020213436269F8
:10A8100002F001021343A26902F400721343E269D9
:10A8200002F038021343226A02F080021343A26A44
:10A8300002F40052216813430B60638B03F004039E
:10A84000626A02F01002216813434B602268D369E8
:10A8500023F40063D36100206065012384F8513044
:10A8600010BD84F85030204606F026FBB8E70120E2
:10A8700070472DE9F04383B00446884691461F4651
:10A880000A9DFFF789FA064694F85130DBB26268F8
:10A89000012B0AD0B2F5827F40F00581A268002A20
:10A8A00040F00581042B40F00481B8F1000F00F066
:10A8B0000281B9F1000F00F00081002F00F0FF804D
:10A8C00094F85030012B00F0FC80012384F85030C4
:10A8D00094F85130DBB2042B02D0052384F85130B8
:10A8E00000236365C4F83890E787A787C4F83080F1
:10A8F000E786A7862364636423681A6812F0400F12
:10A9000003D11A6842F040021A60E368B3F5006FA1
:10A9100011D063680BB1012F0BD1226B2368127821
:10A920001A73236B01332363E38E9BB2013B9BB20B
:10A93000E386012771E063680BB1012F0BD1226B15
:10A9400023681288DA60236B02332363E38E9BB2A1
:10A95000013B9BB2E38601271BE023689A6812F053
:10A96000010F0ED0E28F92B25AB1DA68A36B1A804F
:10A97000A36B0233A363E38F9BB2013B9BB2E387DC
:10A980000127FFF709FA801BA84202D3B5F1FF3F68
:10A990001ED1E38E9BB21BB9E38F9BB2002B62D01A
:10A9A00023689A6812F0020FD7D0E28E92B2002A82
:10A9B000D3D0002FD1D0226B1288DA60236B023300
:10A9C0002363E38E9BB2013B9BB2E3860027C4E77F
:10A9D000012384F85130002384F85030032063E0D1
:10A9E00023689A6812F0010F0ED0E28F92B25AB12A
:10A9F000DA68A36B1A70A36B0133A363E38F9BB276
:10AA0000013B9BB2E3870127FFF7C6F9831BAB42EB
:10AA100002D3B5F1FF3F1ED1EDB1E38E9BB213B966
:10AA2000E38F9BB2FBB123689A6812F0020FD7D074
:10AA3000E28E92B2002AD3D0002FD1D0226B1278AE
:10AA40001A73236B01332363E38E9BB2013B9BB2EA
:10AA5000E3860027C4E7012384F85130002384F8FB
:10AA60005030032020E0324629462046FFF71CFEE6
:10AA700090B9A36833B901932368DA6801929B689F
:10AA80000193019B012384F85130002384F8503056
:10AA9000636D4BB1012007E020236365002384F838
:10AAA0005030012000E0022003B0BDE8F083022016
:10AAB000FAE70220F8E70120F6E70120F4E7012099
:10AAC000F2E70220F0E7000038B5044690F85100A4
:10AAD000C0B2656801280AD0B5F5827F40F08B804E
:10AAE000A568002D40F08980042840F08880002966
:10AAF00000F08780002A00F08680002B00F085801F
:10AB000094F85000012800F08280012084F8500061
:10AB100094F85100C0B2042802D0052084F85100F6
:10AB2000002060652163A386E386A263A387E38791
:10AB30002064606494F85130DBB2042B1DD0E36CC8
:10AB4000344A1A64E36C344ADA63E36C334ADA64F5
:10AB5000E36C00221A652168E38F9BB2A26B0C3173
:10AB6000E06CFEF719FF78B1636D43F01003636585
:10AB7000002384F8503001203EE0E36C284A1A6438
:10AB8000E36C284ADA63E0E72268536843F0010384
:10AB90005360A26C00231364A26CD363A26CD364D1
:10ABA000A26C13652268E38E9BB20C32216BA06C01
:10ABB000FEF7F2FEB0B923681A6812F0400F03D115
:10ABC0001A6842F040021A60002384F8503022686C
:10ABD000536843F0200353602268536843F0020334
:10ABE000536009E0636D43F010036365002384F84C
:10ABF0005030012000E0022038BD0220FCE7022096
:10AC0000FAE70120F8E70120F6E70120F4E7022047
:10AC1000F2E700BF39AC0008D5AC000845AC00082D
:10AC20002DAC000867AC00087047704708B5806B12
:10AC3000FFF7FBFF08BD704708B5806BFFF7FBFF10
:10AC400008BD704708B5806B0268536823F00303A2
:10AC50005360436D43F010034365012380F8513086
:10AC6000FFF7EFFF08BD38B50546846BFFF794F892
:10AC70002B681B6813F4807F1ED1024621684B6845
:10AC800023F020034B60A3681BB96368B3F5827F90
:10AC900016D021684B6823F001034B6064212046E5
:10ACA000FFF742FD08B1202363650023E3870123FA
:10ACB00084F85130636D4BB92046FFF7B5FF38BDBE
:10ACC00021684B6823F003034B60E7E72046FFF75A
:10ACD000B8FFF4E738B50546846BFFF75DF82B68DD
:10ACE0001B6813F4807F1BD1024621684B6823F058
:10ACF00020034B6064212046FFF7D6FC18B1636D3A
:10AD000043F0200363652268536823F00303536014
:10AD10000023E386E387012384F85130636D1BB978
:10AD20002046FDF775FB38BD2046FFF78AFFFAE79E
:10AD300030B585B00446026851689368C3F380104B
:10AD400013F0400F05D113F0010F02D011F0400FA6
:10AD500069D113F0020F02D011F0800F67D1C3F355
:10AD6000401513F0200F03D110B913F4807F61D088
:10AD700011F0200F5ED078B194F85100C0B20328D2
:10AD80005AD0606D40F00400606500200090D068EB
:10AD9000009090680090009865B1606D40F00100EF
:10ADA00060650020029090680290106820F04000DA
:10ADB0001060029A13F4807F09D0636D43F008039A
:10ADC00063650023039323689B680393039B636D70
:10ADD000002B2FD02268536823F0E0035360012337
:10ADE00084F8513011F0030F2ED02268536823F0FD
:10ADF00003035360E36C4BB1154A1A65E06CFEF730
:10AE00004AFE18B1636D43F040036365A36C8BB1D8
:10AE10000F4A1A65A06CFEF73EFE58B1636D43F011
:10AE20004003636506E0236C2046984702E0636CAC
:10AE30002046984705B030BD00230193D3680193A5
:10AE400093680193019BF5E72046FFF7FAFEF1E7CF
:10AE500055AE000808B5806B0023C387C386FFF793
:10AE6000F0FE08BD026802F10C0353E8003F23F036
:10AE7000C0030C3242E800310029F3D1202380F8CE
:10AE800041307047026802F10C0353E8003F23F49D
:10AE900090730C3242E800310029F3D1026802F1CC
:10AEA000140353E8003F23F00103143242E8003159
:10AEB0000029F3D1036B012B05D0202380F8423009
:10AEC000002303637047026802F10C0353E8003F5C
:10AED00023F010030C3242E800310029F3D1ECE7F3
:10AEE00090F84130DBB2212B01D0022070478368FB
:10AEF000B3F5805F17D0036A5A1C02621A780368A0
:10AF00005A60C38C9BB2013B9BB2C3844BB90268AD
:10AF1000D36823F08003D3600268D36843F0400312
:10AF2000D360002070470369002BE4D1036A1B88BB
:10AF30000268C3F308035360036A02330362E0E765
:10AF400038B504460268136923F44053C1680B43C3
:10AF5000136183680269134342691343C2691A4348
:10AF60000168CB6823F4164323F00C031343CB6032
:10AF70000268536923F4407381690B43536103688A
:10AF8000314A934206D002F58062934202D0FEF726
:10AF900015F901E0FEF722F9E369B3F5004F29D076
:10AFA0000021031849411B1841F10001C90041EA81
:10AFB0005371DB00181863684FEA83024FEA9373FA
:10AFC00041F10001FCF738FE204DA5FB003251098C
:10AFD000642303FB11031B013233A5FB03235B092D
:10AFE00003F0F00202EB011203F00F032168134497
:10AFF0008B6038BD0023021843EB0301121841F1A6
:10B000000001C90041EA5271D200101841F100015B
:10B01000626892185B41FCF70FFE0C4DA5FB0032F5
:10B020005109642303FB1103DB003233A5FB032327
:10B030005B095A0002F4F87202EB011203F00703F5
:10B04000216813448B60D4E7001001401F85EB5149
:10B050002DE9F04383B005460E4617469946DDF8C4
:10B0600028802C68246836EA04030CBF4FF0010CDA
:10B070004FF0000CBC4528D1B8F1FF3FF1D0FEF7EE
:10B080008BFEA0EB0900404523D8B8F1000F22D079
:10B090002B68DA6812F0040FE3D0802EE1D0402E46
:10B0A000DFD01A6812F0080FDBD0002401941A6870
:10B0B00001925B680193019B2846FFF7E3FE08239A
:10B0C0006B6485F84040012000E0002003B0BDE83B
:10B0D000F0830320FAE70320F8E760B310B50446D5
:10B0E00090F8413013B3242384F841302268D368A8
:10B0F00023F40053D3602046FFF722FF2268136930
:10B1000023F4904313612268536923F02A035361A7
:10B110002268D36843F40053D36000206064202386
:10B1200084F8413084F84230606310BD80F84030CC
:10B1300006F0C4F8D7E7012070472DE9F04182B04E
:10B140001E4690F84130DBB2202B56D104460D4606
:10B150009046002955D00AB901204FE000234364EE
:10B16000212380F84130FEF717FE0746A4F824801B
:10B17000A4F82680A368B3F5805F02D04FF00008E2
:10B1800014E023692BB34FF000080FE0202384F86C
:10B190004130032032E038F8023B2268C3F3080351
:10B1A0005360E28C92B2013A92B2E284E38C9BB299
:10B1B00093B100963B46002280212046FFF748FFCE
:10B1C0000028E3D1002DE6D015F8012B23685A6042
:10B1D000E7E7A8460025E9E700963B460022402124
:10B1E0002046FFF735FF18B9202384F8413005E0E9
:10B1F000202384F84130032000E0022002B0BDE8A3
:10B20000F0810120FAE7000038B5134690F841209C
:10B21000D2B2202A36D10446002935D00BB90120FC
:10B2200031E001628384C38400224264212084F8D7
:10B230004100A06B154DC563A06B154D0564A06B57
:10B24000144DC564A06B026522680432A06BFEF742
:10B25000A3FB30B110236364202384F84130012024
:10B2600011E023686FF040021A60226802F11403B3
:10B2700053E8003F43F08003143242E800310029D4
:10B28000F3D100E0022038BD0120FCE707B300083D
:10B290006FB300087BB3000810B50446226802F1C2
:10B2A0000C0353E8003F23F0C0030C3242E80031A6
:10B2B0000029F3D123685B6913F0800F13D0226853
:10B2C00002F1140353E8003F23F08003143242E8F4
:10B2D00000310029F3D1A36B2BB100221A65A06BBA
:10B2E000FEF78FFB28B90020E084202384F841304A
:10B2F00010BDA06BFEF7D0FC2028F4D110236364AE
:10B300000320F5E7704708B50346806B1B681B6890
:10B3100013F4807F1AD10023C384026802F114035E
:10B3200053E8003F23F08003143242E80031002943
:10B33000F3D1026802F10C0353E8003F43F04003ED
:10B340000C3242E800310029F3D108BDFFF7DAFFE3
:10B35000FBE708B50168CA6822F04002CA602022F3
:10B3600080F84120FFF7CEFF002008BD704708B5E8
:10B37000806BFFF7FBFF08BD704710B5846B236837
:10B380005A6994F84130DBB2212B10D023685A69F6
:10B3900002F0400294F84230DBB2222B11D0636CF1
:10B3A00043F0100363642046FFF7E6FF10BD02F090
:10B3B0008002002AEAD00023E3842046FFF752FDF2
:10B3C000E4E7002AEBD00023E3852046FFF75AFD8F
:10B3D000E5E708B5806B0023C385FFF7CDFF08BD07
:10B3E000704790F84230DBB2222B69D18368B3F505
:10B3F000805F4FD0826AB3F5805F04D0002B56D1B6
:10B400000369002B53D103685B681370836A0133AF
:10B410008362C38D9BB2013B9BB2C385002B51D18C
:10B4200000B583B00268D36823F02003D3600268BC
:10B43000D36823F48073D3600268536923F0010357
:10B440005361202380F8423000234363036B012BB8
:10B4500033D100230363026802F10C0353E8003F79
:10B4600023F010030C3242E800310029F3D10368C5
:10B470001A6812F0100F06D0002201921A68019289
:10B480005B680193019B818DFFF7AAFF002003B049
:10B490005DF804FB0269002AACD1826A03685B682C
:10B4A000C3F308031380836A02338362B1E703683E
:10B4B0005B6803F07F031370A8E705F091FFE5E7F1
:10B4C000022070470020704730B583B00446026800
:10B4D0001368D068516913F00F0505D113F0200FE0
:10B4E00002D010F0200F19D12DB111F0010119D1A6
:10B4F00010F4907F16D1216B01297DD013F0800FBD
:10B5000003D010F0800F40F0268113F0400F03D0DD
:10B5100010F0400F40F0238103B030BD2046FFF70C
:10B5200060FFF9E713F0010F06D010F4807F03D01D
:10B53000626C42F00102626413F0040F04D019B18E
:10B54000626C42F00202626413F0020F04D019B17F
:10B55000626C42F00402626413F0080F07D010F02E
:10B56000200F00D119B1626C42F008026264626C73
:10B57000002AD1D013F0200F02D010F0200F29D1D3
:10B5800023685B6903F04003626C12F0080F00D17E
:10B5900063B32046FFF776FC23685B6913F0400F26
:10B5A00020D0226802F1140353E8003F23F0400347
:10B5B000143242E800310029F3D1E36B73B16A4AD7
:10B5C0001A65E06BFEF767FA0028A5D0E06B036D03
:10B5D0009847A1E72046FFF704FFD1E72046FFF791
:10B5E000CBFE99E72046FFF7C7FE95E72046FFF719
:10B5F000C3FE002363648FE713F0100F3FF47EAFA8
:10B6000010F0100F3FF47AAF0023019313680193F9
:10B6100053680193019B536913F0400F5FD0E26BB5
:10B6200013685B689BB2002B4AD0A18D994247D921
:10B63000E385D369B3F5807F37D0226802F10C032C
:10B6400053E8003F23F480730C3242E800310029B4
:10B65000F3D1226802F1140353E8003F23F0010301
:10B66000143242E800310029F3D1226802F11403B8
:10B6700053E8003F23F04003143242E80031002930
:10B68000F3D1202384F8423000232363226802F19F
:10B690000C0353E8003F23F010030C3242E8003162
:10B6A0000029F3D1E06BFEF7ACF902236363A18DAF
:10B6B000E38D9BB2C91A89B22046FFF791FE2BE7B2
:10B6C000A18D99427FF428AFD369B3F5807F7FF4D1
:10B6D00023AF022363632046FFF782FE1CE7A18DA0
:10B6E000E38D9BB2C91A89B2E38D9BB2002B3FF464
:10B6F00013AF00293FF410AF226802F10C0353E8A6
:10B70000003F23F490730C3242E800300028F3D15C
:10B71000226802F1140353E8003F23F001031432BE
:10B7200042E800300028F3D1202384F8423000237F
:10B730002363226802F10C0353E8003F23F0100357
:10B740000C3242E800300028F3D102236363204624
:10B75000FFF746FEE0E62046FFF7C2FBDCE62046A8
:10B76000FFF7F7FDD8E600BFD3B3000881628285FA
:10B77000C28500234364222380F84230036923B149
:10B780000268D36843F48073D3600268536943F05E
:10B79000010353610268D36843F02003D3600020A3
:10B7A000704708B590F84230DBB2202B08D149B180
:10B7B0000AB9012008BD00230363FFF7D7FFF9E7AB
:10B7C0000220F7E70120F5E7034AD2F8883043F476
:10B7D0007003C2F88830704700ED00E010B50346F2
:10B7E0000C4A0D490D48006840B10C4800680344FC
:10B7F000521A934206D8094A136010BD0748084CF4
:10B800000460F2E7F4F72CFD0C2303604FF0FF30E7
:10B81000F3E700BF000002200004000054160020DF
:10B82000C0FB00200120704708B5F4F719FD16236E
:10B8300003604FF0FF3008BD08B54FF0FF31FFF750
:10B84000F3FFFEE770B50C461646002506E0AFF3A1
:10B850000080214601F8010B01350C46B542F6DBAC
:10B86000304670BD70B50C461646002504E014F84D
:10B87000010B05F0A5FD0135B542F8DB304670BD82
:10B880004FF0FF3070474FF400534B60002070477B
:10B89000012070470020704700F1080343604FF01B
:10B8A000FF328260C360036100230360704700239E
:10B8B0000361704743684B609A688A605160996081
:10B8C0000861036801330360704730B40D68B5F157
:10B8D000FF3F11D000F108031C465B681A68AA42BA
:10B8E000FAD963684B6099608C6061600861036895
:10B8F0000133036030BC70470469F2E703694168B3
:10B9000082688A60416851605A68824206D000228B
:10B9100002611A68013A1A601868704782685A60B2
:10B92000F5E710B5044601F0B5FCA26BE36B9A4253
:10B9300004D0002401F0D0FC204610BD0124F9E71A
:10B9400010B5044601F0A6FCA36B23B9012401F055
:10B95000C3FC204610BD0024F9E770B50446154627
:10B96000866B026C5AB903681BB100200136A663CE
:10B9700070BD806800F0D4FF0023A360F6E76DB9C6
:10B980004068F4F797FC226C636813446360A26814
:10B99000934219D3236863602846E7E7C068F4F749
:10B9A00089FC226C5142E3689B1AE360226893424F
:10B9B00002D2A3680B44E360022D01D00020D5E73A
:10B9C00026B1013E0020D1E72846CFE70020CDE791
:10B9D0000346026C6AB110B50846D9681144D960B3
:10B9E0009C68A14201D31968D960D968F4F762FC58
:10B9F00010BD704738B5054601F04CFC95F8454040
:10BA000064B201E0013C64B2002C0ADD6B6A43B110
:10BA100005F1240000F0DAFE0028F3D000F06AFF00
:10BA2000F0E7FF2385F8453001F056FC01F032FCC9
:10BA300095F8444064B201E0013C64B2002C0ADD98
:10BA40002B6943B105F1100000F0C0FE0028F3D0CF
:10BA500000F050FFF0E7FF2385F8443001F03CFC94
:10BA600038BD38B5E0B10D46044601F013FC23683B
:10BA7000E26B216C01FB0230A0600020A0636360D8
:10BA8000013A02FB0133E360FF2384F8443084F879
:10BA90004530FDB9236963B901F01EFC012038BDB2
:10BAA0004FF0500383F31188BFF36F8FBFF34F8FB5
:10BAB000FEE704F1100000F089FE0028ECD04FF002
:10BAC000E0234FF08052C3F8042DBFF34F8FBFF334
:10BAD0006F8FE1E704F11000FFF7DEFE04F12400B0
:10BAE000FFF7DAFED8E738B51D46049C0B4649B986
:10BAF0002460E063236401212046FFF7B2FF84F84D
:10BB00004C5038BD2260F4E740B94FF0500383F346
:10BB10001188BFF36F8FBFF34F8FFEE710B584B06E
:10BB20001C46844653B192B189B94FF0500383F358
:10BB30001188BFF36F8FBFF34F8FFEE74FF05003B5
:10BB400083F31188BFF36F8FBFF34F8FFEE76AB1A6
:10BB500050230393039B502B13D04FF0500383F3D8
:10BB60001188BFF36F8FBFF34F8FFEE70029EFD02F
:10BB70004FF0500383F31188BFF36F8FBFF34F8FE4
:10BB8000FEE7039B012384F8463000949DF81830AB
:10BB90006046FFF7A8FF204604B010BDF0B585B0A1
:10BBA000019288B10F461D460446B1B1022D20D145
:10BBB000E36B012B1DD04FF0500383F31188BFF3CB
:10BBC0006F8FBFF34F8FFEE74FF0500383F3118861
:10BBD000BFF36F8FBFF34F8FFEE7036C002BE5D0F1
:10BBE0004FF0500383F31188BFF36F8FBFF34F8F74
:10BBF000FEE700F085FE064658B9019B002B48D0B1
:10BC00004FF0500383F31188BFF36F8FBFF34F8F53
:10BC1000FEE700263DE02A4639462046FFF79DFE16
:10BC2000636A7BB948B14FF0E0234FF08052C3F80C
:10BC3000042DBFF34F8FBFF36F8F01F04DFB012039
:10BC400005B0F0BD04F1240000F0C0FD0028F4D0E0
:10BC50004FF0E0234FF08052C3F8042DBFF34F8F15
:10BC6000BFF36F8FE9E701F037FB0020E8E702A898
:10BC700000F0F2FD012619E0002384F8443021E0B1
:10BC8000002384F8453023E02046FFF7B3FE00F0A0
:10BC90007DFC01F0FFFAA26BE36B9A42BBD3022D4D
:10BCA000B9D0019B002BDED0002EE0D001F014FBB8
:10BCB00000F0D2FB01F0EEFA94F8442052B2B2F157
:10BCC000FF3FD9D094F8452052B2B2F1FF3FD7D010
:10BCD00001F002FB01A902A800F0CAFDD8B9204674
:10BCE000FFF71FFE0028CFD0019904F1100000F0EB
:10BCF00039FD2046FFF77EFE00F048FC0028C8D141
:10BD00004FF0E0234FF08052C3F8042DBFF34F8F64
:10BD1000BFF36F8FBDE72046FFF76CFE00F036FCE7
:10BD200000208DE72DE9F84390B10F4616461C46DA
:10BD30000546B1B1022C20D1EB6B012B1DD04FF089
:10BD4000500383F31188BFF36F8FBFF34F8FFEE76C
:10BD50004FF0500383F31188BFF36F8FBFF34F8F02
:10BD6000FEE7036C002BE5D04FF0500383F31188FE
:10BD7000BFF36F8FBFF34F8FFEE701F0B1FBEFF31F
:10BD800011894FF0500383F31188BFF36F8FBFF316
:10BD90004F8FAA6BEB6B9A4206D3022C04D0002083
:10BDA00089F31188BDE8F88395F845804FFA88F843
:10BDB000AB6B224639462846FFF7CFFDB8F1FF3F6F
:10BDC00006D008F101035BB285F845300120E7E7B2
:10BDD0006B6A0BB90120E3E705F1240000F0F6FCE3
:10BDE00018B126B101203060DAE70120D8E7012040
:10BDF000D6E7F0B585B0019290B10F460446C1B1C7
:10BE000000F07EFD064600BB019B002B5ED04FF08C
:10BE1000500383F31188BFF36F8FBFF34F8FFEE79B
:10BE20004FF0500383F31188BFF36F8FBFF34F8F31
:10BE3000FEE7036C002BE3D04FF0500383F311882F
:10BE4000BFF36F8FBFF34F8FFEE700263EE039460A
:10BE50002046FFF7BDFD013DA563236923B901F02D
:10BE60003BFA012005B0F0BD04F1100000F0AEFC7B
:10BE70000028F4D04FF0E0234FF08052C3F8042D97
:10BE8000BFF34F8FBFF36F8FE9E701F025FA002072
:10BE9000E8E702A800F0E0FC012621E0002384F896
:10BEA000443029E0002384F845302BE02046FFF79A
:10BEB000A1FD00F06BFB09E02046FFF79BFD00F0C1
:10BEC00065FB2046FFF73CFD00283FD101F0E2F979
:10BED000A56B002DBBD1019B002BD6D0002ED8D056
:10BEE00001F0FAF900F0B8FA01F0D4F994F844300E
:10BEF0005BB2B3F1FF3FD1D094F845305BB2B3F100
:10BF0000FF3FCFD001F0E8F901A902A800F0B0FC92
:10BF10000028D1D12046FFF713FD0028C6D0019993
:10BF200004F1240000F01EFC2046FFF763FD00F042
:10BF30002DFB0028CAD14FF0E0234FF08052C3F808
:10BF4000042DBFF34F8FBFF36F8FBFE7002089E74A
:10BF50000023072B0CD8074A52F833200AB10133CB
:10BF6000F7E7044A42F8331002EBC3035860704706
:10BF7000704700BF5816002070B504460D4616469F
:10BF800001F088F994F844305BB2B3F1FF3F0DD073
:10BF900094F845305BB2B3F1FF3F0BD001F09CF950
:10BFA000A36B5BB12046FFF725FD70BD002384F82D
:10BFB0004430EDE7002384F84530EFE73246294668
:10BFC00004F1240000F0E6FBECE70000084B1B68DE
:10BFD0001B6823B9074B4FF0FF321A607047044BC0
:10BFE0001B68DB68DB685A68024B1A60704700BF49
:10BFF0009C160020441B00202DE9F04780460D468A
:10C0000017469946089EDDF824A00A9C9200A521B7
:10C01000206BF4F7E9F9236B07F18042013A03EB57
:10C02000820727F00707B5B34FF0000CBCF10F0FE4
:10C030000BD815F80C2004EB0C0383F8342015F80A
:10C040000C3013B10CF1010CF0E7002384F84330FD
:10C05000372E00D93726E662E66400252565201DC7
:10C06000FFF725FC04F11800FFF721FC2461C6F15D
:10C070003806A6616462656584F858504A464146B0
:10C08000384601F0DBF82060BAF1000F01D0CAF8A1
:10C090000040BDE8F087002384F83430D8E7000082
:10C0A00038B5002407E004EB840293000E481844DE
:10C0B000FFF7F2FB0134372CF5D90C4D2846FFF77A
:10C0C000EBFB0B4C2046FFF7E7FB0A48FFF7E4FBCE
:10C0D0000948FFF7E1FB0948FFF7DEFB084B1D604D
:10C0E000084B1C6038BD00BFA4160020181B0020A0
:10C0F0002C1B0020501B00207C1B0020681B0020F4
:10C100009C160020A016002010B5044601F0C2F8CD
:10C11000224A136801331360214B1B685BB1214B2A
:10C120001B686BB91E4B1B68DA6AE36A9A4207D830
:10C130001B4B1C6004E01A4B1C601368012B29D0B8
:10C14000194A1368013313606364E06A174B1B6874
:10C15000984201D9154B186000EB8000211D144B4B
:10C1600003EB8000FFF7A6FB01F0B6F80D4B1B6850
:10C170007BB10B4B1B68DA6AE36A9A4209D24FF033
:10C18000E0234FF08052C3F8042DBFF34F8FBFF36D
:10C190006F8F10BDFFF784FFD2E700BF041B0020A4
:10C1A00098160020641B0020101B0020141B002088
:10C1B000A416002010B5044690F8593063B1012B45
:10C1C00011D0022B0ED04FF0500383F31188BFF330
:10C1D0006F8FBFF34F8FFEE7006B00F0B3FF204679
:10C1E00000F0B0FF10BD00F0ADFFFBE70F4B1B6888
:10C1F000D3B110B501F04EF80D4BDB68DC68201DA3
:10C20000FFF77CFB0B4A1368013B1360074A136876
:10C21000013B136001F060F82046FFF7CBFF034BB2
:10C220001B68002BE6D110BD704700BF081B002023
:10C230007C1B0020041B002008B5FFF7D7FF074B2D
:10C240001B68012BF9D94FF0E0234FF08052C3F85F
:10C25000042DBFF34F8FBFF36F8FEEE7A4160020BE
:10C2600070B504460D46174B1E68174B186804300E
:10C27000FFF744FBB4F1FF3F0DD03444124B1B6871
:10C280005C60A64210D9114B18680F4B1968043135
:10C29000FFF71BFB70BD002DEFD00B4B196804316D
:10C2A0000B48FFF707FBF5E70A4B1868064B1968C0
:10C2B0000431FFF70AFB084B1B68A342EAD9064B7F
:10C2C0001C60E7E7901B002098160020A0160020B5
:10C2D000681B00209C160020441B002030B587B04E
:10C2E0000B9C7CB10C9DB5B15C250495049D5C2D27
:10C2F0001AD04FF0500383F31188BFF36F8FBFF351
:10C300004F8FFEE74FF0500383F31188BFF36F8F19
:10C31000BFF34F8FFEE74FF0500383F31188BFF355
:10C320006F8FBFF34F8FFEE7049D0C9D2C6302249B
:10C3300085F8594000240394029505AC01940A9CA9
:10C340000094FFF759FE0C98FFF7DEFE059807B042
:10C3500030BD2DE9F04385B00746884614461E4699
:10C36000900000F071FE00B381465C2000F06CFE8E
:10C370000546B0B1C0F83090E5B1002385F85930DA
:10C38000039302950D9B01930C9B00933346224629
:10C3900041463846FFF730FE2846FFF7B5FE01203C
:10C3A00005E0484600F0CEFEE6E74FF0FF3005B06E
:10C3B000BDE8F0834FF0FF30F9E7000010B588B01A
:10C3C00000240594069407AA06A905A800F0C0FD5C
:10C3D000059B0293069B019300942346079A1849F4
:10C3E0001848FFF77BFF184B186040B100F04CFB7A
:10C3F000012806D0B0F1FF3F18D008B010BD0020D2
:10C40000F6E74FF0500383F31188BFF36F8FBFF34C
:10C410004F8F0E4B4FF0FF321A600D4B01221A6006
:10C420000C4B00221A6000F0CFFFE6E74FF05003FC
:10C4300083F31188BFF36F8FBFF34F8FFEE700BF09
:10C44000701E010839C20008401B0020441B002058
:10C45000641B0020901B0020024A13680133136004
:10C46000704700BF0C1B0020014B1868704700BFCD
:10C47000901B0020F8B53A4B1B68002B69D1394B53
:10C480001D6801351D60C5B9374B1B681B6843B17A
:10C490004FF0500383F31188BFF36F8FBFF34F8FBB
:10C4A000FEE7314A1168314B186810601960304A54
:10C4B000136801331360FFF789FD2E4B1B68AB42F5
:10C4C0003DD900272C4B1B68DB6A03EB83039A00E2
:10C4D0002A4B9B58012B00D90127294B1B68002BA5
:10C4E0003CD001273AE001271F4B1B681B6843B370
:10C4F0001D4B1B68DB68DC6863689D4226D3261DE4
:10C500003046FFF7FBF9A36A1BB104F11800FFF7EF
:10C51000F5F9E36A1B4A1268934201D9194A13607C
:10C5200003EB83039A00314614481044FFF7C2F925
:10C53000E26A114B1B68DB6A9A42D4D2D4E7002727
:10C54000D2E70C4B4FF0FF321A60BBE7094A136089
:10C55000B8E70D4A13680133136000273846F8BD69
:10C560000C1B0020901B00209C160020A016002011
:10C57000481B0020441B002098160020A416002011
:10C58000941B0020141B00204C1B002038B5354B99
:10C590001B6843B94FF0500383F31188BFF36F8FCB
:10C5A000BFF34F8FFEE700F075FE2E4B1A68013A7D
:10C5B0001A601B68002B4FD12B4B1B680BB9002452
:10C5C0004BE00024294B1B681BB3284BDB68DC685D
:10C5D00004F11800FFF792F9251D2846FFF78EF9A0
:10C5E000E06A234B1B68984201D9214B186000EB8D
:10C5F000800029461F4B03EB8000FFF75BF9E26ADE
:10C600001D4B1B68DB6A9A42DCD31C4B01221A606B
:10C61000D8E70CB1FFF7DAFC194B1C6884B9174B4B
:10C620001C68D4B14FF0E0234FF08052C3F8042DC2
:10C63000BFF34F8FBFF36F8F01240EE0013C07D093
:10C64000FFF718FF0028F9D00C4B01221A60F5E71C
:10C650000B4B00221A60E2E7002400F03DFE20466A
:10C6600038BD00BF0C1B0020041B0020501B002005
:10C67000141B0020A416002098160020941B0020F4
:10C680004C1B002010B5A8B10446104B1B6843B1E9
:10C690004FF0500383F31188BFF36F8FBFF34F8FB9
:10C6A000FEE7FFF7D9FE00212046FFF7D9FDFFF78F
:10C6B0006DFF48B94FF0E0234FF08052C3F8042DCE
:10C6C000BFF34F8FBFF36F8F10BD00BF0C1B002057
:10C6D0001F4B1B681BB11F4B01221A6070471D4B7B
:10C6E00000221A601C4B1B6803EB83018A001B4964
:10C6F0008A585AB90BB1013BF6E74FF0500383F368
:10C700001188BFF36F8FBFF34F8FFEE703EB8300FA
:10C7100082000A4450684068506003EB830C4FEA83
:10C720008C020832114488420BD003EB8302910043
:10C730000A4A0A445268D168094A1160064A1360DD
:10C740007047406862469100044A0A445060ECE732
:10C750000C1B0020941B0020141B0020A41600209A
:10C760009816002058B110B50C46094A11681831C6
:10C77000FFF7ABF801212046FFF772FD10BD4FF027
:10C78000500383F31188BFF36F8FBFF34F8FFEE722
:10C790009816002038B570B10D4614460A4A116843
:10C7A0001831FFF787F80CB14FF0FF3521462846C6
:10C7B000FFF756FD38BD4FF0500383F31188BFF3E8
:10C7C0006F8FBFF34F8FFEE79816002038B5C36810
:10C7D000DC6824B304F118052846FFF78FF8184BDE
:10C7E0001B682BBB251D2846FFF788F8E06A154B10
:10C7F0001B68984201D9134B186000EB8000294652
:10C80000114B03EB8000FFF755F8E26A0F4B1B68F2
:10C81000DB6A9A4211D901200D4B186038BD4FF0E8
:10C82000500383F31188BFF36F8FBFF34F8FFEE781
:10C8300029460848FFF73EF8E7E70020EEE700BF8B
:10C840000C1B0020141B0020A416002098160020AA
:10C85000941B0020501B0020034B1B680360034BFC
:10C860001B684360704700BF481B0020901B0020DE
:10C87000F8B5C8B10C460546F9B100F00BFD1B4BED
:10C8800019686B68C81A2268B2F1FF3F26D0184EAB
:10C8900036682F68B74201D08B4224D9824215D81E
:10C8A0000023236001241AE04FF0500383F3118822
:10C8B000BFF36F8FBFF34F8FFEE74FF0500383F34B
:10C8C0001188BFF36F8FBFF34F8FFEE75B1A1344DE
:10C8D00023602846FFF7C0FF002400E0002400F09A
:10C8E000FBFC2046F8BD0124F9E700BF901B0020A7
:10C8F000481B0020014B01221A607047941B002046
:10C90000054B1B6833B1054B1B680BB1002070470A
:10C910000220704701207047641B00200C1B002080
:10C9200000283BD038B504461E4B1B68834208D014
:10C930004FF0500383F31188BFF36F8FBFF34F8F16
:10C94000FEE7036D43B94FF0500383F31188BFF343
:10C950006F8FBFF34F8FFEE7013B0365C16AC26C67
:10C9600091421DD00BB1002038BD051D2846FEF7B1
:10C97000C5FFE06CE062C0F13803A3610A4B1B689D
:10C98000984201D9084B186000EB80002946074BFC
:10C9900003EB8000FEF78EFF0120E5E700207047E3
:10C9A0000020E1E798160020141B0020A4160020A8
:10C9B000064B1A6813682BB90123036023B9D368A7
:10C9C000186870470023F8E700207047981B002084
:10C9D00008B54160006191420CD8D21A83699A422D
:10C9E00001D3012008BD011D094B1868FEF76DFF3A
:10C9F0000020F7E79A4201D2994206D2011D054B69
:10CA00001868FEF762FF0020ECE70120EAE700BFAC
:10CA10009C1B0020981B002030B583B000F03AFC2E
:10CA2000114B1B681BB100F057FC03B030BD0F4D1C
:10CA30002846FEF731FF0E4C2046FEF72DFF0D4B2A
:10CA40001D600D4B1C60002300930C4B0C4A102101
:10CA50000A20FFF759F8044B18600028E3D0094971
:10CA6000FFF776FADFE700BFBC1C0020401C002067
:10CA7000541C0020981B00209C1B00206C1C0020D4
:10CA8000A01B0020781E010810B588B0FFF7C4FF76
:10CA9000124B1B68CBB100240594069407AA06A983
:10CAA00005A800F061FA059B0293069B01930223FF
:10CAB00000932346079A0A490A48FFF70FFC0A4BDE
:10CAC000186010B1012008B010BD4FF0500383F37F
:10CAD0001188BFF36F8FBFF34F8FFEE7BC1C0020A0
:10CAE000801E0108EDCD0008C01C0020B8B19C4696
:10CAF00003461848006858B300B585B0009101920C
:10CB0000029305291CDCFFF7FBFE022810D000234E
:10CB10001A4669460F480068FFF740F815E04FF0E5
:10CB2000500383F31188BFF36F8FBFF34F8FFEE77E
:10CB30000023069A694607480068FFF72FF804E0CB
:10CB4000002362466946FFF7EDF805B05DF804FB87
:10CB500000207047BC1C002070B582B01B4B1B68C6
:10CB60001A6862B3DB681E68DC68251D2846FEF77C
:10CB7000C5FE236A2046984794F8283013F0040F26
:10CB8000ECD0A36933449E4207D2636024612946F6
:10CB90000E4B1868FEF799FEE0E7002100910B4666
:10CBA00032462046FFF7A2FF0028D7D14FF05003AE
:10CBB00083F31188BFF36F8FBFF34F8FFEE7044AF3
:10CBC000106802490860136002B070BD981B002015
:10CBD0009C1B002038B50546FFF746FC0446074B72
:10CBE0001B68834205D800232B60044B1C60204641
:10CBF00038BDFFF7B1FF01232B60F6E7681C00206A
:10CC000070B582B006460D4617490968C968CC68F8
:10CC1000201DFEF773FE94F828C01CF0040F08D105
:10CC20002CF0010C84F828C0236A2046984702B0F3
:10CC300070BDA16933462A4631442046FFF7C8FE3D
:10CC40000028F1D0002100910B4632462046FFF724
:10CC50004DFF0028E8D14FF0500383F31188BFF354
:10CC60006F8FBFF34F8FFEE7981B002070B582B027
:10CC700006460C46FFF7F0FB01A8FFF7ABFF019B50
:10CC800033BB05460CB9B04219D224B1124A12681E
:10CC90001268DAB901242246711B104B1868FFF79D
:10CCA0006BF9FFF773FCA8B94FF0E0234FF0805207
:10CCB000C3F8042DBFF34F8FBFF36F8F0AE0FFF768
:10CCC00065FC29463046FFF79BFF03E01C46E2E780
:10CCD000FFF75CFC02B070BD9C1B0020BC1C002058
:10CCE00010B588B002E0049B002B0FDA002204A9E3
:10CCF0003D4B1868FFF77DF8002873D0049B002B8C
:10CD0000F1DA07990698059B9847ECE7069C63695A
:10CD100013B1201DFEF7F2FD03A8FFF75BFF049B94
:10CD2000092BE3D8DFE803F005050530375005058A
:10CD3000303794F8283043F0010384F82830059BFD
:10CD4000A169024619442046FFF742FE0028CDD0D3
:10CD5000236A2046984794F8283013F0040FC5D072
:10CD6000A269002100910B46059802442046FFF776
:10CD7000BDFE0028BAD14FF0500383F31188BFF3F2
:10CD80006F8FBFF34F8FFEE794F8283023F0010335
:10CD900084F82830AAE794F8283043F0010384F897
:10CDA00028300599A16131B103460246014420466D
:10CDB000FFF70EFE9AE74FF0500383F31188BFF39D
:10CDC0006F8FBFF34F8FFEE794F8283013F0020FF8
:10CDD00004D023F0010384F8283087E7204600F0D0
:10CDE000B1F983E708B010BDBC1C002000B583B0CA
:10CDF00001A8FFF7DDFD0199FFF738FFFFF770FF8E
:10CE0000F6E708B54FF0E0231B69FFF779FD01282D
:10CE100000D108BD00F0AEFAFBE70000EFF3058398
:10CE20002BB9064B186828B901221A6070476FF0B9
:10CE3000050070474FF0FF30704700BF201F0020F3
:10CE4000EFF3058373B90A4B1B68012B0DD110B5A5
:10CE50000024084BDC77064B02221A60FFF7AEFA7B
:10CE6000204610BD6FF0050070474FF0FF3070474F
:10CE7000201F002000ED00E0F0B587B000240594ED
:10CE8000EFF3058474BB68B322B31568936903B9E3
:10CE900018235C1E372C49D8546814F0010F47D171
:10CEA00056696EB14FEA960C94682CB1D7685B2F27
:10CEB00002D9176907B1C6B92CB14FF0FF340EE0A3
:10CEC0004FF0800CF0E7D4688CB9146994B14FF03E
:10CED000FF3404E01546002418234FF0800C012C89
:10CEE0000AD0ACB1059807B0F0BD0124F7E74FF0C8
:10CEF000FF34F4E70024F2E7146992680292019487
:10CF000000930B4662462946FFF7E8F90590E9E7EA
:10CF100005AA019200930B461FFA8CF22946FFF7EF
:10CF200018FA0128DED000230593DBE70020DAE7BA
:10CF30000020D8E708B5EFF3058333B908B900201E
:10CF400008BDFFF79FFB0020FAE76FF00500F7E749
:10CF5000034B0360034B0B6080231360704700BFDB
:10CF6000C41E0020C41C0020034B0360034B0B6055
:10CF70004FF480731360704724230020241F002087
:10CF8000124A12F0070F1ED0D11D21F00701C1F582
:10CF9000705313440A460E48026000214160134456
:10CFA000083B23F007030B48036059601960991A86
:10CFB00051601360084B1960084B1960084B4FF023
:10CFC00000421A6070474FF47053E4E78423002056
:10CFD000985F0020802300208C5F0020885F002065
:10CFE000845F0020164B1A461B688342FBD35168AE
:10CFF00002EB010C844509D0416800EB010C63454C
:10D0000009D00360904219D0106070474068014415
:10D0100051601046F0E710B40A4C2468A3420BD0CC
:10D020005B681944416013681B680360904200D03C
:10D0300010605DF8044B70470460F7E7704700BF6D
:10D04000985F00208023002070B50546FFF704FAA2
:10D05000364B1B68A3B1364B1B681D424ED135B110
:10D06000083515F0070F02D025F007050835002D0B
:10D0700046D0304B1B68AB4251D32F4A146804E0B2
:10D08000FFF77EFFE7E722461C466368AB4202D209
:10D090002368002BF7D1254B1B68A34241D01668AB
:10D0A00008362368136063685B1B102B10D9601966
:10D0B00010F0070F08D04FF0500383F31188BFF32F
:10D0C0006F8FBFF34F8FFEE743606560FFF78AFF06
:10D0D000626818490B689B1A0B60184909688B42F3
:10D0E00001D216490B60124B1B6813436360002387
:10D0F0002360134A13680133136002E0002600E046
:10D100000026FFF743FA16F0070F0CD04FF050033C
:10D1100083F31188BFF36F8FBFF34F8FFEE70026B5
:10D12000EFE70026EDE7304670BD00BF802300200A
:10D13000845F0020885F0020985F00208C5F0020C3
:10D14000905F0020002834D038B50446A0F10805CF
:10D1500050F8043C174A1268134208D14FF05003AC
:10D1600083F31188BFF36F8FBFF34F8FFEE750F843
:10D17000081C41B14FF0500383F31188BFF36F8F48
:10D18000BFF34F8FFEE723EA020340F8043CFFF7AA
:10D1900063F954F8041C084A13680B4413602846CA
:10D1A000FFF720FF054A136801331360FFF7EEF91C
:10D1B00038BD7047845F0020885F0020945F0020A6
:10D1C00082B0002301930D4B1B68B3F1FF3F08D0E1
:10D1D0004FF0500383F31188BFF36F8FBFF34F8F6E
:10D1E000FEE74FF0500383F31188BFF36F8FBFF357
:10D1F0004F8F019B002BFCD002B07047040200202F
:10D2000008480068006880F308884FF0000080F349
:10D21000148862B661B6BFF34F8FBFF36F8F00DF24
:10D2200000BF000008ED00E0DFF80C00016841F4E9
:10D23000700101607047000088ED00E04FF08073DE
:10D2400040F8043C21F0010140F8081C054B40F86F
:10D250000C3C40F8202C6FF0020340F8243C44388A
:10D26000704700BFC1D100080000000000000000AE
:10D27000074B19680868B0E8F04F80F30988BFF3DE
:10D280006F8F4FF0000080F311887047AFF300807C
:10D29000981600204FF0500383F31188BFF36F8F6F
:10D2A000BFF34F8F0B4A136801331360012B00D07B
:10D2B00070474FF0E023D3F8043D13F0FF0FF7D091
:10D2C0004FF0500383F31188BFF36F8FBFF34F8F7D
:10D2D000FEE700BF04020020094B1B6843B94FF072
:10D2E000500383F31188BFF36F8FBFF34F8FFEE7B7
:10D2F000013B034A13600BB983F31188704700BFE9
:10D3000004020020000000000000000000000000F7
:10D31000EFF30980BFF36F8F154B1A681EF0100FE3
:10D3200008BF20ED108A20E9F04F10602DE90900B8
:10D330004FF0500080F31188BFF34F8FBFF36F8F12
:10D34000FFF7C6F94FF0000080F3118809BC196897
:10D350000868B0E8F04F1EF0100F08BFB0EC108A5C
:10D3600080F30988BFF36F8F704700BFAFF3008071
:10D370009816002008B54FF0500383F31188BFF3CF
:10D380006F8FBFF34F8FFFF775F828B14FF0E02391
:10D390004FF08052C3F8042D002383F3118808BD99
:10D3A0004FF0E022002313619361054B1B68054990
:10D3B000A1FB03139B09013B5361072313617047D2
:10D3C00000020020D34D62104FF0E023D3F8002D6F
:10D3D0003D4B9A421CD04FF0E023D3F8002D3B4B3D
:10D3E0009A421ED030B583B0394B1A78D2B201922E
:10D3F000FF221A701B78DBB28DF803309DF80330E2
:10D4000003F05003334A1370334B07221A601BE0BA
:10D410004FF0500383F31188BFF36F8FBFF34F8F2B
:10D42000FEE74FF0500383F31188BFF36F8FBFF314
:10D430004F8FFEE7284A1368013B13609DF80330C5
:10D440005B00DBB28DF803309DF8033013F0800FE2
:10D45000F0D1214B1B68032B08D04FF0500383F30E
:10D460001188BFF36F8FBFF34F8FFEE71B021A4A7D
:10D47000136003F4E0631360019BDBB2144A137082
:10D480004FF0E024D4F8203D43F47003C4F8203D6D
:10D49000D4F8203D43F07043C4F8203DFFF780FFEF
:10D4A00000250E4B1D60FFF7BFFED4F8343F43F05C
:10D4B0004043C4F8343FFFF7A3FEFFF709F9FFF735
:10D4C0007FFE284603B030BD71C20F4170C20F41CC
:10D4D00000E400E0A05F0020A45F00200402002020
:10D4E000EFF305830F2B0FD9114A9B5CDBB2114A76
:10D4F00012789A4208D94FF0500383F31188BFF392
:10D500006F8FBFF34F8FFEE74FF0E023D3F80C3D52
:10D5100003F4E063084A1268934208D94FF05003BD
:10D5200083F31188BFF36F8FBFF34F8FFEE7704710
:10D53000F0E300E0A05F0020A45F00202DE9F041AF
:10D5400086B0064600240094AA23037000F5805399
:10D55000552283F8CC20FBF701FF019402230593A9
:10D560000B23039301230493694601A8FBF7F2FF01
:10D57000804680B900240F4D41F2CF039C4214D85D
:10D580003259002329460220FBF73AFF074630B9FB
:10D5900004350434F0E7FBF7F9FE474601E0FBF7FA
:10D5A000F5FE384606B0BDE8F081FBF7EFFE4746D2
:10D5B000F7E700BF00000E082DE9F8430446394B99
:10D5C000436039498160394EC660394A026143611E
:10D5D0008161C6610262374A4262374A82623749D4
:10D5E000016337494163C263364A0264364A426482
:10D5F00000258564C364354A026543654FF0010820
:10D6000080F868808565C5650566314B03674367AB
:10D61000836745664FF0020980F87D90002780F807
:10D620007C70C0F880504FF4805239468430F2F755
:10D63000DBFE04F5805446F2A813C4F8843084F865
:10D640008D70072384F88C304FF07E53C4F89430EB
:10D65000204BC4F89030204BC4F888301F4BC4F8DE
:10D6600098301F4BC4F89C30C4F8A030C4F8A49084
:10D67000C4F8A8804FF47A73A4F8AC30194BC4F8FE
:10D68000B030194BC4F8B430184BC4F8B830C4F8F3
:10D69000BC50174BC4F8C030C4F8C450C4F8C860BC
:10D6A000BDE8F8830AD7233CB45981400000A0406C
:10D6B00017B7D1380000C8420000204160E5503D56
:10D6C000000020400AD7A33B3333834000A03E45EF
:10D6D0000060F944CDCCCC3D9A99193FB81E853EE7
:10D6E000ACC527390000484100008242000090414B
:10D6F0000000FA4310B5044641F2D0020749F2F7A0
:10D70000D9FD2378AA2B05D104F5805393F8CC30AA
:10D71000552B02D02046FFF74FFF10BD00000E082A
:10D7200000F58053D3ED267AF5EEC07AF1EE10FACB
:10D730003BD9B0EE087AF4EEC77AF1EE10FA34DC99
:10D7400093ED277AB5EEC07AF1EE10FA2DD9F0EE0E
:10D75000086AB4EEE67AF1EE10FA26DCD3ED286A18
:10D76000F5EEC06AF1EE10FA1FD9B0EE086AF4EED9
:10D77000C66AF1EE10FA18DC90ED096AB5EEC06ADF
:10D78000F1EE10FA11D9DFED095A26EE256A27EEDF
:10D79000067A80ED017A67EE867AC0ED027A66EE4F
:10D7A000866AC0ED056AC0ED067A7047DB0FC94096
:10D7B00070B5444B1A6B42F007021A631A6B42F4BD
:10D7C00080021A635A6C42F001025A643E4C4FF4D4
:10D7D00080732360022363600025A5600323E36058
:10D7E00001232361394E21463046FBF7FDFE4FF4FD
:10D7F0000073236021463046FBF7F6FE4FF480634A
:10D80000236021463046FBF7EFFE4FF400532360C0
:10D8100006F5806621463046FBF7E6FE4FF480436E
:10D82000236021463046FBF7DFFE4FF400432360C0
:10D8300021463046FBF7D8FE254B1A6822F001023C
:10D840001A601A6822F060021A601A6842F0200218
:10D850001A601A6842F080021A601D639D61DD61E2
:10D86000DA6922F4E042DA61DA6942F4C042DA614C
:10D870009A6942F068029A619A6942F4D0429A61C8
:10D88000DA6942F06802DA611A6A42F4AA5242F096
:10D8900015021A625D645A6C42F440625A645A6C12
:10D8A00022F0FF025A645A6C42F005025A645A6C24
:10D8B00042F400425A645A6942F001025A611D6101
:10D8C00070BD00BF00380240A85F00200000024089
:10D8D00000000140036843F001030360704700004B
:10D8E000074A536C43F400335364064BA7229A62F1
:10D8F0004FF6FF72DA625A6942F001025A617047CC
:10D9000000380240004401400F4A136C43F0020308
:10D9100013640E4B40F247329A6240F2E732DA6209
:10D920005A6942F001025A611A6922F001021A6131
:10D93000DA6842F00102DA60054B602283F81D23A9
:10D940004FF000521A607047003802400004004057
:10D9500000E100E010B4274B1A6B42F001021A6399
:10D960005A6C42F4E0625A64234A13686FEA9333B4
:10D970006FEA83331360D36823F47F5323F03F03AC
:10D98000D3601E4B1E4A5A60A3F540734FF4C07219
:10D990005A60002098609A6842F400129A60194A0E
:10D9A0009A63194A1A6119494FF480744C6088606F
:10D9B000174A8A63174A0A61174A546090601748E9
:10D9C00090634FF4D86010611548602480F81243CA
:10D9D0004FF480240460986840F0010098608B68E0
:10D9E00043F001038B60936843F0010393605DF89B
:10D9F000044B704700380240000002400023014001
:10DA0000150001000010230003300C00002101402C
:10DA1000209422001880010000220140408C210047
:10DA200000E100E080EA102080EA101080EA900017
:10DA300080EA500000F00100704700B587B0002375
:10DA400001930293039304930593436A1A89019205
:10DA5000012202920322049201A95868FBF7C4FD37
:10DA600007B05DF804FB70B584B0044647F6FF7557
:10DA7000ADF80E502846FFF7D5FF45EAC035ADF8A2
:10DA80000E50626A138952681B049361636A04F141
:10DA9000280518686426009602232A460DF10E0117
:10DAA000FCF7E7FE636A5A681B8993610120FCF763
:10DAB00079F9626A138952681B049361636A186872
:10DAC000009602232A460DF10E01FCF7D2FE636A8E
:10DAD0005A681B89936194F8283094F8294044EAE5
:10DAE0000324631E9BB24FF6FD72934208D8C4F321
:10DAF0000E00FFF797FFB0EBD43F05D1012001E006
:10DB00004FF0FF3004B070BD0020FBE770B5064653
:10DB10000024254609E03046FFF7A5FF05446DB215
:10DB20000120FCF73FF90134E4B2092CF3D9042DAC
:10DB300001DC002070BD0120FCE730B583B0044655
:10DB400047F6FF75ADF806502846FFF76BFF45EA2C
:10DB5000C035ADF80650626A138952681B049361A0
:10DB6000606A022304F128020DF106010068FCF747
:10DB7000ABFF10B9012003B030BD0020FBE700006F
:10DB800010B5436A5A681B89936190F8283090F861
:10DB9000294044EA0324C4F30E00631E9BB24FF6EF
:10DBA000FD7293420FD8FFF73DFFB0EBD43F0DD18C
:10DBB000C4F30D0300EE103AB8EEC00ADFED057AAB
:10DBC00020EE270A01E0BFEE000A10BDBFEE000AFA
:10DBD000FBE700BFD002B43C38B5104C4FF4805383
:10DBE0002360012363600023A3600323E3600C4DE3
:10DBF00021462846FBF7F8FC4FF4006323602146DA
:10DC00002846FBF7F1FC4FF4004323604FF4041364
:10DC1000636021460348FBF7E7FC38BDA85F00209E
:10DC2000000802400000024010B584B0C00200F4B9
:10DC3000F040C1F30A010843000A8DF80C008DF88A
:10DC40000D100B4C4FF08053A3616423009302230B
:10DC500002AA03A90748FCF70CFE4FF48053A36106
:10DC60009DF808009DF8093043EA002004B010BD7B
:10DC700000080240DCF90020F0B10368F3B1002293
:10DC80005A639A63DA63DA6A013A1A641A6A42F4E6
:10DC9000885242F011021A621A6A42F4886242F013
:10DCA00004021A625A6C42F400425A641A6842F042
:10DCB00001021A6001207047002070470020704761
:10DCC00010B40468616301688A630268D3635DF815
:10DCD000044B7047E8B1DFED127AB4EEE70AF1EEDB
:10DCE00010FA18DCF5EEC00AF1EE10FA15D980ED45
:10DCF000050AC0ED060A20EE200AB7EE007AC7EE4C
:10DD0000007AC0ED0A7AC0ED0B7AC0ED0C7A0120E2
:10DD1000704700207047002070470020704700BF08
:10DD200000002042F0B52DED028B85B004462B4853
:10DD3000F3F79EF900231A4619462046FFF7C0FF65
:10DD40006420FFF7F7F800242546264627460CE016
:10DD5000234BDB6B1F44234BDB6B1E44224BDB6BE3
:10DD60001D440120FFF7E6F80134B4F5FA6FEFDB4C
:10DD700007EE907AF8EE677A9FED1C7AC7EE876A15
:10DD80001B4BC3ED1C6A07EE906AF8EE677A87EECC
:10DD9000878A83ED1D8A07EE905AF8EE677AC7EE00
:10DDA000878AC3ED1E8A16EE900AF9F7A5FB044692
:10DDB0000D4618EE900AF9F79FFBCDE9020118EE27
:10DDC000100AF9F799FBCDE9000122462B460948D4
:10DDD000F3F7C6F805B0BDEC028BF0BD881E010854
:10DDE0000020014000210140002201400000FA44CF
:10DDF00028050020B01E010810B4274CE46BA4B223
:10DE00008481264CE46BA4B2C481254CE46BA4B29B
:10DE10000482B0F80CC01FFA8CF406EE904AF8EEBB
:10DE2000666A204CD4ED1C7A76EEE76A9FED1E6A96
:10DE300066EE866AD0ED0A7A66EEA76AB0F80EC082
:10DE40001FFA8CFC07EE10CAB8EE477AD4ED1D7AA3
:10DE500037EE677A27EE067AD0ED0B7A27EE277A2F
:10DE6000B0F810C01FFA8CFC07EE90CAF8EE677A83
:10DE7000D4ED1E5A77EEE57A67EE867A90ED0C6A5D
:10DE800067EE867AC1ED006A82ED007AC3ED007A12
:10DE90005DF8044B704700BF0020014000210140A5
:10DEA00000220140280500203333533A8446E8B16C
:10DEB000F1B1104B186820F020001860986840F00D
:10DEC0008040986052000C4BB3FBF2F2531ECCF82A
:10DED000001000208862DCF80010CB62DCF8001033
:10DEE000023A0A64CCF808300120704700207047DD
:10DEF0000020704700200140007A030A10B5044654
:10DF0000FFF76AFE174B4FF400629A611420FBF78B
:10DF100049FF01210220FFF787FE1420FBF742FF93
:10DF200001210220FFF780FE40F2AA310320FFF713
:10DF30007BFE40F2AA710420FFF776FE40F25911F1
:10DF40000520FFF771FE46F2A81207492046FFF7A9
:10DF5000ADFFDFED060A9FED060A2046FFF7BAFE89
:10DF600010BD00BF00080240000001406F12033BDB
:10DF700000002042084B094A5A60094A9A604FF44F
:10DF800000719981074959619A614FF400629A833F
:10DF90000020054B18707047C05F0020DCF900209E
:10DFA0000004024034FA0020BC5F002038B5244C45
:10DFB0002346002203F8042B636202236370204689
:10DFC000FFF73BFD2046FFF7A1FD90B11C4B1D4A1A
:10DFD0005A661D4A9A661D4A002482F87C40022136
:10DFE00082F87D1001221A490A7083F82C202046FD
:10DFF00038BD0446124D2B46012203F8142B6B62E8
:10E0000002236B702846FFF718FD2846FFF77EFDB8
:10E0100030B90B4B00225A7083F82C200124E6E71C
:10E02000084A6A66084AAA660849012281F87C20E3
:10E03000022081F87D0006490A7085F82C20D6E779
:10E04000C05F00203BDB000881DB000828050020C2
:10E05000BC5F002010B51C4B5B7843B1022B0AD08B
:10E06000194B1B785BB1012B0DD0002413E017482E
:10E07000F2F7FEFF26E01648F2F7FAFFF0E7154840
:10E08000F2F7F6FFF1E71448F2F7F2FFEDE70120AF
:10E09000FEF750FF0134B4F57A7F0CDA0A48836E3C
:10E0A0009847B5EEC00AF1EE10FAF0D50B4A138886
:10E0B00001331380EBE7094C21880948F2F750FF40
:10E0C0000023238010BD00BFC05F0020E41E0108B4
:10E0D000FC1E0108101F01082C1F01080802002067
:10E0E000481F0108174B93F87C30ABB9164A13460A
:10E0F000002103F8041B5362124B93F87D30124A3F
:10E100005370022B0FD0032B1AD00F4A00235366F3
:10E1100093660E4A137070470B4A1346012103F8A9
:10E12000141B5362E8E710B5074C2046FFF785FC47
:10E13000074B6366074BA366044B01221A7010BDA0
:10E14000704700BF28050020C05F0020BC5F002092
:10E150003BDB000881DB0008836E002B00F082802F
:10E1600010B52DED048B04469847B0EE408A84ED3F
:10E170000C0AB5EEC00AF1EE10FA2BD40023638529
:10E18000012384F82C30D4ED0F8A70EE688A9FED5D
:10E19000370A38EE800A9FED369A80EE090AF7F7C3
:10E1A0005DFF20EE090A78EEC08AF0EEE88ADFED26
:10E1B000317AF4EEE78AF1EE10FA1ADD94F8403085
:10E1C0000133DBB284F84030092B0FD9002384F8E7
:10E1D000403011E0638D01339BB263851E2B02D961
:10E1E000002384F82C3094ED0D0A2CE094ED0D0AF8
:10E1F00029E0002384F8403084ED0F8AD4ED0D8AA5
:10E2000038EE688A9FED190A38EE000A9FED189AD9
:10E2100080EE090AF7F722FF20EE090A38EE408A5D
:10E220009FED150A28EE008A38EE888A84ED0D8A63
:10E23000B4EEC98AF1EE10FA08DB38EE498A84EDB3
:10E240000D8A94ED0D0ABDEC048B10BDB5EEC08AAD
:10E25000F1EE10FAF5D5DFED067A38EE278A84ED77
:10E260000D8AEEE79FED050A704700BF00003443BA
:10E270000000B443000048429851EC3D000000000B
:10E2800010B52DED048B0446F0EE408A90ED0D9A0A
:10E2900090ED118A39EE488ADFED307A78EE277AF0
:10E2A0009FED2F0A27EE800AF7F7D8FEDFED2D7AD3
:10E2B00020EE270A38EE408A84ED119AF5EE408A66
:10E2C000F1EE10FA46D09FED280A28EE008A9FED65
:10E2D000250A68EE808AC8EE287A94ED138A77EED4
:10E2E000C88AB0EEE87AF3EE046AB4EEE67AF1EEAC
:10E2F00010FA11DDF0EE660AB6EE000A27EE000A0B
:10E30000F7F710FFF0EEC07A18EE903A002B01DA22
:10E31000F1EE677A78EE277A94ED120A9FED137A80
:10E3200020EE070A9FED127A27EE877A30EE070A71
:10E33000F0EEC06A9FED0F7AF4EEC76AF1EE10FAC4
:10E3400001D59FED0D0AC4ED137A84ED120ABDECE0
:10E35000048B10BD94ED120AF9E700BF00003443AE
:10E36000610B363B0000B4430000704266B8913E3A
:10E37000CD23373FCDCCCC3D00000000D0B52DEDF6
:10E38000028B044690ED0D8AD0ED167A78EE677A0E
:10E390009FED237AF4EEC77AF1EE10FA2FD5D0ED87
:10E3A000177AB7EE007A77EE877AC0ED177AE06DCC
:10E3B000F9F7A2F800221B4BF9F7F6F806460F46CC
:10E3C00018EE100AF9F798F832463B46F8F736FF90
:10E3D000F9F7E2FB07EE900A94ED180A9FED127A26
:10E3E00020EE070A9FED117A67EE877A30EE270A52
:10E3F00084ED180A84ED168ABDEC028BD0BD9FED2A
:10E400000C7AF4EEC77AF1EE10FAD0DDD0ED177A7F
:10E41000B7EE007A77EEC77AC0ED177AC7E700BF8C
:10E42000000034C3008076406666663FCDCCCC3DAC
:10E430000000344338B52DED028B00241AE007EEBE
:10E44000904AB8EEE78ADFED0E7A28EE278AB0EE22
:10E45000480AF7F7A1FEA5000A4B03EB840383EDFE
:10E46000000AB0EE480AF7F7C1FD074B2B4483EDD5
:10E47000000A0134B4F5805FE1DBBDEC028B38BDEE
:10E48000DB0FC93A2CA000202C60002005E09FED96
:10E490000F7A77EE877AC0ED007AD0ED007AF5EE4C
:10E4A000C07AF1EE10FAF2D405E09FED087A77EE2B
:10E4B000C77AC0ED007AD0ED007A9FED047AF4EED1
:10E4C000C77AF1EE10FAF0DA704700BFDB0FC940EF
:10E4D00000B583B08DED010A01A8FFF7D7FFDDED90
:10E4E000016A9FED157AC6EE877ABDEEE77A17EEE0
:10E4F000102AB8EEC70A77EEC07A531C5942C3F30C
:10E500000B03C1F30B0158BF4B420C4901EB8202D4
:10E5100092ED000AB7EE007A37EE677A20EE070A2E
:10E5200001EB830393ED007A67EE277A30EE270A3A
:10E5300003B05DF804FB00BFDB0FC93A2CA000203C
:10E5400000B583B08DED010A01A8FFF79FFFDDED57
:10E55000016A9FED157AC6EE877ABDEEE77A17EE6F
:10E56000102AB8EEC70A77EEC07A531C5942C3F39B
:10E570000B03C1F30B0158BF4B420C4901EB820264
:10E5800092ED000AB7EE007A37EE677A20EE070ABE
:10E5900001EB830393ED007A67EE277A30EE270ACA
:10E5A00003B05DF804FB00BFDB0FC93A2C6000200C
:10E5B00038B52DED028BB0EE408A05460C46FFF7CC
:10E5C00087FF85ED000AB0EE480AFFF7B9FF84ED3A
:10E5D000000ABDEC028B38BDDFED0D7A60EE277AC4
:10E5E0009FED0C7A60EE870A77EEA00A60EE217A42
:10E5F00020EE817A77EE877AC0ED007A60EEA10A8C
:10E6000020EE010A70EEC00AC1ED000A704700BF9B
:10E610003ACD133F3ACD933F60EE217A20EE817AD6
:10E6200077EEC77AC0ED007A20EE010A61EEA01AFB
:10E6300030EE210A81ED000A7047000070B480EED0
:10E64000014AC0EE817AF5EEC07AF1EE10FA5BDB9A
:10E65000B5EEC04AF1EE10FA28DB9FED867A27EE80
:10E66000877AB4EEC47AF1EE10FA00F3A68034EEA5
:10E67000477A06EE900AB8EE666A27EE067ABDEE95
:10E68000C77A17EE105ADFED7C5A67EEA57A26EEB0
:10E69000276AFDEEC67A17EE906A05EB000CB444CB
:10E6A0004FEA5C04C5EB5C05AE1BA6E09FED735A18
:10E6B00027EE855AB4EEC45AF1EE10FA7DDDDFED97
:10E6C0006E4A67EEA44A07EE100AF8EE473A64EE87
:10E6D000A34ABDEEE47A17EE106AB1EE447ADFED9C
:10E6E000655A67EEA57A77EE677A63EEA73AFDEE94
:10E6F000E37A17EE904A06EB000CA4444FEA5C055F
:10E70000C6EB5C06341B78E0B5EEC04AF1EE10FAB9
:10E710002BDB9FED5A5A27EE855AB4EEC45AF1EE20
:10E7200010FA70DCDFED564A67EEA44A07EE100AD5
:10E73000F8EE473A64EEA34ABDEEE47A17EE105ABB
:10E740009FED4C7A67EE877A37EE847A63EE873AEC
:10E75000FDEEE37A17EE906A05EB000CB4444FEA45
:10E760005C04C6EB5C06751B47E09FED425A27EE42
:10E77000855AB4EEC45AF1EE10FA44DD35EE445A2F
:10E7800007EE100AB8EE477A25EE075AFDEEC56A85
:10E7900016EE904ADFED3A5A67EEA57A27EE277A11
:10E7A000FDEEC77A17EE905A04EB000CAC444FEA2A
:10E7B0005C06C5EB5C052C1B1FE0DFED2E5A67EEF7
:10E7C000A55A35EE846A07EE900AF8EE676A26EEDF
:10E7D000266AFDEEC67A17EE906A75EEC45A66EEAA
:10E7E000A56AFDEEE67A17EE904A06EB000CA4440B
:10E7F0004FEA5C05C4EB5C04A61B002C26DB8442BC
:10E8000025D9044623E0B1EE446A9FED1A7A67EEFB
:10E81000877A36EE676A07EE100AB8EE475A26EE98
:10E82000056ABDEEC67A17EE104A74EE677A65EE99
:10E83000277AFDEEE77A17EE905A04EB000CAC4411
:10E840004FEA5C06C4EB5C04651BD6E70024002D90
:10E8500003DB854202D9054600E00025002E03DBDC
:10E86000864202D9064600E000260C6015601E6054
:10E8700070BC70473ACD133F3ACD933F3ACD13BFAA
:10E880003ACD93BF98B191B18AB183B1C0F8CC10A1
:10E89000C0F8D020C0F8D430009BC0F8D830002396
:10E8A0000B60D0F8D0201360D0F8D42013607047EC
:10E8B000214BD3ED107AF8EE677A9FED207A67EE60
:10E8C000877A9FED1F7A67EE877A90ED2A7AF6EEC7
:10E8D000006A27EE267A67EEA67A77EE277AC0EDF1
:10E8E0002A7AB2EE047AF4EEC77AF1EE10FA0FDA71
:10E8F000B2EE007AF4EEC77AF1EE10FA1AD5B7EE5E
:10E90000007AF4EEC77AF1EE10FA08DC00207047C6
:10E910000C4AD36E23F00103D36600207047094BE5
:10E92000DB6E13F0010F03D143F00103054AD366F8
:10E930000120704700207047002201403333533AD2
:10E94000CDCC14412805002008B180ED0D0A704798
:10E9500010B52DED028B88B0044640B300F1A4033E
:10E9600000F1A00200F19C01FFF746FA5D4BB3F9FC
:10E97000AC30002B08DDB4F84E229A4204DD0023AF
:10E98000C4F8C430C4F8C030D4ED308AD4ED0D7A68
:10E99000B1EE678AF4EEC88AF1EE10FA11D9F4EEFE
:10E9A000E78AF1EE10FA0EDBF0EE678A0BE0002347
:10E9B000C0F8E830C0F8FC30C0F81C31C0F8303185
:10E9C00083E0F0EE488A94ED317AB4EEC78AF1EE36
:10E9D00010FA06DAF4EEC77AF1EE10FA79D8B0EE52
:10E9E000678A404B93F88D30012B75D006A907A894
:10E9F00094ED170AFFF7DCFD04F1740104F17000D7
:10EA0000DDED061A9DED071AD4ED280A94ED270ACC
:10EA1000FFF7E2FD94ED1C0A04F5F47002F034FDFA
:10EA200084ED1E0A94ED1D0A04F5037002F02CFD1E
:10EA300084ED1F0A94ED1E0A38EEC00A04F1DC00D2
:10EA400002F0EAF884ED1A0A94ED1F0A38EE400A43
:10EA500004F5887002F0E0F8F0EE400A84ED1B0A3D
:10EA600004A905A8DDED061A9DED071A94ED1A0A12
:10EA7000FFF7D2FD01AB02AA03A9D4F8D80094EDA8
:10EA80002A1ADDED040A9DED050AFFF7D7FD039B69
:10EA900023B1D4F8D820934228BF1346D4F8CC2011
:10EAA0001360029B23B1D4F8D820934228BF1346A9
:10EAB000D4F8D0201360019B23B1D4F8D82093421E
:10EAC00028BF1346D4F8D420136008B0BDEC028BE5
:10EAD00010BDB0EE478A84E7B1EE488AF1EE688A4D
:10EAE00084E700BF2815002010B5044628B190F82F
:10EAF0004432013BDBB2012B05D90023C4F850316D
:10EB0000C4F8643110BD0023C0F8C030D0ED2D7AB8
:10EB100030EE670A00F5A27002F07EF884ED310A4B
:10EB2000F0E710B5044618B190F84432022B05D036
:10EB30000023C4F88431C4F8983110BDD0ED2E7A8A
:10EB400030EE670A00F5BC7002F0B2F884ED320ACC
:10EB50002046FFF7C9FFF0E730B583B004463F48D1
:10EB6000FFF7FAFADFED3E7A20EE270A3D4DD5EDAC
:10EB7000207A30EE670A2046543080ED000AFFF715
:10EB800085FC94ED157A05F5805595F88C3007EEE7
:10EB9000903AF8EEE77A67EE877ACDED017A95F84C
:10EBA0008D30012B4ED0019BA365DFED2F7A87EED0
:10EBB000270ADFED2E0A20EE200AF7F729FBB5EE33
:10EBC000C00AF1EE10FA44D4FDEEC07A17EE903A86
:10EBD0005A42C3F30903C2F3090258BF53425A1CF5
:10EBE0005142C2F30902C1F3090158BF4A4207EE7C
:10EBF000903AF8EEE77A30EE670A1A49203301EBD3
:10EC00008303D3ED017AB7EE007A37EE407A67EEF0
:10EC1000877A203201EB820292ED017A27EE000A18
:10EC200037EE800ADDED017A37EE800A8DED010ABC
:10EC300001A8FFF72BFC019BE3650D4B01221A7025
:10EC400003B030BDDFED086A76EEE77ACDED017AEC
:10EC5000A9E7DFED067A30EE270AB5E7C05F0020AE
:10EC600035FA8E3C28050020DB0FC94000008044A7
:10EC7000BC5F002080ED2D0A7047000010B50446EF
:10EC8000FFF766FE0D4B1B78092B05D800200B4AB9
:10EC900013780133137010BD084B00221A709FEDDA
:10ECA000080A0848FFF7ECFA84ED2D0A2046FFF722
:10ECB000E1FF0120044B1870E9E700BF2CF80020A9
:10ECC00017B7D139C05F00202DF8002008B50346E2
:10ECD0000846D3ED006ADFED1A7A66EEA76A194A94
:10ECE000D2ED257A66EEA76A93ED017A9FED166A5A
:10ECF00027EE067A27EE877A93ED046AD2ED245A3E
:10ED000026EE256A27EE866A0022C1F8C020D3EDE0
:10ED1000027AD1ED2E5A76EEE56A67EEA67A77EEA4
:10ED2000867AD3ED036A91ED2D6A37EE467A26EEA8
:10ED3000877A77EE877AC1ED317AFFF79FFF08BDBA
:10ED4000E12E654228150020EBC91841034BD3ED95
:10ED5000197A30EE670A80ED2E0A704728050020E8
:10ED600000284CD010B50446254BDB6E13F0010F84
:10ED70000FD1244B93F82C303BB190F84432032B45
:10ED800007D8DFE803F00724112F1A461946FEF7CB
:10ED900097FF10BD0023C0F8C030194B1B6EC0F8A0
:10EDA000C430FFF76BFFF4E7FFF768FF0128F0D1ED
:10EDB0001448FFF7E3FA84ED2E0A2046FFF7C6FF5A
:10EDC0000F4B93ED160A2046FFF7ABFEE1E7FFF786
:10EDD00055FF0128DDD10A4B93ED170A2046FFF7B6
:10EDE00083FED6E70748FFF7C9FA84ED2E0A2046CE
:10EDF000FFF7ACFF21460448FFF768FFC9E77047FB
:10EE000028050020C05F0020FC040020002380F8BB
:10EE10004C3280F84D3270470023DFED127AB0EEAD
:10EE2000677A0EE0104A02EB8302D2ED006A37EEF9
:10EE3000267A0E4A02EB8302D2ED006A77EEA67ABA
:10EE400001337F2BEEDDDFED0A6A27EE267A67EECF
:10EE5000A67AC7EE276AF0EEE67A064BC3ED267A6D
:10EE6000704700BF000000002CE400202CE00020D0
:10EE70000000003C2815002030B52DED108B83B02C
:10EE800005468DED010A0023DFED977AF0EE67AAC3
:10EE9000B0EE67BAF0EE67BA1CE0944A02EB830268
:10EEA00092ED007A7BEE87BA914A02EB830292EDF3
:10EEB000007A3BEE07BA8F4A02EB830292ED007AAA
:10EEC0007AEE87AA8C4A02EB830292ED007A77EE03
:10EED000877A01337F2BE0DD9FED887A6BEE87BA6E
:10EEE0002BEE07BA6AEE87AA67EE877ACDED007A35
:10EEF00000249FED7DCAF0EE4CCAB0EE4CDAF0EE85
:10EF00004CDAB0EE4CEAF0EE4CEAB0EE4CFAF0EE31
:10EF10004CFA6AE0D5ED117A07EE104AB8EEC78ACE
:10EF200028EE278ADDED017A28EE278A6F4B03EB66
:10EF3000840393ED00AA3AEE6BAA6D4B03EB8403B6
:10EF400093ED009A39EE4B9A6A4B03EB8403D3EDB1
:10EF5000009A79EEEA9A684B03EB8403D3ED008ABA
:10EF6000DDED007A78EEE78AB0EE480AFFF7E8FABE
:10EF700020EE0A0A7FEE80FAB0EE480AFFF7A8FA00
:10EF800020EE0AAA3FEE0AFAB0EE480AFFF7D8FAD6
:10EF900020EE290A7EEE80EAB0EE480AFFF798FAE2
:10EFA00060EE299A3EEE29EAB0EE480AFFF7C8FA69
:10EFB00020EE090A7DEE80DAB0EE480AFFF788FA03
:10EFC00020EE099A3DEE09DAB0EE480AFFF7B8FAEA
:10EFD00020EE280A7CEE80CAB0EE480AFFF778FAE5
:10EFE00060EE288A3CEE28CA01347F2C92DDDFEDEA
:10EFF000447A6FEEA7FA2FEE27FA6EEEA7EA2EEE0E
:10F0000027EA6DEEA7DA2DEE27DA6CEEA7CA2CEE12
:10F0100027CA2FEEAF0A6FEE0F7A30EE270AF7F706
:10F0200021F9F0EE40AA2EEEAE0A6EEE0E7A30EE28
:10F03000270AF7F717F9B0EE40AA2DEEAD0A6DEEEC
:10F040000D7A30EE270AF7F70DF9F0EE409A2CEE24
:10F05000AC0A6CEE0C7A30EE270AF7F703F9B0EE43
:10F06000409AF0EE6F0AB0EE4F0AF7F7CFF8F0EEE5
:10F07000408AF0EE6E0AB0EE4E0AF7F7C7F878EE67
:10F08000C08AF0EE6D0AB0EE4D0AF7F7BFF8B0EEA9
:10F09000408AF0EE6C0AB0EE4C0AF7F7B7F838EE9B
:10F0A000408A8AEE8ABA89EE89AAB0EE680AF7F732
:10F0B00073F860EE0B7A95ED119AC7EE898AB0EE7F
:10F0C000480AF7F769F820EE0A7AC7EE097AF0EEF7
:10F0D000E88A0C4BC3ED278AF0EEE77AC3ED287A75
:10F0E00003B0BDEC108B30BD000000002CE400200C
:10F0F0002CE600202CE000202CE200200000003C48
:10F100000000803C2815002010B5094C84F8480008
:10F110006420FDF70FFF012384F8503002E0012046
:10F12000FDF708FF024B93F85030002BF7D110BDCC
:10F13000AC0200201C4B93ED2A7AF2EE047AB4EE76
:10F14000E77AF1EE10FA2BD470B582B01C4683ED4D
:10F15000100A4FF400752A4600211448F1F744F9CB
:10F160002A4600211248F1F73FF90020FFF7CCFFB3
:10F170002046FFF751FE0F4BD3F89860206CF8F74C
:10F18000BBF904460D463046F8F7B6F9CDE9000163
:10F1900022462B460848F1F7E3FE002002B070BD7E
:10F1A0004FF0FF30704700BFAC0200202CE400207D
:10F1B0002CE0002028150020701F01082B4B93ED38
:10F1C0002A7AF2EE047AB4EEE77AF1EE10FA49D434
:10F1D000F0B585B01C4683ED0F0AC3ED100ADFEDD4
:10F1E000247A20EE270A83ED110A4FF400752A468F
:10F1F00000212048F1F7F8F82A4600211E48F1F7CF
:10F20000F3F82A4600211D48F1F7EEF82A460021BE
:10F210001B48F1F7E9F80120FFF776FF0220FFF71E
:10F2200073FF9FED180A2046FFF726FE164BD3F812
:10F230009C60D3F8A070E06BF8F75EF904460D46C9
:10F240003846F8F759F9CDE902013046F8F754F994
:10F25000CDE9000122462B460C48F1F781FE002043
:10F2600005B0F0BD4FF0FF30704700BFAC0200208A
:10F27000DB0FC9402CE400202CE000202CE600200D
:10F280002CE20020ACC52738281500209C1F01085F
:10F2900010B5B7EE000AFFF74DFFDFED0C0A9FED4A
:10F2A0000C0AFFF78BFF0B4C2046FEF739FA626819
:10F2B000094BC3F8DC20A268C3F8E0206269C3F8F8
:10F2C0001021A269C3F8142110BD00BF9A99993F7B
:10F2D00000007A4428050020AC02002030B52DED56
:10F2E000028B89B00446B0EE408AF0EE608AD0F816
:10F2F000D85001A902A8B0EE410AFFF759F906A9B2
:10F3000007A8DDED011A9DED021AF0EE680AB0EED5
:10F31000480AFFF781F903AB04AA05A92846B2EE13
:10F32000081ADDED060A9DED070AFFF787F9059B30
:10F3300013B1AB4228BF2B46D4F8CC201360049BFA
:10F3400013B1AB4228BF2B46D4F8D0201360039BE7
:10F3500013B1AB4228BF2B46D4F8D420136009B0B8
:10F36000BDEC028B30BD000038B52DED028B05469B
:10F370009FED1E8AB0EE481AF0EE480A1C4B93ED42
:10F38000220AFFF7ABFF4FF4FA70FDF7D3FD00241C
:10F390000DE0D5F84832D3ED007A9FED167A67EE8E
:10F3A000877A38EE278A0120FDF7C4FD0134B4F5D1
:10F3B0007A7FEEDB9FED0D0AB0EE401AF0EE400AC8
:10F3C0002846FFF78BFF9FED0C7AC8EE077A0B4BB0
:10F3D000C3ED207A17EE900AF8F78EF802460B4636
:10F3E0000748F1F7BDFDBDEC028B38BD0000000001
:10F3F0002815002035FA8E3C00007A4428050020AC
:10F40000D01F010838B52DED048B05464FF480520E
:10F4100000215048F0F7E8FF4F48F1F729FE284651
:10F42000FFF7A2FF002410E003F58063002BFBDB55
:10F430005A42C3F30903C2F3090258BF5342454A73
:10F4400002EB830383ED008A0134B4F5806F3DDA6B
:10F4500007EE904AB8EEE78ADFED407A68EE277A49
:10F460003F4B93F88C2008EE102AB8EEC88A28EE9D
:10F47000278ADFED3C7A28EE278AB0EE481ADFEDC6
:10F480003A0A93ED220A2846FFF728FF0520FDF7E8
:10F4900051FD95ED159AD5ED167A38EE678A9FEDF8
:10F4A000330A38EE000ADFED328A80EE280AF6F7DA
:10F4B000D5FD20EE280A38EE408AC9EE287AB0EE53
:10F4C000677ABEEECB7A17EE103AAFE7002316E06C
:10F4D000B1F5806F26DC1F4A02EB8000D0ED007A88
:10F4E00002EB810191ED007A77EE877AB6EE007A31
:10F4F00067EE877A02EB8302C2ED007A0133B3F53F
:10F50000806F12DA134A02EB8302D2ED007AF5EE35
:10F51000407AF1EE10FAF1D1591C581ED8D503F2F9
:10F52000FF30D5E7A3F2FF31D5E74FF48052094908
:10F530001048F0F7BFFE9FED0C0AB0EE401AF0EE57
:10F54000400A2846FFF7CAFE012385F84D32BDEC7C
:10F55000048B38BD2CE80020F81F01080000B43EE1
:10F560002815002035FA8E3C00000000DA0F4940D3
:10F57000DB0FC940AC05002038B52DED028B0546E8
:10F580004F48F1F775FD002406E04E48FEF7F6FE01
:10F590000120FDF7CFFC0134312CF6DD9FED4A8AC6
:10F5A000B0EE481AF0EE480A484B93ED220A28467E
:10F5B000FFF794FE4FF47A70FDF7BCFC414880EDF4
:10F5C000178A436B83650366FEF7D8FEF0EE408A28
:10F5D00000241EE007EE904AF8EE677AB1EE047A56
:10F5E00067EE877A9FED3A7A87EE871ADFED397AF0
:10F5F00021EE271ADFED340A344B93ED220A284618
:10F60000FFF76CFE2F48FEF7B9FE0520FDF792FCD0
:10F610000134B4F5487FDDD32A48FEF7AFFEB0EEE3
:10F62000408A9FED290AB0EE401AF0EE400A2846C3
:10F63000FFF754FE38EE688AF0EEC87A9FED267A1E
:10F64000F4EEC77AF1EE10FA11DCB5EEC08AF1EEF5
:10F6500010FA27DD1D4B002283F88D201F48F1F79B
:10F6600007FD012385F84C32BDEC028B38BD17EE47
:10F67000900AF7F741FF02460B460FA1D1E90001BE
:10F68000F8F7BCF841EC100BF6F760FC51EC100BEE
:10F69000F8F762FAC1B20D4B83F88C101048F1F7FD
:10F6A0005FFCD2E7094B012283F88D200D48F1F76A
:10F6B000DFFCD6E7AFF30080000000000020BC4074
:10F6C00020200108C05F0020000000002815002055
:10F6D00000007A44D253FB41CDCCCC3D5C200108E4
:10F6E000482001088420010890F85030002B00F0D9
:10F6F000968010B52DED048B84B0044690F8483008
:10F70000002B42D190ED108A9FED459ADFED448A9F
:10F71000B0EE681AF0EE490AB0EE480A2046FFF74C
:10F72000DDFD04F1A40304F1A00204F19C012046D4
:10F73000FEF762FB01A96846B0EE680AFEF738FFE3
:10F7400003A902A8DDED011A9DED001AD4ED280AE7
:10F7500094ED270AFEF740FFE36CFF2B47D994F89E
:10F760004820012A34D9022A41D1A3F580732D4AB9
:10F7700002EB830383ED009AE36CA3F580722A4BBE
:10F7800003EB8203039A1A6031E090ED117AD0ED19
:10F79000137AF8EEE77A67EE877A90ED108A27EE13
:10F7A000800AFEF795FE28EE008A94F84830012B77
:10F7B00006D0022B07D09FED1A9AB0EE498AA5E732
:10F7C0009FED179AA2E7B0EE489A9FED158A9DE744
:10F7D000A3F58073154A02EB830383ED008AE36C83
:10F7E000A3F58072124B03EB8203029A1A60E36C5A
:10F7F0000133E364B3F5C07F03D204B0BDEC048BE6
:10F8000010BD0023E36484F850309FED050AB0EE8C
:10F81000401AF0EE400A2046FFF760FDEDE7704722
:10F82000000000002CE600202CE200202CE4002048
:10F830002CE0002038B504460378142B0ED8DFE8FE
:10F8400003F00E493E111A3B0D0D0D0D0D0D0D0D62
:10F850000D0D0D0D0D0D0B000123C37038BD0123DF
:10F86000C370FBE71E48F1F703FC1E48FDF766FE78
:10F870000123E370F2E71C48FBF70EFD1B48F1F78C
:10F88000F7FB1B4D284601F083FA05F1340001F027
:10F890007FFA05F1680001F07BFA05F19C0001F0A8
:10F8A00077FA104D2846FDF749FEEB6E23F004036E
:10F8B000EB660123E370D1E70123C370CEE70C4D63
:10F8C000284601F065FA05F1340001F061FA0123E0
:10F8D000E370C3E70748F1F7CBFB0123E370BDE713
:10F8E000BC2001082805002074FB0020D02001085E
:10F8F00088030020E42001081C4BDB6E13F0100F7E
:10F9000000D170472DE9F0411949AA230B70BB23A0
:10F910004B70164BD3F86080DD6DD3F858E0154B73
:10F920001F6F5E6FD3F89CC0D3F8A000D3F8A4205B
:10F93000D3F8B440D3F8B830C1F80280C1F80670EB
:10F94000C1F80A60C1F80E50C1F81240C1F816E0C3
:10F95000C1F81A30C1F81EC0C1F82200C1F8262033
:10F960002A220548FBF750FCBDE8F081280500205D
:10F9700030F80020AC02002074FB00202DE9F04399
:10F9800085B09448F1F7ECFA934B0193934B0093B5
:10F99000934B944A94499548F1F7E2FA9448F1F769
:10F9A00067FB944B93F84432002B40F0C580924B98
:10F9B000186E924F924EF7F79FFDCDE90201009726
:10F9C0003B46904A90493046F1F7CAFA8A4C94F87F
:10F9D00068308E4DDFF8E48201938D4B00932B4607
:10F9E0008C4A8D494046F1F7BBFADFF8D492A06A01
:10F9F000F7F782FDCDE90201884B00934B46884A18
:10FA000088493046F1F7ACFAE069F7F775FDCDE9C2
:10FA10000201854B00934B46844A85498548F1F79E
:10FA20009FFAE36EC3F380030193DFF89892CDF859
:10FA300000902B46804A81494046F1F791FA804870
:10FA4000F1F716FBE36EC3F300130193CDF80090BA
:10FA50002B467C4A7C494046F1F782FA7B48F1F715
:10FA600007FB6068F7F748FDCDE9020100972B46D8
:10FA7000774A78493046F1F773FAA068F7F73CFD0A
:10FA8000CDE9020100972B46734A74493046F1F7DD
:10FA900067FA584B93F84432032B55D07048F1F76E
:10FAA000E7FA27463446386BF7F726FDCDE9020121
:10FAB000524E00962B466B4A6B492046F1F750FA9E
:10FAC000786BF7F719FDCDE9020100962B46674ADE
:10FAD00067492046F1F744FA6648F1F7C9FA786CAD
:10FAE000F7F70AFDCDE9020100962B46624A634909
:10FAF0002046F1F735FAB86CF7F7FEFCCDE90201C4
:10FB000000962B465E4A5F492046F1F729FAF86CC9
:10FB1000F7F7F2FCCDE9020100962B465A4A5B4901
:10FB20002046F1F71DFA5A48F1F71AFA5948F1F749
:10FB300017FA05B0BDE8F083012B02D02E4B986D6B
:10FB400037E72D4BD86D34E75348F1F791FA2F4D35
:10FB50002B4C524BD3F89000F7F7CEFCCDE90201C5
:10FB6000264E00962B464E4A4E492046F1F7F8F9AC
:10FB70004D4FB868F7F7C0FCCDE9020100962B465F
:10FB80004A4A39492046F1F7EBF9F868F7F7B4FC2F
:10FB9000CDE9020100962B46454A35492046F1F74A
:10FBA000DFF93868F7F7A8FCCDE9020100962B468B
:10FBB000404A32492046F1F7D3F97868F7F79CFCC0
:10FBC000CDE9020100962B463B4A2E492046F1F72B
:10FBD000C7F9A8E700210108582101086821010898
:10FBE00020210108242101083021010838210108C1
:10FBF0006C210108AC0200202805002084210108A6
:10FC0000A421010888210108A0210108C4210108BC
:10FC100010220108C8210108F02101083022010842
:10FC2000182201082C22010870220108382201083C
:10FC30004C2201085022010878220108882201087C
:10FC400090220108B0220108C0220108C422010844
:10FC5000E0220108EC220108F0220108FC22010840
:10FC60000023010810230108582C01081C23010857
:10FC7000282301082C230108402301084C230108F4
:10FC800050230108F82B01085C23010868230108B0
:10FC9000DC230108282401086C2301082815002012
:10FCA00084230108F41D0108FC040020C828010871
:10FCB0009C230108B8230108C8230108F421010886
:10FCC000142201088C220108F8B50446417BA1F1F9
:10FCD0006103192B00F27982DFE813F058016F01FC
:10FCE0008601E501770277027702770277027702D1
:10FCF0003E010D01910077025600CE007702770297
:10FD000077021A007702020177020F0239026302BA
:10FD1000C24B93F84432012B14D0022B23D0002B7A
:10FD20004DD10430F0F790FA51EC100BF7F734FF97
:10FD3000BB4B1866F7F7E0FB02460B46B948F1F7F4
:10FD40000FF93CE00430F0F77FFA51EC100BF7F7B5
:10FD500023FFB34BD865F7F7CFFB02460B46B248FB
:10FD6000F1F7FEF82BE00430F0F76EFA51EC100BCF
:10FD7000F7F712FFAA4B9865F7F7BEFB02460B4652
:10FD8000AA48F1F7EDF81AE00430F0F761FA48B14B
:10FD900001281CD0022822D0032828D0A448F1F73B
:10FDA00067F906E09D4B002283F84422A148F1F751
:10FDB0005FF99A4B93F84422994B83F86820FFF738
:10FDC000DDFD0023237363736360A360F8BD934B71
:10FDD000012283F844229848F1F74AF9E9E78F4B6A
:10FDE000022283F844229548F1F742F9E1E78B4B70
:10FDF000032283F844229248F1F73AF9D9E7884B75
:10FE0000DB6E13F0040F1BD143F00403844AD36666
:10FE10008C4D284600F0BCFF05F1340000F0B8FF1F
:10FE200005F1680000F0B4FF05F19C0000F0B0FFA0
:10FE3000854B4FF400629A618448F1F719F9BEE7E7
:10FE400023F00403764AD3667E4D284600F0A0FFD7
:10FE500005F1340000F09CFF05F1680000F098FF08
:10FE600005F19C0000F094FF774B4FF000629A611F
:10FE70007748F1F7FDF8A2E70430F0F7E5F951EC27
:10FE8000100BF7F789FEDFED730A00EE100AF6F7A4
:10FE900049F9DFED710AF6F727F9614D85ED070A9B
:10FEA000684E304600F074FF06F13407384600F023
:10FEB0006FFF95ED070AF1EE400A304600F08EFF25
:10FEC00095ED070AF1EE400A384600F087FFE86931
:10FED000F7F712FB02460B466048F1F741F86EE770
:10FEE0004F4BD96E81F01001D966C1F300115C4807
:10FEF000F1F736F863E70430F0F7A6F951EC100B90
:10FF0000F7F74AFEDFED570A00EE100AF6F70AF996
:10FF1000DFED510AF6F7E8F8414D85ED0A0A494E42
:10FF2000F1EE400A304600F059FF95ED0A0AF1EE75
:10FF3000400A06F1340000F051FF95ED0A0AA6F1DF
:10FF4000DC00FEF701FDA86AF7F7D6FA02460B4679
:10FF50004548F1F705F832E70430F0F775F951EC50
:10FF6000100BF7F719FEDFED410A00EE100AF6F765
:10FF7000BBF810EE100A3E4B83ED240AF7F7BCFAEB
:10FF800002460B463B48F0F7EBFF18E70430F0F76A
:10FF90005BF951EC100BF7F7FFFD214A50605061FF
:10FFA0001E4AC2F8DC00C2F81001F7F7A5FA0246B3
:10FFB0000B463148F0F7D4FF01E70430F0F744F97D
:10FFC00051EC100BF7F7E8FD154A90609061134A69
:10FFD000C2F8E000C2F81401F7F78EFA02460B46A9
:10FFE0002648F0F7BDFFEAE60C4B93F84432032BAA
:10FFF00048D00430F0F728F951EC100BF7F7CCFD9E
:020000040801F1
:10000000074A1063054AC2F84401F7F775FA024639
:100010000B461B48F0F7A4FFD1E600BFAC0200205E
:1000200028050020582401087C240108A424010884
:1000300054250108CC240108EC2401080C250108F2
:1000400030250108880300200008024080250108AF
:10005000902501080000204200000000A0250108B2
:10006000CC25010800009642E425010817B7D138D5
:1000700028150020F8250108082601082426010873
:10008000602601080430F0F7DFF851EC100BF7F7A9
:1000900083FD504B9860F7F72FFA02460B464E4807
:1000A000F0F75EFF8BE64D4B93F84432032B13D0F1
:1000B0000430F0F7C9F851EC100BF7F76DFD484A22
:1000C0005063464AC2F84801F7F716FA02460B4653
:1000D0004448F0F745FF72E60430F0F7B5F851EC0C
:1000E000100BF7F759FD3B4BD860F7F705FA0246BE
:1000F0000B463D48F0F734FF61E6384B93F8443245
:10010000032B13D00430F0F79FF851EC100BF7F7E6
:1001100043FD334A5064314AC2F87801F7F7ECF9ED
:1001200002460B462C48F0F71BFF48E60430F0F778
:100130008BF851EC100BF7F72FFD264B1860F7F7F3
:10014000DBF902460B462948F0F70AFF37E6234B56
:1001500093F84432032B13D00430F0F775F851ECC8
:10016000100BF7F719FD1E4A90641C4AC2F87C0177
:10017000F7F7C2F902460B461D48F0F7F1FE1EE6FE
:100180000430F0F761F851EC100BF7F705FD114B57
:100190005860F7F7B1F902460B461648F0F7E0FE53
:1001A0000DE60430F0F750F851EC100BF7F7F4FCC3
:1001B0000B4AD064094AC2F88001F7F79DF902465C
:1001C0000B460948F0F7CCFEF9E50B48F0F7C8FEFE
:1001D000F5E500BFFC04002040260108AC02002029
:1001E00028050020A026010880260108C026010855
:1001F00010270108E82601083027010808B5104B30
:100200004FF000629A610F48F0F7AAFE0E48F0F72F
:10021000A7FE0E48F0F7A4FE0D48F0F7A1FE0D482A
:10022000F0F79EFE0C48F0F79BFE0C48F0F798FEA6
:100230000B48F0F795FE0B48F0F792FE08BD00BFA3
:1002400000080240502401085827010868270108C7
:100250007C27010890270108A4270108B42701087A
:10026000CC270108E82701082DE9F04385B07C4838
:10027000F0F776FE7B4B01937B4B00937B4B7C4AE4
:100280007C497D48F0F76CFE7C48F0F7F1FEDFF822
:10029000C49209F580557A4E7A4CD5F89400F7F758
:1002A0002BF9CDE90201DFF8B082CDF800803346AA
:1002B000754A76492046F0F753FED5F89000F7F7D7
:1002C0001BF9CDE90201CDF800803346704A71492F
:1002D0002046F0F745FED9F86C306F4FC3F380230A
:1002E00001936E4B009333466D4A6E493846F0F7E2
:1002F00037FE6D48F0F7BCFE99F8683001936B4B00
:10030000009333466A4A6B493846F0F729FED9F81C
:100310002400F7F7F1F8CDE90201674B0093674B32
:10032000674A68492046F0F71BFE674FD9F8280056
:10033000F7F7E2F8CDE90201644B00933B46644ACB
:1003400064492046F0F70CFED5F8B000F7F7D4F872
:10035000CDE90201CDF8008043465F4A5F4920465F
:10036000F0F7FEFDD5F8B400F7F7C6F8CDE90201C5
:10037000CDF8008043465A4A5A492046F0F7F0FD2E
:10038000D5F8C000F7F7B8F8CDE90201564B009355
:100390003B46564A56492046F0F7E2FDD5F8C800DC
:1003A000F7F7AAF8CDE90201524B00933B46524AB7
:1003B00052492046F0F7D4FD4FF00008DFF89C9139
:1003C000CDE902894E4B00933B464E4A4E492046AA
:1003D000F0F7C6FDCDE902894C4B00933B464C4AF1
:1003E0004C492046F0F7BCFDD5F88800F7F784F8B3
:1003F000CDE90201484B00933B46484A4849204614
:10040000F0F7AEFD4748F0F733FE474CD5F8A4307F
:100410000193464F00973346454A46492046F0F738
:100420009FFDD5F8A830019300973346424A4349CF
:100430002046F0F795FDB5F9AC300193404B0093A1
:100440003346404A40492046F0F78AFD3F48F0F7DE
:1004500087FD3F48F0F784FD05B0BDE8F08300BF9D
:1004600000280108582101086821010820210108FD
:100470002421010830210108382101081C28010825
:10048000C4210108A42101082828010834280108F2
:1004900084230108F41D0108F42101088C220108BD
:1004A000382801082C2101085028010810220108D1
:1004B000C8210108F02101087C28010860280108F2
:1004C00064280108FC2201081422010830220108D6
:1004D000182201082C220108842801084C22010856
:1004E000A0280108C0280108E0280108C428010844
:1004F0004C23010808290108E828010828230108DD
:10050000282901080C290108242901087022010862
:1005100030290108582C01086029010848290108E0
:10052000EC220108642901087C2901089C290108A2
:100530007029010878290108A029010888220108EA
:10054000CC290108AC290108A0210108D4290108FF
:10055000202A010828050020842101080000F03F1E
:1005600008B50378042B0FD8DFE803F0032E210F22
:1005700015001B4AD36E23F00403D366194B4FF0CA
:1005800000629A61FFF73AFE08BD1748F0F770FD68
:10059000FFF76AFEF8E7134B4FF000629A61104ACA
:1005A000D36E23F00403D366FFF7E8F9ECE70F48B6
:1005B000F0F75EFD0B4B4FF400629A61084AD36E70
:1005C00043F00403D366DFE70948F0F751FD054B1C
:1005D0004FF400629A610748FEF718FCD4E700BFA9
:1005E00028050020000802404C2A01085C2A010866
:1005F000742A0108AC02002010B504464278037842
:100600009A4207D12378022B15D0042B17D0012B47
:100610000BD010BDFFF70EF9E378002BF2D0637812
:1006200023702046FFF79CFFECE79FED070A074881
:10063000FFF75AF8EDE70548FEF792FBE9E70348B4
:10064000FEF78EFBE5E700BFACC52738AC02002003
:1006500070B50446417BA1F16103172B00F2C18103
:10066000DFE813F005015300BF017101BF01BF01B5
:100670002301BF017100BF013D01C4008F00BF0114
:1006800018008B01BF01F500BF01A900BF01A50142
:10069000BF0157010430EFF7DBFD48B101281CD042
:1006A000022822D0032828D0D048F0F7E1FC06E049
:1006B000CF4B002283F84422CE48F0F7D9FCCC4B34
:1006C00093F84422CC4B83F86820FFF7CDFD00233C
:1006D000237363736360A36070BDC54B012283F80D
:1006E0004422C648F0F7C4FCE9E7C14B022283F874
:1006F0004422C348F0F7BCFCE1E7BD4B032283F87A
:100700004422C048F0F7B4FCD9E70430EFF79CFD71
:1007100051EC100BF7F740FADFEDBB0A00EE100AC0
:10072000F5F700FDDFEDB90AF5F7DEFC10EE100A73
:10073000B14B83ED090AF6F7DFFE02460B46B448DB
:10074000F0F70EFCC1E7051D2846EFF781FD0028F4
:100750000CDC0020AF4DC5F8A400AF4800F020FD30
:10076000D5F8A410AD48F0F7FBFBAEE72846EFF74D
:100770006FFD7E2801DD7F20ECE72846EFF768FD5E
:10078000E8E7051D2846EFF763FD002807DC002198
:10079000A04BC3F8A810A248F0F7E2FB95E7284663
:1007A000EFF756FD7E2801DD7F21F1E72846EFF7C0
:1007B0004FFD0146ECE7051D2846EFF749FD0028EF
:1007C00007DC0021934BA3F8AC109648F0F7C8FB68
:1007D0007BE72846EFF73CFD934B984201DD9349B8
:1007E000F0E72846EFF734FD01B2EBE70430EFF70E
:1007F0002BFD51EC100BF7F7CFF9DFED8D0A00EE72
:10080000100AF5F78FFCDFED8B0AF5F76DFC7A4DDA
:1008100085ED0A0A884EF1EE400A304600F0DEFA15
:1008200095ED0A0AF1EE400A06F1340000F0D6FA1E
:1008300095ED0A0AA6F1DC00FEF786F8A86AF6F73D
:100840005BFE02460B467D48F0F78AFB3DE76A4AAD
:10085000D36E83F48063D36613F4806F03D078483B
:10086000F0F706FC31E77748F0F702FC2DE704309B
:10087000EFF7EAFC51EC100BF7F78EF9F3EE040AF0
:1008800000EE100AF5F74EFCDFED6F0AF5F72CFCD1
:1008900010EE100A5F4B83ED220AF6F72DFE02469A
:1008A0000B466A48F0F75CFB0FE70430EFF7CCFC2F
:1008B00051EC100BF7F770F9DFED650A00EE100A46
:1008C000F5F712FC10EE100A524B83ED250AF6F7ED
:1008D00013FE02460B465F48F0F742FBF5E6043094
:1008E000EFF7B2FC51EC100BF7F756F9DFED5A0AAF
:1008F00000EE100AF5F7F8FB10EE100A454B83EDF9
:10090000240AF6F7F9FD02460B465448F0F728FB97
:10091000DBE60430EFF798FC51EC100BF7F73CF9ED
:10092000DFED440A00EE100AF5F7DEFB10EE100AC8
:10093000384B83ED300AF6F7DFFD02460B46484898
:10094000F0F70EFBC1E60430EFF77EFC51EC100B24
:10095000F7F722F9DFED370A00EE100AF5F7C4FBCE
:1009600010EE100A2B4B83ED320AF6F7C5FD024656
:100970000B463C48F0F7F4FAA7E60430EFF764FCC6
:1009800051EC100BF7F708F9DFED2A0A00EE100A18
:10099000F5F7AAFB10EE100A1E4B83ED2C0AF6F7B2
:1009A000ABFD02460B463048F0F7DAFA8DE604302C
:1009B000EFF74AFC51EC100BF7F7EEF8DFED1D0AEC
:1009C00000EE100AF5F790FB10EE100A114B83EDC4
:1009D0002D0AF6F791FD02460B462448F0F7C0FABF
:1009E00073E62348F0F7BCFA6FE600BF5425010810
:1009F000AC020020CC24010828050020EC240108CA
:100A00000C250108302501080000FA440000484286
:100A1000902A01082815002040020020A42A01087D
:100A2000BC2A0108D42A01089F860100A086FFFF86
:100A3000000096420000000088030020E425010821
:100A4000F02A0108082B01089A99993E202B0108E9
:100A50006F12833A342B010817B7D138F8250108F3
:100A6000442B0108582B01086C2B0108802B01082E
:100A70003027010810B582B004468DF80710CBB2BC
:100A80001B2B07D00278042A07D8DFE802F00806FB
:100A9000A86A880000234370C37002B010BD633B96
:100AA000172BFAD801A252F823F000BF0D0B010852
:100AB0009B0A0108210B01089B0A01089B0A0108F7
:100AC0009B0A01089B0A01089B0A01089B0A01086E
:100AD0009B0A0108170B01089B0A01089B0A0108E1
:100AE0009B0A01089B0A01089B0A01082B0B0108BD
:100AF000350B01089B0A01089B0A01089B0A0108A3
:100B00009B0A01089B0A01083F0B0108012343705F
:100B10000023C370C1E7022343700023C370BCE706
:100B2000052343700023C370B7E7032343700023FA
:100B3000C370B2E7042343700023C370ADE73248AB
:100B4000FDF71CFC10EE100A304B83ED190A002251
:100B50009A65F6F7D1FC02460B462D48F0F700FAED
:100B60009BE70A2B99D0202B97D00D2B0DD0027B21
:100B700072B94373142301220DF107012548FAF7D6
:100B8000DCFA237B0133237387E7FFF761FD84E7FA
:100B9000511E01440B7102F007020273EAE70A2BAF
:100BA0003FF47BAF202B3FF478AF0D2B0DD0027BB1
:100BB00072B94373022301220DF107011548FAF7B8
:100BC000BCFA237B0133237367E7FFF77DF864E703
:100BD000511E01440B7102F007020273EAE77A2BFF
:100BE0007FF45BAF0848FDF7C9FB10EE100A074B16
:100BF00083ED190A00229A65F6F77EFC02460B4641
:100C00000348F0F7ADF948E7C05F00202805002051
:100C1000942B010874FB0020F0EE407A90ED077AE7
:100C2000F1EE476AF4EEC06AF1EE10FA06D8B4EEBF
:100C3000C07AF1EE10FA01DBDFED1C7A90ED007A5C
:100C400027EE277A90ED036AD0ED016A66EEA76A77
:100C5000D0ED065A66EEA56A76EE266A37EE267A5B
:100C600090ED040AB4EEC70AF1EE10FA0AD5F5EEDB
:100C7000C07AF1EE10FA02D480ED0C0A7047C0ED94
:100C8000036AF9E7B1EE400AB4EEC70AF1EE10FAD2
:100C900007DDF5EEC07AF1EE10FAEDDDC0ED036A86
:100CA000EAE7C0ED036AB0EE470AE5E7000000009E
:100CB000F0EE406AD0ED077AB1EE677AB4EEC07A12
:100CC000F1EE10FA06D8F4EEC07AF1EE10FA01DB7C
:100CD000DFED2E6AD0ED007A27EEA67A90ED085A65
:100CE00036EEC55A90ED066AC5EE064AD0ED095AB1
:100CF000F7EE007A77EEE57A90ED0A5A67EE857A9C
:100D000065EEA45A77EEA57AC0ED0A7AD0ED025AC4
:100D100067EEA57AC0ED086AD0ED035A90ED015A4E
:100D200025EE265A26EE056A35EE866A77EE277A94
:100D300037EE867A90ED040AB4EEC70AF1EE10FAA7
:100D40000CD570EE677A67EEA67AF5EEC07AF1EE12
:100D500010FA00D9704780ED036A7047B1EE400A7F
:100D6000B4EEC70AF1EE10FA0BDD70EE677A67EEAB
:100D7000A67AF5EEC07AF1EE10FAEBD880ED036AB0
:100D8000704780ED036AB0EE470AE3E70000000019
:100D90000023C3600362836203637047B5EEC00A39
:100DA000F1EE10FA01D480ED000A7047B5EEC00AEA
:100DB000F1EE10FA01D480ED010A7047B5EEC00AD9
:100DC000F1EE10FA01D480ED020A7047B5EEC00AC8
:100DD000F1EE10FA01D980ED060A704780ED040AA1
:100DE000C0ED050A704780ED070A7047DFED0B7A0A
:100DF00020EE270AB7EE007AC7EE007A90ED066A79
:100E000076EE277AC6EE276AC0ED096AF4EEC76A65
:100E1000F1EE10FA01DD80ED097A7047DB0FC94071
:100E2000B5EEC00AF1EE10FA01D980ED0B0A704759
:100E300008B50E480E4B03604FF4827343600023E5
:100E40008360C3600361012242614FF400728261DA
:100E50001822C2610362436283620A23C362F9F704
:100E6000A9FC00B908BDF7F74FFBFBE7DCF9002050
:100E70000030014008B50E480E4B03604FF48273FA
:100E8000436000238360C3600361012242614FF429
:100E9000007282611822C2610362436283620A2384
:100EA000C362F9F787FC00B908BDF7F72DFBFBE734
:100EB00034FA0020003800402DE9F0438BB004469E
:100EC0000023059306930793089309930368704AD8
:100ED000934205D06F4A934265D00BB0BDE8F083D2
:100EE000002500956C4B5A6C42F480525A645A6C3F
:100EF00002F480520092009A01951A6B42F00202AD
:100F00001A631B6B03F002030193019B38230593C3
:100F100002230693032308930523099305A95F4839
:100F2000F8F762FB5E485F4B03604FF0C0634360BD
:100F30008560C5604FF48063036145618561C5616B
:100F40004FF4803303624562F8F7C0FC28BB544B72
:100F5000E3649C635448554B03604FF0C0634360A7
:100F6000402383600023C3604FF4806202614361C9
:100F70008361C3614FF4803202624362F8F7A6FCDA
:100F800070B9494BA3649C6300220A212320F8F71F
:100F900097FE2320F8F7CCFE9FE7F7F7B5FAD6E7E0
:100FA000F7F7B2FAEDE7002502953B4B1A6C42F4D5
:100FB00080421A641A6C02F480420292029A0395EB
:100FC0001A6B42F004021A631A6B02F004020392D5
:100FD000039A04951A6B42F002021A631B6B03F02A
:100FE00002030493049B0C2305934FF00209CDF8F0
:100FF00018904FF00308CDF820800527099705A920
:101000002B48F8F7F1FA4FF480660596CDF8189062
:101010000795CDF82080099705A92048F8F7E4FA4C
:101020002448254B036045608560C56006614561C5
:101030008561C56105624562F8F748FC08BB1D4B38
:10104000E3649C631D481E4B036000234360402201
:101050008260C3604FF48062026143618361C36157
:1010600003624362F8F732FC70B9144BA3649C63CB
:1010700001220A212420F8F723FE2420F8F758FE45
:101080002BE7F7F741FADAE7F7F73EFAEDE700BFAB
:1010900000300140003800400038024000040240A7
:1010A0005CF8002010640240BCF800205864024044
:1010B000000802401CF90020586002407CF9002022
:1010C0007060024008B50F480F4B03600623436071
:1010D000002383604FF08072C2604FF4403202619F
:1010E0004FF4801242610376437683760122C27602
:1010F00003774377F8F76AFE00B908BDF7F704FAFB
:10110000FBE700BF8CFA00200064004010B588B0F7
:1011100000230393049305930693079302681E4BE1
:101120009A4201D008B010BD0024009403F5EA33C0
:101130001A6C42F080621A641A6C02F080620092AB
:10114000009A01941A6C42F000721A641A6C02F050
:1011500000720192019A02941A6B42F002021A6321
:101160001B6B03F002030293029B4FF4C0530393E3
:1011700002230493032306930923079303A9074833
:10118000F8F732FA224608211420F8F799FD1420C6
:10119000F8F7CEFDC6E700BF006400400000024043
:1011A00008B50023436383630E228264094AD2F8A0
:1011B000A4205201426283624FF6E072C26203636E
:1011C000C36301230364436400F124010248F8F778
:1011D000A3FE08BD281500208CFA00200823836197
:1011E000002303614361704703680B6042684A60F3
:1011F00082684A61DFED0C7A07EE103A67EE277AD3
:101200000A4B03F5805292ED257A67EE877AC3ED9B
:10121000167AD1ED017ADFED066A67EEA67A27EE3F
:10122000277A83ED177A7047E12E65422805002062
:10123000EBC91841D2ED2E7A9FED107A67EE877ACE
:101240000F4B93ED257AC7EE877A17EE90CAC1ED62
:10125000017AD2ED2D7A9FED0B7A67EE877AD3ED86
:10126000256A87EEA67A81ED027AC0F800C08A6806
:101270004260D3F8A4308360704700BF35FA8E3CDB
:10128000281500205077D63D08B50A480A4B036060
:101290004FF4E133436000238360C36003610C2299
:1012A00042618361C361F9F718FF00B908BDF7F720
:1012B0002BF9FBE774FB00200014014030B589B026
:1012C0000023039304930593069307930268364B18
:1012D0009A4201D009B030BD04460025019503F5BE
:1012E00092335A6C42F020025A645A6C02F0200287
:1012F0000192019A02951A6B42F004021A631B6B69
:1013000003F004030293029BC0230393022304937C
:10131000032306930823079303A92448F8F764F9E5
:101320002348244B03604FF0206343608560C56011
:101330004FF480630361456185614FF48073C3613D
:101340004FF4803303624562F8F7C0FA28BB184BAC
:10135000E3639C631848194B03604FF020634360BC
:10136000402383600023C3604FF4806202614361C5
:101370008361C3614FF4803202624362F8F7A6FAD8
:1013800070B90D4BA3639C6300220E214720F8F730
:1013900097FC4720F8F7CCFC9CE7F7F7B5F8D6E7C1
:1013A000F7F7B2F8EDE700BF001401400008024073
:1013B000B4FA00204064024014FB0020B8640240EC
:1013C00000B583B001904FF6FF73012201A90348D5
:1013D000F9F7B3FE002003B05DF804FB74FB0020B6
:1013E00038B50446054D29780548FFF743FB01222F
:1013F00029462046FAF7D5F938BD00BF3C02002047
:10140000F815002010B52DED028B0446DFED1C7A97
:1014100020EE270AC0EE208AB0EE680AF4F7BCFE80
:10142000DFED187A80EE278AB0EE680AF4F7DEFD69
:10143000B7EE007A78EE077A37EE406A77EEA75A71
:10144000C6EE256AC4ED006AC6EE275AC4ED015AFD
:10145000C4ED026AF8EE006A20EE260AC0EE276AA2
:10146000C4ED036A37EE487AC7EE276AC4ED046A12
:101470000023A36163612362E361BDEC028B10BDB5
:10148000DA0FC9408104B53FB0EE407AD0ED007A62
:1014900067EE807A90ED010A90ED056A20EE060A6B
:1014A00077EE807A90ED020AD0ED066A20EE260AE9
:1014B00077EE807A90ED030AD0ED076A20EE260AD7
:1014C00077EEC07A90ED040AD0ED085A20EE250A96
:1014D00037EEC00A80ED066A80ED057AC0ED086A35
:1014E00080ED070A70470000DFF834D0FAF76CF996
:1014F0000C480D490D4A002302E0D458C45004336F
:10150000C4188C42F9D30A4A0A4C002301E0136044
:101510000432A242FBD3EEF7A9FEF7F74BF870476F
:1015200000000220000000200C020020542D0108C1
:101530000C020020BCFB0020FEE70000F8B500BF55
:10154000F8BC08BC9E467047F8B500BFF8BC08BCA4
:041550009E467047FC
:10155800040000200000000035000000CEFBFFFF63
:10156800CB03000001000000000000003400000070
:10157800CEFBFFFFCB0300000100000000000000CD
:10158800BC89D897B2D29C3C33A7A8D523F6493951
:101598003DA7F444FD0FA5329D978CCF08BA5B2573
:1015A800436FAC64280668110020202020202020EA
:1015B80020202828282828202020202020202020FB
:1015C800202020202020202020881010101010100B
:1015D8001010101010101010100404040404040457
:1015E80004040410101010101010414141414141F1
:1015F80001010101010101010101010101010101D3
:1016080001010101101010101010424242424242E2
:1016180002020202020202020202020202020202A2
:10162800020202021010101020000000000000004A
:1016380000000000000000000000000000000000A2
:101648000000000000000000000000000000000092
:101658000000000000000000000000000000000082
:101668000000000000000000000000000000000072
:101678000000000000000000000000000000000062
:101688000000000000000000000000000000000052
:101698000000000000000000000000000000000042
:1016A8000000000000000000000000000000000032
:1016B8000000000000000000000000000000000022
:1016C8000000000000000000000000000000000012
:1016D8000000000000000000000000000000000002
:1016E80000000000000000000000000000000000F2
:1016F80000000000000000000000000000000000E2
:1017080000000000000000000000000000000000D1
:1017180000000000000000000000000000000000C1
:1017280000000000000000000000000000000000B1
:10173800000000000000000000000000101112135B
:10174800141516171819000000000000001A1B1CB9
:101758001D1E1F0000000000000000000000000027
:10176800000000000000000000000000001A1B1C20
:101778001D1E1F0000000000000000000000000007
:101788000000000000000000000000000000000051
:101798000000000000000000000000000000000041
:1017A8000000000000000000000000000000000031
:1017B8000000000000000000000000000000000021
:1017C8000000000000000000000000000000000011
:1017D8000000000000000000000000000000000001
:1017E80000000000000000000000000000000000F1
:1017F80000000000000000000000000000000000E1
:10180800000000000000000000000000AC2C0108EF
:10181800582001086400002005000000190000009D
:101828007D00000000000000000000000000F03F04
:1018380000000000000024400000000000005940A3
:101848000000000000408F40000000000088C340F6
:1018580000000000006AF8400000000080842E416B
:1018680000000000D01263410000000084D79741B7
:101878000000000065CDCD41000000205FA00242BD
:10188800000000E876483742000000A2941A6D4232
:10189800000040E59C30A2420000901EC4BCD64225
:1018A80000003426F56B0C430080E03779C34143D0
:1018B80000A0D8855734764300C84E676DC1AB4346
:1018C800003D9160E458E143408CB5781DAF154464
:1018D80050EFE2D6E41A4B4492D54D06CFF080443F
:1018E800F64AE1C7022DB544B49DD9794378EA4454
:1018F800BC89D897B2D29C3C33A7A8D523F64939DE
:101908003DA7F444FD0FA5329D978CCF08BA5B25FF
:10191800436FAC642806C80A0080E03779C34143A6
:10192800176E05B5B5B89346F5F93FE9034F384D3D
:10193800321D30F94877825A3CBF737FDD4F1575E9
:10194800DB0F49BFE4CB1640E4CB16C00000008093
:10195800DB0F4940DB0F49C0000000000000008099
:10196800000FC93F000F494000CB9640000FC94007
:101978000053FB4000CB164100ED2F41000F4941B9
:101988000031624100537B41003A8A4100CB9641C5
:10199800005CA34100EDAF41007EBC41000FC9418E
:1019A80000A0D5410031E24100C2EE410053FB41A5
:1019B80000F20342003A0A420083104200CB16426A
:1019C80000141D42005C234200A5294200ED2F426D
:1019D80000363642007E3C4200C74242000F494270
:1019E800A2000000F9000000830000006E00000063
:1019F8004E0000004400000015000000290000000F
:101A0800FC0000002700000057000000D100000083
:101A1800F500000034000000DD000000C0000000F8
:101A2800DB00000062000000950000009900000043
:101A38003C0000004300000090000000410000004E
:101A4800FE0000005100000063000000AB00000031
:101A5800DE000000BB000000C500000061000000BF
:101A6800B7000000240000006E0000003A000000EB
:101A7800420000004D000000D2000000E00000001D
:101A880006000000490000002E000000EA000000E7
:101A980009000000D1000000920000001C000000B6
:101AA800FE0000001D000000EB0000001C0000000C
:101AB800B100000029000000A70000003E0000005F
:101AC800E80000008200000035000000F50000007A
:101AD8002E000000BB00000044000000840000004D
:101AE800E90000009C0000007000000026000000D3
:101AF800B40000005F0000007E000000410000000C
:101B08003900000091000000D600000039000000F4
:101B1800830000005300000039000000F4000000BA
:101B28009C000000840000005F0000008B000000A3
:101B3800BD000000F9000000280000003B00000084
:101B48001F000000F800000097000000FF000000E0
:101B5800DE00000005000000980000000F000000F3
:101B6800EF0000002F000000110000008B000000B3
:101B78005A0000000A0000006D0000001F0000006D
:101B88006D000000360000007E000000CF0000005D
:101B980027000000CB00000009000000B70000008B
:101BA8004F000000460000003F00000066000000F3
:101BB8009E0000005F000000EA0000002D00000009
:101BC8007500000027000000BA000000C7000000F0
:101BD800EB000000E5000000F10000007B000000C1
:101BE8003D0000000700000039000000F700000079
:101BF8008A0000005200000092000000EA00000085
:101C08006B000000FB0000005F000000B100000056
:101C18001F0000008D0000005D00000008000000AB
:101C280056000000030000003000000046000000DD
:101C3800FC0000007B0000006B000000AB0000000F
:101C4800F0000000CF000000BC00000020000000F1
:101C58009A000000F4000000360000001D0000009B
:101C6800A9000000E30000009100000061000000EE
:101C78005E000000E60000001B00000008000000F5
:101C88006500000099000000850000005F0000006A
:101C980014000000A00000006800000040000000E0
:101CA8008D000000FF000000D80000008000000048
:101CB8004D00000073000000270000003100000004
:101CC8000600000006000000150000005600000095
:101CD800CA00000073000000A8000000C90000004E
:101CE80060000000E20000007B000000C00000006F
:101CF8008C0000006B0000000400000007000000DA
:101D0800090000000000C93F0000F0390000DA3780
:101D18000000A2330000842E0000502B0000C227D0
:101D28000000D0220000C41F0000C61B000044179A
:101D38006937AC3168212233B40F14336821A233D8
:101D48003863ED3EDA0F493F5E987B3FDA0FC93FB3
:101D5800456E636F646572206E6F74206465746588
:101D6800637465642E20506C6561736520636865D3
:101D7800636B2074686520636F6E6E656374696F4A
:101D88006E2E0D00506F77657220766F6C746167E8
:101D98006520697320746F6F206C6F773A20252E49
:101DA800326620560D0A0000436F6E6669677572C9
:101DB8006174696F6E20736176656420746F206644
:101DC8006C6173682E0D000043616C696272617406
:101DD800696F6E205375636365737366756C210D47
:101DE800000000004572726F725461736B0000004E
:101DF80043616C6962726174696F6E5461736B00E0
:101E0800F81D0108000000000000000000000000AC
:101E1800000000000008000018000000000000009A
:101E280000000000EC1D0108000000000000000098
:101E38000000000000000000000200001800000080
:101E48000000000000000000000610160006101632
:101E58000000000000000000010203040607080952
:101E6800000000000102030449444C450000000042
:101E7800546D725100000000546D72205376630057
:101E88005374617274696E672043757272656E74FB
:101E98002053656E736F722043616C69627261745E
:101EA800696F6E2E2E2E0D0043616C69627261742B
:101EB8006564204F666673657473202D20413A204F
:101EC800252E32662C20423A20252E32662C2043BD
:101ED8003A20252E32660D0A000000004E6F20457C
:101EE8006E636F6465722044657465637465640D20
:101EF8000000000041533530343841204465746592
:101F0800637465640D000000456E636F646572203C
:101F18004C6F636174696F6E3A20494E5445524E56
:101F2800414C0D00456E636F646572204C6F6361B0
:101F380074696F6E3A2045585445524E414C0D0015
:101F4800456E636F64657220436865636B3A20254C
:101F580064202F2031303030206661696C65642040
:101F680072656164730D0A00457374696D61746507
:101F780020526573697374616E6365204028563D0D
:101F8800252E3266290D0A52733A2025660D0A0D50
:101F98000A000000457374696D61746520496E64B8
:101FA800756374616E6365204028663D252E326630
:101FB800487A290D0A4C643A2025660D0A4C713A74
:101FC8002025660D0A0D0A00456E636F6465722050
:101FD8004D656368616E6963616C204F6666736501
:101FE800742028726164293A2025660D0A000000D1
:101FF8005374617274696E6720456E636F646572AD
:102008002043616C6962726174696F6E20546173F8
:102018006B2E2E2E0D0000005374617274696E676A
:1020280020506F6C6520506169727320416E642086
:102038004F726465722050686173652E2E2E0D00F4
:10204800506F6C652050616972733A2025640D0ADF
:10205800000000005068617365206F72646572202B
:10206800262053656E736F72206D61746368202833
:102078004E4F524D414C290D0000000050686173CD
:1020880065206F7264657220262053656E736F72C7
:10209800206D69736D61746368656421205377618D
:1020A8007070696E67202852455645525345290D70
:1020B800000000004C656176696E67205365747591
:1020C80070204D656E750D004C656176696E6720F0
:1020D80054657374204D6F64650D0000457869740C
:1020E800696E672043616C6962726174696F6E2002
:1020F8004D6F64650D0000000D0A2054657374204F
:1021080026205049442054756E696E67204F7074BC
:10211800696F6E73200A0D006D696E0070617261DF
:102128006D657465720000007072656669780000FC
:1021380020252D347320252D33317320252D35731B
:1021480020252D367320252D32730D0A000000003E
:1021580063757272656E742076616C756500000037
:102168006D6178000D0A20416374697665205365B6
:1021780074706F696E743A0D000000002D00000045
:102188005461726765742028546F722F5370642FDE
:10219800506F7329000000007400000020252D34C2
:1021A8007320252D33317320252D357320252D36A9
:1021B8007320252E33660A0D000000003000000051
:1021C800436F6E74726F6C204D6F646528303A549B
:1021D8006F722C313A5370642C323A506F732C332F
:1021E8003A496D70290000006F00000020252D3449
:1021F8007320252D33317320252D357320252D3659
:10220800732025640A0D000033000000302E3000D2
:1022180043757272656E74204C696D69742028412B
:10222800290000006C00000037352E300000000047
:10223800566F6C74616765204C696D697420285607
:10224800290000007000000020252D347320252D62
:1022580033317320252D357320252D367320252EF7
:1022680032660A0D0000000034302E3000000000F5
:102278004D6F746F72204F6E2F4F6666000000001E
:102288006D000000310000000D0A204461746120D7
:10229800566965772028303A4F66662C20313A4FC8
:1022A8006E293A0D0000000043757272656E742045
:1022B8005669657700000000763000000D0A20435B
:1022C800757272656E74204C6F6F70202849642F88
:1022D8004971293A0D00000043757272656E7420C9
:1022E8004B7000006100000043757272656E7420C7
:1022F8004B690000620000000D0A20537065656498
:10230800204C6F6F703A0D005370656564204B70F8
:10231800000000005370656564204B6900000000F0
:10232800640000000D0A20506F736974696F6E2095
:102338004C6F6F703A0D0000506F736974696F6E5F
:10234800204B700078000000506F736974696F6EDD
:10235800204B6900506F736974696F6E204B64007D
:102368007A0000000D0A20496D706564616E63652E
:1023780020436F6E74726F6C3A0D0000546F727167
:10238800756520436F6E7374616E7420284E2D6DD1
:102398002F41290056656C6F63697479204761691C
:1023A8006E20284E2D6D2D732F7261642900000058
:1023B800506F736974696F6E202852616429000038
:1023C80056656C6F6369747920285261642F73298C
:1023D80000000000200A0D20546F206368616E67BA
:1023E8006520612076616C75652C20747970652094
:1023F80027707265666978272776616C7565272767
:10240800454E544552270A0D20652E672E20276316
:10241800302E31352727454E544552270D0A2000C6
:1024280056414C5545532055504441544520494D3B
:102438004D4544494154454C5920494E2054455333
:1024480054204D4F444521200A0D0A0D000000007C
:102458000A0D20205570646174656420746F727170
:10246800756520536574706F696E743A20252E3334
:10247800660D0A000A0D2020557064617465642099
:1024880076656C6F6369747920536574706F696ED3
:10249800743A20252E33660D0A0000000A0D20200C
:1024A8005570646174656420706F736974696F6EC8
:1024B80020536574706F696E743A20252E33660D4B
:1024C8000A000000436F6E74726F6C204D6F646574
:1024D8002073657420746F20544F5251554520283D
:1024E80030290D00436F6E74726F6C204D6F6465F8
:1024F8002073657420746F2053504545442028315B
:10250800290D0000436F6E74726F6C204D6F646507
:102518002073657420746F20504F534954494F4EAF
:10252800202832290D000000436F6E74726F6C20F2
:102538004D6F64652073657420746F20494D504554
:1025480044414E4345202833290D0000496E7661E9
:102558006C6964204D6F64652120506C65617365FA
:1025680020656E74657220302C20312C20322C208E
:102578006F7220332E0D00005374617274206D6FDA
:10258800746F722E0D00000053746F70206D6F749D
:102598006F722E0D000000000A0D20205570646136
:1025A800746564206D617820766F6C74616765204E
:1025B800736574706F696E743A20252E32660D0A41
:1025C800000000000A0D20205570646174656420C5
:1025D800766965773A2025640D0A0000495F4D4108
:1025E800582073657420746F2025660D0A0000005A
:1025F8004B542073657420746F2025660D0A000003
:102608000A0D2020557064617465642069206B7020
:102618003A20252E33660D0A000000000A0D2020FE
:10262800557064617465642069206B693A20252EB1
:1026380033660D0A000000000A0D20205570646101
:1026480074656420706F736974696F6E206B703A7B
:1026580020252E33660D0A000A0D2020557064616E
:10266800746564207370656564206B703A20252E4C
:1026780033660D0A000000000A0D202055706461C1
:1026880074656420706F736974696F6E206B643A47
:1026980020252E33660D0A000A0D2020557064612E
:1026A800746564207370656564206B693A20252E13
:1026B80033660D0A000000000A0D20205570646181
:1026C80074656420706F736974696F6E20736574C4
:1026D800706F696E743A20252E33660D0A0000006B
:1026E8000A0D2020557064617465642076656C6FEE
:1026F8006369747920736574706F696E743A202504
:102708002E33660D0A0000000A0D20205570646102
:1027180074656420706F736974696F6E206B693AB1
:1027280020252E33660D0A000A0D20272563272051
:102738004E6F7420612076616C696420636F6D6DE3
:10274800616E64207072656669780A0D0A0D000072
:1027580020436F6D6D616E64733A0A0D00000000CE
:10276800206D202D204D6F746F72204D6F64650AA7
:102778000D0000002074202D2054657374204D6FC7
:1027880064650A0D000000002063202D2043616C61
:102798006962726174650A0D000000002073202DC3
:1027A8002053657475700A0D000000002065202D07
:1027B80020446973706C617920456E636F6465723B
:1027C8000A0D0000207A202D20536574205A657266
:1027D8006F20506F736974696F6E0A0D00000000F6
:1027E80020657363202D204578697420746F204D0F
:1027F800656E750A0D0000000D0A20436F6E66694C
:102808006775726174696F6E204F7074696F6E734B
:10281800200A0D000D0A204D6F746F723A0D0000EA
:102828004765617220526174696F0000670000009B
:102838004175746F2052756E2028303A4F66662CA9
:1028480020313A4F6E2900000D0A20436F6E7472D2
:102858006F6C3A0D0000000035300000437572724D
:10286800656E742042616E647769647468202848D4
:102878007A29000032303030000000004D617820A5
:10288800506F736974696F6E20536574706F696EE9
:1028980074202872616429004D61782056656C6F38
:1028A8006369747920536574706F696E7420287237
:1028B8006164292F73000000760000004D617820C4
:1028C800506F736974696F6E204761696E20284E76
:1028D8002D6D2F7261642900313030302E300000A8
:1028E8004D61782056656C6F63697479204761691A
:1028F8006E20284E2D6D2F7261642F732900000001
:10290800352E300046572043757272656E74204C20
:10291800696D6974202841290000000066000000E4
:1029280033332E3000000000436F6E74696E756F8C
:1029380075732043757272656E74202841290000F2
:1029480043616C6962726174696F6E20437572725B
:10295800656E742028412900322E30000D0A20436C
:10296800414E3A0D0000000043414E20494400000A
:102978006900000020252D347320252D3331732064
:10298800252D357320252D367320252D356C690AA4
:102998000D0000003132370043414E205458204981
:1029A8004400000043414E2054696D656F757420E2
:1029B800286379636C6573292830203D206E6F6E1B
:1029C800652900003130303030300000200A0D20F9
:1029D800546F206368616E676520612076616C754D
:1029E800652C207479706520277072656669782770
:1029F8002776616C75652727454E544552270A0D81
:102A080020652E672E202762313030302727454E2B
:102A1800544552270D0A200056414C554553204E27
:102A28004F542041435449564520554E54494C2053
:102A3800504F574552204359434C4521200A0D0A0F
:102A48000D000000456E746572696E6720536574E9
:102A580075700D00456E746572696E67204D6F74F0
:102A68006F72204D6F64650D000000005374617231
:102A780074696E672043616C6962726174696F6E14
:102A8800204D6F64650D0000495F425720736574DF
:102A980020746F2025660D0A0000000043414E5F38
:102AA8005349442073657420746F20256C640D0AA3
:102AB8000000000043414E5F4D4944207365742077
:102AC800746F20256C640D0A0000000043414E5FBE
:102AD80054494D454F55542073657420746F202513
:102AE8006C640D0A00000000456E61626C6520414F
:102AF80075746F2052756E204D6F64650D0000006F
:102B08004469736E61626C65204175746F205275FB
:102B18006E204D6F64650D00495F43414C2073651D
:102B28007420746F2025660D0A0000004752207338
:102B3800657420746F2025660D0A00004B505F4DA8
:102B480041582073657420746F2025660D0A0000B3
:102B58004B445F4D41582073657420746F2025667F
:102B68000D0A0000505F4D41582073657420746F42
:102B78002025660D0A000000565F4D4158207365F8
:102B88007420746F2025660D0A0000000A0D206E5F
:102B98006577207A65726F20706F736974696F6EDC
:102BA8003A20252E3366206465670D0A0000000070
:102BB800494E4600696E66004E414E006E616E00D9
:102BC800303132333435363738394142434445465B
:102BD800000000003031323334353637383961621D
:102BE80063646566000000006E660000696E6974C3
:102BF80079000000616E0000496E66696E6974793B
:102C0800000000004E614E005245454E54206D6153
:102C18006C6C6F632073756363656564656400003D
:102C28002E2E2F2E2E2F2E2E2F2E2E2F2E2E2F2EB7
:102C38002E2F2E2E2F2E2E2F6E65776C69622F6CFD
:102C48006962632F7374646C69622F64746F612E98
:102C58006300000042616C6C6F6320737563636589
:102C680065646564000000002E2E2F2E2E2F2E2E58
:102C78002F2E2E2F2E2E2F2E2E2F2E2E2F2E2E2F66
:102C88006E65776C69622F6C6962632F7374646C0C
:102C980069622F6764746F612D6765746865782E43
:102CA800630000002E00000043000000504F53490D
:102CB800580000002E2E2F2E2E2F2E2E2F2E2E2F88
:102CC8002E2E2F2E2E2F2E2E2F2E2E2F6E65776C1A
:102CD80069622F6C6962632F7374646C69622F6D0B
:102CE800707265632E630000232D302B20000000D6
:102CF800686C4C0065666745464700002C20667581
:102D08006E6374696F6E3A2000000000617373652A
:102D18007274696F6E2022257322206661696C6562
:102D2800643A2066696C6520222573222C206C6920
:0C2D38006E65202564257325730A0000D9
:082D4400904FFF7F0100000029
:042D4C002902000850
:042D50000102000874
:102D54000400002000000000F4160108D416010845
:102D6400B41601080000000000000000000000008C
:102D7400000000000000000000000000000000004F
:102D8400000000000000000000000000000000003F
:102D9400000000000000000000000000000000002F
:102DA400000000000000000000000000000000001F
:102DB40000000000FF0000004300000000000000CD
:102DC40000000000000000000000000000000000FF
:102DD40000000000000000004300000000000000AC
:102DE40000000000000000000000000000000000DF
:102DF400000000000000000043000000000000008C
:102E040000000000000000000000000000000000BE
:102E1400000000000000000043000000000000006B
:102E2400000000000000000000000000000000009E
:102E3400000000000000000043000000000000004B
:102E4400000000000000000000000000000000007E
:102E5400000000000000000043000000000000002B
:102E6400000000000000000000000000000000005E
:102E7400000000000000000043000000000000000B
:102E8400000000000000000000000000000000003E
:102E94000000000000000000AD560008C94400080E
:102EA40000000000B0150108AC2C010858200108EE
:102EB400582001085820010858200108582001080A
:102EC40058200108582001085820010858200108FA
:102ED400FFFFFFFFFFFFFFFFFFFFFFFFFFFF0000FC
:102EE4000100415343494900000000000000000074
:102EF40000000000000000000000000000000000CE
:102F04000000415343494900000000000000000054
:102F140000000000000000000000000000000000AD
:102F240000000000FF00000000000000000000009E
:102F3400000000000000000001000000000000008C
:102F4400000000000000000001000000100000006C
:0C2F54000024F400AAAAAAAA01000000B0
:04000005080114E9F1
:00000001FF
