ARM GAS  /tmp/ccdi9tlu.s 			page 1


   1              		.cpu cortex-m4
   2              		.eabi_attribute 27, 1
   3              		.eabi_attribute 28, 1
   4              		.eabi_attribute 20, 1
   5              		.eabi_attribute 21, 1
   6              		.eabi_attribute 23, 3
   7              		.eabi_attribute 24, 1
   8              		.eabi_attribute 25, 1
   9              		.eabi_attribute 26, 1
  10              		.eabi_attribute 30, 1
  11              		.eabi_attribute 34, 1
  12              		.eabi_attribute 18, 4
  13              		.file	"foc_utils.c"
  14              		.text
  15              	.Ltext0:
  16              		.cfi_sections	.debug_frame
  17              		.section	.text.foc_pwm_init,"ax",%progbits
  18              		.align	1
  19              		.global	foc_pwm_init
  20              		.arch armv7e-m
  21              		.syntax unified
  22              		.thumb
  23              		.thumb_func
  24              		.fpu fpv4-sp-d16
  26              	foc_pwm_init:
  27              	.LVL0:
  28              	.LFB141:
  29              		.file 1 "Core/Src/foc_utils.c"
   1:Core/Src/foc_utils.c **** /*
   2:Core/Src/foc_utils.c ****  * FOC_utils.c
   3:Core/Src/foc_utils.c ****  *
   4:Core/Src/foc_utils.c ****  *  Created on: May 31, 2025
   5:Core/Src/foc_utils.c ****  *      Author: munir
   6:Core/Src/foc_utils.c ****  */
   7:Core/Src/foc_utils.c ****  
   8:Core/Src/foc_utils.c **** #include <stdint.h>
   9:Core/Src/foc_utils.c **** #include "cmsis_os.h"
  10:Core/Src/foc_utils.c **** #include <math.h>
  11:Core/Src/foc_utils.c **** #include <stdlib.h>
  12:Core/Src/foc_utils.c **** #include <stdio.h>
  13:Core/Src/foc_utils.c **** 
  14:Core/Src/foc_utils.c **** #include "foc_utils.h"
  15:Core/Src/foc_utils.c **** #include "user_config.h"
  16:Core/Src/foc_utils.c **** #include "flash.h"
  17:Core/Src/foc_utils.c **** #include "encoder.h"
  18:Core/Src/foc_utils.c **** 
  19:Core/Src/foc_utils.c **** extern motor_config_t m_config;
  20:Core/Src/foc_utils.c **** extern JointCommand_t joint_cmd;
  21:Core/Src/foc_utils.c **** 
  22:Core/Src/foc_utils.c **** _Bool foc_ready = 0;
  23:Core/Src/foc_utils.c **** float Vd_buff[MAX_I_SAMPLE];
  24:Core/Src/foc_utils.c **** float Vq_buff[MAX_I_SAMPLE];
  25:Core/Src/foc_utils.c **** float Id_buff[MAX_I_SAMPLE];
  26:Core/Src/foc_utils.c **** float Iq_buff[MAX_I_SAMPLE];
  27:Core/Src/foc_utils.c **** 
  28:Core/Src/foc_utils.c **** float error_temp[ERROR_LUT_SIZE] = {0};
  29:Core/Src/foc_utils.c **** 
ARM GAS  /tmp/ccdi9tlu.s 			page 2


  30:Core/Src/foc_utils.c **** /**
  31:Core/Src/foc_utils.c ****  * @brief Initialize PWM output pointers for FOC controller
  32:Core/Src/foc_utils.c ****  * @param hfoc Pointer to FOC controller structure
  33:Core/Src/foc_utils.c ****  * @param pwm_a Pointer to PWM channel A register (e.g., &TIM1->CCR1)
  34:Core/Src/foc_utils.c ****  * @param pwm_b Pointer to PWM channel B register (e.g., &TIM1->CCR2)
  35:Core/Src/foc_utils.c ****  * @param pwm_c Pointer to PWM channel C register (e.g., &TIM1->CCR3)
  36:Core/Src/foc_utils.c ****  */
  37:Core/Src/foc_utils.c **** void foc_pwm_init(foc_t *hfoc, volatile uint32_t *pwm_a, volatile uint32_t *pwm_b, volatile uint32_
  30              		.loc 1 37 128 view -0
  31              		.cfi_startproc
  32              		@ args = 4, pretend = 0, frame = 0
  33              		@ frame_needed = 0, uses_anonymous_args = 0
  34              		@ link register save eliminated.
  38:Core/Src/foc_utils.c ****     // Validate pointers
  39:Core/Src/foc_utils.c ****     if(hfoc == NULL || pwm_a == NULL || pwm_b == NULL || pwm_c == NULL) {
  35              		.loc 1 39 5 view .LVU1
  36              		.loc 1 39 7 is_stmt 0 view .LVU2
  37 0000 98B1     		cbz	r0, .L1
  38              		.loc 1 39 21 discriminator 1 view .LVU3
  39 0002 91B1     		cbz	r1, .L1
  40              		.loc 1 39 38 discriminator 2 view .LVU4
  41 0004 8AB1     		cbz	r2, .L1
  42              		.loc 1 39 55 discriminator 3 view .LVU5
  43 0006 83B1     		cbz	r3, .L1
  40:Core/Src/foc_utils.c ****         // Error handling (could be an assertion or error code)
  41:Core/Src/foc_utils.c ****         return;
  42:Core/Src/foc_utils.c ****     }
  43:Core/Src/foc_utils.c **** 
  44:Core/Src/foc_utils.c ****     hfoc->pwm_a = pwm_a;
  44              		.loc 1 44 5 is_stmt 1 view .LVU6
  45              		.loc 1 44 17 is_stmt 0 view .LVU7
  46 0008 C0F8CC10 		str	r1, [r0, #204]
  45:Core/Src/foc_utils.c ****     hfoc->pwm_b = pwm_b;
  47              		.loc 1 45 5 is_stmt 1 view .LVU8
  48              		.loc 1 45 17 is_stmt 0 view .LVU9
  49 000c C0F8D020 		str	r2, [r0, #208]
  46:Core/Src/foc_utils.c ****     hfoc->pwm_c = pwm_c;
  50              		.loc 1 46 5 is_stmt 1 view .LVU10
  51              		.loc 1 46 17 is_stmt 0 view .LVU11
  52 0010 C0F8D430 		str	r3, [r0, #212]
  47:Core/Src/foc_utils.c ****     hfoc->pwm_res = pwm_res;
  53              		.loc 1 47 5 is_stmt 1 view .LVU12
  54              		.loc 1 47 19 is_stmt 0 view .LVU13
  55 0014 009B     		ldr	r3, [sp]
  56              	.LVL1:
  57              		.loc 1 47 19 view .LVU14
  58 0016 C0F8D830 		str	r3, [r0, #216]
  48:Core/Src/foc_utils.c **** 
  49:Core/Src/foc_utils.c ****     // Optional: Initialize PWM values to 0
  50:Core/Src/foc_utils.c ****     *hfoc->pwm_a = 0;
  59              		.loc 1 50 5 is_stmt 1 view .LVU15
  60              		.loc 1 50 18 is_stmt 0 view .LVU16
  61 001a 0023     		movs	r3, #0
  62 001c 0B60     		str	r3, [r1]
  63              	.LVL2:
  51:Core/Src/foc_utils.c ****     *hfoc->pwm_b = 0;
  64              		.loc 1 51 5 is_stmt 1 view .LVU17
ARM GAS  /tmp/ccdi9tlu.s 			page 3


  65              		.loc 1 51 10 is_stmt 0 view .LVU18
  66 001e D0F8D020 		ldr	r2, [r0, #208]
  67              	.LVL3:
  68              		.loc 1 51 18 view .LVU19
  69 0022 1360     		str	r3, [r2]
  52:Core/Src/foc_utils.c ****     *hfoc->pwm_c = 0;
  70              		.loc 1 52 5 is_stmt 1 view .LVU20
  71              		.loc 1 52 10 is_stmt 0 view .LVU21
  72 0024 D0F8D420 		ldr	r2, [r0, #212]
  73              		.loc 1 52 18 view .LVU22
  74 0028 1360     		str	r3, [r2]
  75              	.L1:
  53:Core/Src/foc_utils.c **** }
  76              		.loc 1 53 1 view .LVU23
  77 002a 7047     		bx	lr
  78              		.cfi_endproc
  79              	.LFE141:
  81              		.section	.text.foc_motor_init,"ax",%progbits
  82              		.align	1
  83              		.global	foc_motor_init
  84              		.syntax unified
  85              		.thumb
  86              		.thumb_func
  87              		.fpu fpv4-sp-d16
  89              	foc_motor_init:
  90              	.LVL4:
  91              	.LFB142:
  54:Core/Src/foc_utils.c **** 
  55:Core/Src/foc_utils.c **** //
  56:Core/Src/foc_utils.c **** 
  57:Core/Src/foc_utils.c **** void foc_motor_init(foc_t *hfoc, uint8_t pole_pairs, float kv) {
  92              		.loc 1 57 64 is_stmt 1 view -0
  93              		.cfi_startproc
  94              		@ args = 0, pretend = 0, frame = 0
  95              		@ frame_needed = 0, uses_anonymous_args = 0
  96              		@ link register save eliminated.
  58:Core/Src/foc_utils.c **** 	if (hfoc == NULL || pole_pairs == 0 || kv <= 0) {
  97              		.loc 1 58 2 view .LVU25
  59:Core/Src/foc_utils.c **** 		return;
  60:Core/Src/foc_utils.c **** 	}
  61:Core/Src/foc_utils.c **** 
  62:Core/Src/foc_utils.c **** 	// hfoc->pole_pairs = pole_pairs;
  63:Core/Src/foc_utils.c **** 	// hfoc->kv = kv;
  64:Core/Src/foc_utils.c **** }
  98              		.loc 1 64 1 is_stmt 0 view .LVU26
  99 0000 7047     		bx	lr
 100              		.cfi_endproc
 101              	.LFE142:
 103              		.section	.text.foc_sensor_init,"ax",%progbits
 104              		.align	1
 105              		.global	foc_sensor_init
 106              		.syntax unified
 107              		.thumb
 108              		.thumb_func
 109              		.fpu fpv4-sp-d16
 111              	foc_sensor_init:
 112              	.LVL5:
ARM GAS  /tmp/ccdi9tlu.s 			page 4


 113              	.LFB143:
  65:Core/Src/foc_utils.c **** 
  66:Core/Src/foc_utils.c **** //
  67:Core/Src/foc_utils.c **** 
  68:Core/Src/foc_utils.c **** void foc_sensor_init(foc_t *hfoc, float m_rad_offset, dir_mode_t sensor_dir) {
 114              		.loc 1 68 78 is_stmt 1 view -0
 115              		.cfi_startproc
 116              		@ args = 0, pretend = 0, frame = 0
 117              		@ frame_needed = 0, uses_anonymous_args = 0
 118              		@ link register save eliminated.
  69:Core/Src/foc_utils.c **** 	if (hfoc == NULL) return;
 119              		.loc 1 69 2 view .LVU28
  70:Core/Src/foc_utils.c **** 
  71:Core/Src/foc_utils.c **** 	// hfoc->m_angle_offset = m_rad_offset;
  72:Core/Src/foc_utils.c **** 	
  73:Core/Src/foc_utils.c **** }
 120              		.loc 1 73 1 is_stmt 0 view .LVU29
 121 0000 7047     		bx	lr
 122              		.cfi_endproc
 123              	.LFE143:
 125              		.section	.text.foc_get_power_voltage,"ax",%progbits
 126              		.align	1
 127              		.global	foc_get_power_voltage
 128              		.syntax unified
 129              		.thumb
 130              		.thumb_func
 131              		.fpu fpv4-sp-d16
 133              	foc_get_power_voltage:
 134              	.LVL6:
 135              	.LFB144:
  74:Core/Src/foc_utils.c **** 
  75:Core/Src/foc_utils.c **** //
  76:Core/Src/foc_utils.c **** int foc_get_power_voltage(foc_t *hfoc) {
 136              		.loc 1 76 40 is_stmt 1 view -0
 137              		.cfi_startproc
 138              		@ args = 0, pretend = 0, frame = 0
 139              		@ frame_needed = 0, uses_anonymous_args = 0
 140              		@ link register save eliminated.
  77:Core/Src/foc_utils.c ****     const float filter_alpha = 0.5f; 
 141              		.loc 1 77 5 view .LVU31
  78:Core/Src/foc_utils.c **** 
  79:Core/Src/foc_utils.c ****     float pv = (float)ADC3->JDR2 * ADC_2_VOLT * 9.3f; 
 142              		.loc 1 79 5 view .LVU32
 143              		.loc 1 79 27 is_stmt 0 view .LVU33
 144 0000 214B     		ldr	r3, .L22
 145 0002 D3ED107A 		vldr.32	s15, [r3, #64]	@ int
 146              		.loc 1 79 16 view .LVU34
 147 0006 F8EE677A 		vcvt.f32.u32	s15, s15
 148              		.loc 1 79 34 view .LVU35
 149 000a 9FED207A 		vldr.32	s14, .L22+4
 150 000e 67EE877A 		vmul.f32	s15, s15, s14
 151              		.loc 1 79 11 view .LVU36
 152 0012 9FED1F7A 		vldr.32	s14, .L22+8
 153 0016 67EE877A 		vmul.f32	s15, s15, s14
 154              	.LVL7:
  80:Core/Src/foc_utils.c **** 
  81:Core/Src/foc_utils.c ****     hfoc->v_bus = (1.0f - filter_alpha) * hfoc->v_bus + filter_alpha * pv;
ARM GAS  /tmp/ccdi9tlu.s 			page 5


 155              		.loc 1 81 5 is_stmt 1 view .LVU37
 156              		.loc 1 81 47 is_stmt 0 view .LVU38
 157 001a 90ED2A7A 		vldr.32	s14, [r0, #168]
 158              		.loc 1 81 41 view .LVU39
 159 001e F6EE006A 		vmov.f32	s13, #5.0e-1
 160 0022 27EE267A 		vmul.f32	s14, s14, s13
 161              		.loc 1 81 70 view .LVU40
 162 0026 67EEA67A 		vmul.f32	s15, s15, s13
 163              	.LVL8:
 164              		.loc 1 81 55 view .LVU41
 165 002a 77EE277A 		vadd.f32	s15, s14, s15
 166              		.loc 1 81 17 view .LVU42
 167 002e C0ED2A7A 		vstr.32	s15, [r0, #168]
  82:Core/Src/foc_utils.c **** 
  83:Core/Src/foc_utils.c ****     if (hfoc->v_bus >= 10.0f) {
 168              		.loc 1 83 5 is_stmt 1 view .LVU43
 169              		.loc 1 83 8 is_stmt 0 view .LVU44
 170 0032 B2EE047A 		vmov.f32	s14, #1.0e+1
 171 0036 F4EEC77A 		vcmpe.f32	s15, s14
 172 003a F1EE10FA 		vmrs	APSR_nzcv, FPSCR
 173 003e 0FDA     		bge	.L20
  84:Core/Src/foc_utils.c ****         CF_POWER;
  85:Core/Src/foc_utils.c ****         return 0; 
  86:Core/Src/foc_utils.c ****     }
  87:Core/Src/foc_utils.c ****     else if (hfoc->v_bus < 8.0f && hfoc->v_bus > 1.0f) {
 174              		.loc 1 87 10 is_stmt 1 view .LVU45
 175              		.loc 1 87 13 is_stmt 0 view .LVU46
 176 0040 B2EE007A 		vmov.f32	s14, #8.0e+0
 177 0044 F4EEC77A 		vcmpe.f32	s15, s14
 178 0048 F1EE10FA 		vmrs	APSR_nzcv, FPSCR
 179 004c 1AD5     		bpl	.L18
 180              		.loc 1 87 33 discriminator 1 view .LVU47
 181 004e B7EE007A 		vmov.f32	s14, #1.0e+0
 182 0052 F4EEC77A 		vcmpe.f32	s15, s14
 183 0056 F1EE10FA 		vmrs	APSR_nzcv, FPSCR
 184 005a 08DC     		bgt	.L21
  88:Core/Src/foc_utils.c ****         if (!RF_POWER) {
  89:Core/Src/foc_utils.c ****             
  90:Core/Src/foc_utils.c ****             // printf("Saving current configuration to flash...\r\n");
  91:Core/Src/foc_utils.c ****             SF_POWER;
  92:Core/Src/foc_utils.c ****         }
  93:Core/Src/foc_utils.c ****         return 1; 
  94:Core/Src/foc_utils.c ****     }
  95:Core/Src/foc_utils.c ****     
  96:Core/Src/foc_utils.c ****     return 0;
 185              		.loc 1 96 12 view .LVU48
 186 005c 0020     		movs	r0, #0
 187              	.LVL9:
  97:Core/Src/foc_utils.c **** }
 188              		.loc 1 97 1 view .LVU49
 189 005e 7047     		bx	lr
 190              	.LVL10:
 191              	.L20:
  84:Core/Src/foc_utils.c ****         CF_POWER;
 192              		.loc 1 84 9 is_stmt 1 view .LVU50
 193 0060 0C4A     		ldr	r2, .L22+12
 194 0062 D36E     		ldr	r3, [r2, #108]
ARM GAS  /tmp/ccdi9tlu.s 			page 6


 195 0064 23F00103 		bic	r3, r3, #1
 196 0068 D366     		str	r3, [r2, #108]
  85:Core/Src/foc_utils.c ****     }
 197              		.loc 1 85 9 view .LVU51
  85:Core/Src/foc_utils.c ****     }
 198              		.loc 1 85 16 is_stmt 0 view .LVU52
 199 006a 0020     		movs	r0, #0
 200              	.LVL11:
  85:Core/Src/foc_utils.c ****     }
 201              		.loc 1 85 16 view .LVU53
 202 006c 7047     		bx	lr
 203              	.LVL12:
 204              	.L21:
  88:Core/Src/foc_utils.c ****         if (!RF_POWER) {
 205              		.loc 1 88 9 is_stmt 1 view .LVU54
  88:Core/Src/foc_utils.c ****         if (!RF_POWER) {
 206              		.loc 1 88 14 is_stmt 0 view .LVU55
 207 006e 094B     		ldr	r3, .L22+12
 208 0070 DB6E     		ldr	r3, [r3, #108]
  88:Core/Src/foc_utils.c ****         if (!RF_POWER) {
 209              		.loc 1 88 12 view .LVU56
 210 0072 13F0010F 		tst	r3, #1
 211 0076 03D1     		bne	.L11
  91:Core/Src/foc_utils.c ****         }
 212              		.loc 1 91 13 is_stmt 1 view .LVU57
 213 0078 43F00103 		orr	r3, r3, #1
 214 007c 054A     		ldr	r2, .L22+12
 215 007e D366     		str	r3, [r2, #108]
 216              	.L11:
  93:Core/Src/foc_utils.c ****     }
 217              		.loc 1 93 9 view .LVU58
  93:Core/Src/foc_utils.c ****     }
 218              		.loc 1 93 16 is_stmt 0 view .LVU59
 219 0080 0120     		movs	r0, #1
 220              	.LVL13:
  93:Core/Src/foc_utils.c ****     }
 221              		.loc 1 93 16 view .LVU60
 222 0082 7047     		bx	lr
 223              	.LVL14:
 224              	.L18:
  96:Core/Src/foc_utils.c **** }
 225              		.loc 1 96 12 view .LVU61
 226 0084 0020     		movs	r0, #0
 227              	.LVL15:
  96:Core/Src/foc_utils.c **** }
 228              		.loc 1 96 12 view .LVU62
 229 0086 7047     		bx	lr
 230              	.L23:
 231              		.align	2
 232              	.L22:
 233 0088 00220140 		.word	1073816064
 234 008c 3333533A 		.word	978531123
 235 0090 CDCC1441 		.word	1091882189
 236 0094 00000000 		.word	m_config
 237              		.cfi_endproc
 238              	.LFE144:
 240              		.section	.text.foc_get_v_phase,"ax",%progbits
ARM GAS  /tmp/ccdi9tlu.s 			page 7


 241              		.align	1
 242              		.global	foc_get_v_phase
 243              		.syntax unified
 244              		.thumb
 245              		.thumb_func
 246              		.fpu fpv4-sp-d16
 248              	foc_get_v_phase:
 249              	.LVL16:
 250              	.LFB145:
  98:Core/Src/foc_utils.c **** 
  99:Core/Src/foc_utils.c **** void foc_get_v_phase(foc_t *hfoc) {
 251              		.loc 1 99 35 is_stmt 1 view -0
 252              		.cfi_startproc
 253              		@ args = 0, pretend = 0, frame = 0
 254              		@ frame_needed = 0, uses_anonymous_args = 0
 255              		@ link register save eliminated.
 100:Core/Src/foc_utils.c ****     const float filter_alpha = 0.5f; 
 256              		.loc 1 100 5 view .LVU64
 101:Core/Src/foc_utils.c **** 
 102:Core/Src/foc_utils.c ****     float va = (float)ADC1->JDR2 * ADC_2_VOLT * 9.2f;
 257              		.loc 1 102 5 view .LVU65
 258              		.loc 1 102 27 is_stmt 0 view .LVU66
 259 0000 1F4B     		ldr	r3, .L25
 260 0002 D3ED106A 		vldr.32	s13, [r3, #64]	@ int
 261              		.loc 1 102 16 view .LVU67
 262 0006 F8EE666A 		vcvt.f32.u32	s13, s13
 263              		.loc 1 102 34 view .LVU68
 264 000a DFED1E5A 		vldr.32	s11, .L25+4
 265 000e 66EEA56A 		vmul.f32	s13, s13, s11
 266              		.loc 1 102 11 view .LVU69
 267 0012 9FED1D6A 		vldr.32	s12, .L25+8
 268 0016 66EE866A 		vmul.f32	s13, s13, s12
 269              	.LVL17:
 103:Core/Src/foc_utils.c ****     float vb = (float)ADC2->JDR2 * ADC_2_VOLT * 9.2f;
 270              		.loc 1 103 5 is_stmt 1 view .LVU70
 271              		.loc 1 103 27 is_stmt 0 view .LVU71
 272 001a 1C4A     		ldr	r2, .L25+12
 273 001c 92ED107A 		vldr.32	s14, [r2, #64]	@ int
 274              		.loc 1 103 16 view .LVU72
 275 0020 B8EE477A 		vcvt.f32.u32	s14, s14
 276              		.loc 1 103 34 view .LVU73
 277 0024 27EE257A 		vmul.f32	s14, s14, s11
 278              		.loc 1 103 11 view .LVU74
 279 0028 27EE067A 		vmul.f32	s14, s14, s12
 280              	.LVL18:
 104:Core/Src/foc_utils.c ****     float vc = (float)ADC1->JDR3 * ADC_2_VOLT * 9.2f;
 281              		.loc 1 104 5 is_stmt 1 view .LVU75
 282              		.loc 1 104 27 is_stmt 0 view .LVU76
 283 002c D3ED117A 		vldr.32	s15, [r3, #68]	@ int
 284              		.loc 1 104 16 view .LVU77
 285 0030 F8EE677A 		vcvt.f32.u32	s15, s15
 286              		.loc 1 104 34 view .LVU78
 287 0034 67EEA57A 		vmul.f32	s15, s15, s11
 288              		.loc 1 104 11 view .LVU79
 289 0038 67EE867A 		vmul.f32	s15, s15, s12
 290              	.LVL19:
 105:Core/Src/foc_utils.c **** 
ARM GAS  /tmp/ccdi9tlu.s 			page 8


 106:Core/Src/foc_utils.c ****     hfoc->va = (1.0f - filter_alpha) * hfoc->va + filter_alpha * va;
 291              		.loc 1 106 5 is_stmt 1 view .LVU80
 292              		.loc 1 106 44 is_stmt 0 view .LVU81
 293 003c D0ED245A 		vldr.32	s11, [r0, #144]
 294              		.loc 1 106 38 view .LVU82
 295 0040 B6EE006A 		vmov.f32	s12, #5.0e-1
 296 0044 65EE865A 		vmul.f32	s11, s11, s12
 297              		.loc 1 106 64 view .LVU83
 298 0048 66EE866A 		vmul.f32	s13, s13, s12
 299              	.LVL20:
 300              		.loc 1 106 49 view .LVU84
 301 004c 75EEA66A 		vadd.f32	s13, s11, s13
 302              		.loc 1 106 14 view .LVU85
 303 0050 C0ED246A 		vstr.32	s13, [r0, #144]
 107:Core/Src/foc_utils.c ****     hfoc->vb = (1.0f - filter_alpha) * hfoc->vb + filter_alpha * vb;
 304              		.loc 1 107 5 is_stmt 1 view .LVU86
 305              		.loc 1 107 44 is_stmt 0 view .LVU87
 306 0054 D0ED256A 		vldr.32	s13, [r0, #148]
 307              		.loc 1 107 38 view .LVU88
 308 0058 66EE866A 		vmul.f32	s13, s13, s12
 309              		.loc 1 107 64 view .LVU89
 310 005c 27EE067A 		vmul.f32	s14, s14, s12
 311              	.LVL21:
 312              		.loc 1 107 49 view .LVU90
 313 0060 36EE877A 		vadd.f32	s14, s13, s14
 314              		.loc 1 107 14 view .LVU91
 315 0064 80ED257A 		vstr.32	s14, [r0, #148]
 108:Core/Src/foc_utils.c ****     hfoc->vc = (1.0f - filter_alpha) * hfoc->vc + filter_alpha * vc;
 316              		.loc 1 108 5 is_stmt 1 view .LVU92
 317              		.loc 1 108 44 is_stmt 0 view .LVU93
 318 0068 90ED267A 		vldr.32	s14, [r0, #152]
 319              		.loc 1 108 38 view .LVU94
 320 006c 27EE067A 		vmul.f32	s14, s14, s12
 321              		.loc 1 108 64 view .LVU95
 322 0070 67EE867A 		vmul.f32	s15, s15, s12
 323              	.LVL22:
 324              		.loc 1 108 49 view .LVU96
 325 0074 77EE277A 		vadd.f32	s15, s14, s15
 326              		.loc 1 108 14 view .LVU97
 327 0078 C0ED267A 		vstr.32	s15, [r0, #152]
 109:Core/Src/foc_utils.c **** }
 328              		.loc 1 109 1 view .LVU98
 329 007c 7047     		bx	lr
 330              	.L26:
 331 007e 00BF     		.align	2
 332              	.L25:
 333 0080 00200140 		.word	1073815552
 334 0084 3333533A 		.word	978531123
 335 0088 33331341 		.word	1091777331
 336 008c 00210140 		.word	1073815808
 337              		.cfi_endproc
 338              	.LFE145:
 340              		.section	.text.foc_set_limit_current,"ax",%progbits
 341              		.align	1
 342              		.global	foc_set_limit_current
 343              		.syntax unified
 344              		.thumb
ARM GAS  /tmp/ccdi9tlu.s 			page 9


 345              		.thumb_func
 346              		.fpu fpv4-sp-d16
 348              	foc_set_limit_current:
 349              	.LVL23:
 350              	.LFB146:
 110:Core/Src/foc_utils.c **** 
 111:Core/Src/foc_utils.c **** //
 112:Core/Src/foc_utils.c **** 
 113:Core/Src/foc_utils.c **** void foc_set_limit_current(foc_t *hfoc, float i_limit) {
 351              		.loc 1 113 56 is_stmt 1 view -0
 352              		.cfi_startproc
 353              		@ args = 0, pretend = 0, frame = 0
 354              		@ frame_needed = 0, uses_anonymous_args = 0
 355              		@ link register save eliminated.
 114:Core/Src/foc_utils.c **** 	if (hfoc == NULL) return;
 356              		.loc 1 114 2 view .LVU100
 357              		.loc 1 114 5 is_stmt 0 view .LVU101
 358 0000 08B1     		cbz	r0, .L27
 115:Core/Src/foc_utils.c **** 
 116:Core/Src/foc_utils.c **** 	hfoc->max_current = i_limit;
 359              		.loc 1 116 2 is_stmt 1 view .LVU102
 360              		.loc 1 116 20 is_stmt 0 view .LVU103
 361 0002 80ED0D0A 		vstr.32	s0, [r0, #52]
 362              	.L27:
 117:Core/Src/foc_utils.c **** }
 363              		.loc 1 117 1 view .LVU104
 364 0006 7047     		bx	lr
 365              		.cfi_endproc
 366              	.LFE146:
 368              		.section	.text.foc_MTPA,"ax",%progbits
 369              		.align	1
 370              		.global	foc_MTPA
 371              		.syntax unified
 372              		.thumb
 373              		.thumb_func
 374              		.fpu fpv4-sp-d16
 376              	foc_MTPA:
 377              	.LVL24:
 378              	.LFB147:
 118:Core/Src/foc_utils.c **** 
 119:Core/Src/foc_utils.c **** //
 120:Core/Src/foc_utils.c **** 
 121:Core/Src/foc_utils.c **** void foc_MTPA(foc_t *hfoc, float Is, float *Id_ref, float *Iq_ref) {
 379              		.loc 1 121 68 is_stmt 1 view -0
 380              		.cfi_startproc
 381              		@ args = 0, pretend = 0, frame = 0
 382              		@ frame_needed = 0, uses_anonymous_args = 0
 383              		.loc 1 121 68 is_stmt 0 view .LVU106
 384 0000 70B5     		push	{r4, r5, r6, lr}
 385              	.LCFI0:
 386              		.cfi_def_cfa_offset 16
 387              		.cfi_offset 4, -16
 388              		.cfi_offset 5, -12
 389              		.cfi_offset 6, -8
 390              		.cfi_offset 14, -4
 391 0002 2DED048B 		vpush.64	{d8, d9}
 392              	.LCFI1:
ARM GAS  /tmp/ccdi9tlu.s 			page 10


 393              		.cfi_def_cfa_offset 32
 394              		.cfi_offset 80, -32
 395              		.cfi_offset 81, -28
 396              		.cfi_offset 82, -24
 397              		.cfi_offset 83, -20
 398 0006 F0EE408A 		vmov.f32	s17, s0
 399 000a 0E46     		mov	r6, r1
 400 000c 1546     		mov	r5, r2
 122:Core/Src/foc_utils.c ****     float L_diff = L_Q - L_D;
 401              		.loc 1 122 5 is_stmt 1 view .LVU107
 402              		.loc 1 122 20 is_stmt 0 view .LVU108
 403 000e 214B     		ldr	r3, .L41
 404 0010 93ED288A 		vldr.32	s16, [r3, #160]
 405              		.loc 1 122 26 view .LVU109
 406 0014 D3ED277A 		vldr.32	s15, [r3, #156]
 407              		.loc 1 122 11 view .LVU110
 408 0018 38EE678A 		vsub.f32	s16, s16, s15
 409              	.LVL25:
 123:Core/Src/foc_utils.c ****     if (L_diff < 0) {
 410              		.loc 1 123 5 is_stmt 1 view .LVU111
 411              		.loc 1 123 8 is_stmt 0 view .LVU112
 412 001c B5EEC08A 		vcmpe.f32	s16, #0
 413 0020 F1EE10FA 		vmrs	APSR_nzcv, FPSCR
 414 0024 2ED4     		bmi	.L39
 415 0026 0446     		mov	r4, r0
 124:Core/Src/foc_utils.c ****         *Id_ref = 0.0f;
 125:Core/Src/foc_utils.c ****         *Iq_ref = Is;
 126:Core/Src/foc_utils.c ****         return;
 127:Core/Src/foc_utils.c ****     }
 128:Core/Src/foc_utils.c ****     float Is_square = Is * Is;
 416              		.loc 1 128 5 is_stmt 1 view .LVU113
 417              		.loc 1 128 11 is_stmt 0 view .LVU114
 418 0028 60EE009A 		vmul.f32	s19, s0, s0
 419              	.LVL26:
 129:Core/Src/foc_utils.c ****     float temp = sqrtf(hfoc->flux_linkage * hfoc->flux_linkage + 8.0f * (L_diff * L_diff) * Is_squa
 420              		.loc 1 129 5 is_stmt 1 view .LVU115
 421              		.loc 1 129 28 is_stmt 0 view .LVU116
 422 002c 90ED0E0A 		vldr.32	s0, [r0, #56]
 423              	.LVL27:
 424              		.loc 1 129 43 view .LVU117
 425 0030 20EE000A 		vmul.f32	s0, s0, s0
 426              		.loc 1 129 81 view .LVU118
 427 0034 68EE087A 		vmul.f32	s15, s16, s16
 428              		.loc 1 129 71 view .LVU119
 429 0038 B2EE007A 		vmov.f32	s14, #8.0e+0
 430 003c 67EE877A 		vmul.f32	s15, s15, s14
 431              		.loc 1 129 91 view .LVU120
 432 0040 67EEA97A 		vmul.f32	s15, s15, s19
 433              		.loc 1 129 18 view .LVU121
 434 0044 30EE270A 		vadd.f32	s0, s0, s15
 435 0048 FFF7FEFF 		bl	sqrtf
 436              	.LVL28:
 130:Core/Src/foc_utils.c ****     float id = (hfoc->flux_linkage - temp) / (4.0f * L_diff);
 437              		.loc 1 130 5 is_stmt 1 view .LVU122
 438              		.loc 1 130 21 is_stmt 0 view .LVU123
 439 004c D4ED0E7A 		vldr.32	s15, [r4, #56]
 440              		.loc 1 130 36 view .LVU124
ARM GAS  /tmp/ccdi9tlu.s 			page 11


 441 0050 77EEC07A 		vsub.f32	s15, s15, s0
 442              		.loc 1 130 52 view .LVU125
 443 0054 B1EE007A 		vmov.f32	s14, #4.0e+0
 444 0058 28EE078A 		vmul.f32	s16, s16, s14
 445              	.LVL29:
 446              		.loc 1 130 11 view .LVU126
 447 005c 87EE889A 		vdiv.f32	s18, s15, s16
 448              	.LVL30:
 131:Core/Src/foc_utils.c ****     float iq = sqrtf(Is_square - id * id);
 449              		.loc 1 131 5 is_stmt 1 view .LVU127
 450              		.loc 1 131 37 is_stmt 0 view .LVU128
 451 0060 29EE090A 		vmul.f32	s0, s18, s18
 452              	.LVL31:
 453              		.loc 1 131 16 view .LVU129
 454 0064 39EEC00A 		vsub.f32	s0, s19, s0
 455 0068 FFF7FEFF 		bl	sqrtf
 456              	.LVL32:
 132:Core/Src/foc_utils.c ****     if (Is < 0) iq = -iq;
 457              		.loc 1 132 5 is_stmt 1 view .LVU130
 458              		.loc 1 132 8 is_stmt 0 view .LVU131
 459 006c F5EEC08A 		vcmpe.f32	s17, #0
 460 0070 F1EE10FA 		vmrs	APSR_nzcv, FPSCR
 461 0074 0BD4     		bmi	.L40
 462              	.L33:
 133:Core/Src/foc_utils.c **** 
 134:Core/Src/foc_utils.c ****     *Id_ref = id;
 463              		.loc 1 134 5 is_stmt 1 view .LVU132
 464              		.loc 1 134 13 is_stmt 0 view .LVU133
 465 0076 86ED009A 		vstr.32	s18, [r6]
 135:Core/Src/foc_utils.c ****     *Iq_ref = iq;
 466              		.loc 1 135 5 is_stmt 1 view .LVU134
 467              		.loc 1 135 13 is_stmt 0 view .LVU135
 468 007a 85ED000A 		vstr.32	s0, [r5]
 469              	.LVL33:
 470              	.L29:
 136:Core/Src/foc_utils.c **** }
 471              		.loc 1 136 1 view .LVU136
 472 007e BDEC048B 		vldm	sp!, {d8-d9}
 473              	.LCFI2:
 474              		.cfi_remember_state
 475              		.cfi_restore 82
 476              		.cfi_restore 83
 477              		.cfi_restore 80
 478              		.cfi_restore 81
 479              		.cfi_def_cfa_offset 16
 480 0082 70BD     		pop	{r4, r5, r6, pc}
 481              	.LVL34:
 482              	.L39:
 483              	.LCFI3:
 484              		.cfi_restore_state
 124:Core/Src/foc_utils.c ****         *Iq_ref = Is;
 485              		.loc 1 124 9 is_stmt 1 view .LVU137
 124:Core/Src/foc_utils.c ****         *Iq_ref = Is;
 486              		.loc 1 124 17 is_stmt 0 view .LVU138
 487 0084 0023     		movs	r3, #0
 488 0086 0B60     		str	r3, [r1]	@ float
 125:Core/Src/foc_utils.c ****         return;
ARM GAS  /tmp/ccdi9tlu.s 			page 12


 489              		.loc 1 125 9 is_stmt 1 view .LVU139
 125:Core/Src/foc_utils.c ****         return;
 490              		.loc 1 125 17 is_stmt 0 view .LVU140
 491 0088 85ED000A 		vstr.32	s0, [r5]
 126:Core/Src/foc_utils.c ****     }
 492              		.loc 1 126 9 is_stmt 1 view .LVU141
 493 008c F7E7     		b	.L29
 494              	.LVL35:
 495              	.L40:
 132:Core/Src/foc_utils.c **** 
 496              		.loc 1 132 17 discriminator 1 view .LVU142
 132:Core/Src/foc_utils.c **** 
 497              		.loc 1 132 20 is_stmt 0 discriminator 1 view .LVU143
 498 008e B1EE400A 		vneg.f32	s0, s0
 499              	.LVL36:
 132:Core/Src/foc_utils.c **** 
 500              		.loc 1 132 20 discriminator 1 view .LVU144
 501 0092 F0E7     		b	.L33
 502              	.L42:
 503              		.align	2
 504              	.L41:
 505 0094 00100000 		.word	m_config+4096
 506              		.cfi_endproc
 507              	.LFE147:
 509              		.section	.text.foc_fw_set_vs_ref,"ax",%progbits
 510              		.align	1
 511              		.global	foc_fw_set_vs_ref
 512              		.syntax unified
 513              		.thumb
 514              		.thumb_func
 515              		.fpu fpv4-sp-d16
 517              	foc_fw_set_vs_ref:
 518              	.LVL37:
 519              	.LFB148:
 137:Core/Src/foc_utils.c **** 
 138:Core/Src/foc_utils.c **** void foc_fw_set_vs_ref(foc_t *hfoc, float vs_ref) {
 520              		.loc 1 138 51 is_stmt 1 view -0
 521              		.cfi_startproc
 522              		@ args = 0, pretend = 0, frame = 0
 523              		@ frame_needed = 0, uses_anonymous_args = 0
 524              		@ link register save eliminated.
 139:Core/Src/foc_utils.c ****     hfoc->fw_vs_ref = vs_ref;
 525              		.loc 1 139 5 view .LVU146
 526              		.loc 1 139 21 is_stmt 0 view .LVU147
 527 0000 80ED780A 		vstr.32	s0, [r0, #480]
 140:Core/Src/foc_utils.c **** }
 528              		.loc 1 140 1 view .LVU148
 529 0004 7047     		bx	lr
 530              		.cfi_endproc
 531              	.LFE148:
 533              		.section	.text.foc_fw_update,"ax",%progbits
 534              		.align	1
 535              		.global	foc_fw_update
 536              		.syntax unified
 537              		.thumb
 538              		.thumb_func
 539              		.fpu fpv4-sp-d16
ARM GAS  /tmp/ccdi9tlu.s 			page 13


 541              	foc_fw_update:
 542              	.LVL38:
 543              	.LFB149:
 141:Core/Src/foc_utils.c **** 
 142:Core/Src/foc_utils.c **** float foc_fw_update(foc_t *hfoc) {
 544              		.loc 1 142 34 is_stmt 1 view -0
 545              		.cfi_startproc
 546              		@ args = 0, pretend = 0, frame = 0
 547              		@ frame_needed = 0, uses_anonymous_args = 0
 548              		.loc 1 142 34 is_stmt 0 view .LVU150
 549 0000 10B5     		push	{r4, lr}
 550              	.LCFI4:
 551              		.cfi_def_cfa_offset 8
 552              		.cfi_offset 4, -8
 553              		.cfi_offset 14, -4
 554 0002 0446     		mov	r4, r0
 143:Core/Src/foc_utils.c ****     float vs = sqrtf(hfoc->vd * hfoc->vd + hfoc->vq * hfoc->vq);
 555              		.loc 1 143 5 is_stmt 1 view .LVU151
 556              		.loc 1 143 26 is_stmt 0 view .LVU152
 557 0004 90ED1A0A 		vldr.32	s0, [r0, #104]
 558              		.loc 1 143 31 view .LVU153
 559 0008 20EE000A 		vmul.f32	s0, s0, s0
 560              		.loc 1 143 48 view .LVU154
 561 000c D0ED1B7A 		vldr.32	s15, [r0, #108]
 562              		.loc 1 143 53 view .LVU155
 563 0010 67EEA77A 		vmul.f32	s15, s15, s15
 564              		.loc 1 143 16 view .LVU156
 565 0014 30EE270A 		vadd.f32	s0, s0, s15
 566 0018 FFF7FEFF 		bl	sqrtf
 567              	.LVL39:
 144:Core/Src/foc_utils.c ****     float error = hfoc->fw_vs_ref - vs;
 568              		.loc 1 144 5 is_stmt 1 view .LVU157
 569              		.loc 1 144 23 is_stmt 0 view .LVU158
 570 001c D4ED787A 		vldr.32	s15, [r4, #480]
 571              	.LVL40:
 145:Core/Src/foc_utils.c ****     float mv = pi_control(&hfoc->fw_ctrl, error);
 572              		.loc 1 145 5 is_stmt 1 view .LVU159
 573              		.loc 1 145 16 is_stmt 0 view .LVU160
 574 0020 37EEC00A 		vsub.f32	s0, s15, s0
 575              	.LVL41:
 576              		.loc 1 145 16 view .LVU161
 577 0024 04F5D670 		add	r0, r4, #428
 578 0028 FFF7FEFF 		bl	pi_control
 579              	.LVL42:
 146:Core/Src/foc_utils.c ****     return mv;
 580              		.loc 1 146 5 is_stmt 1 view .LVU162
 147:Core/Src/foc_utils.c **** }
 581              		.loc 1 147 1 is_stmt 0 view .LVU163
 582 002c 10BD     		pop	{r4, pc}
 583              		.loc 1 147 1 view .LVU164
 584              		.cfi_endproc
 585              	.LFE149:
 587              		.section	.text.foc_current_limit,"ax",%progbits
 588              		.align	1
 589              		.global	foc_current_limit
 590              		.syntax unified
 591              		.thumb
ARM GAS  /tmp/ccdi9tlu.s 			page 14


 592              		.thumb_func
 593              		.fpu fpv4-sp-d16
 595              	foc_current_limit:
 596              	.LVL43:
 597              	.LFB150:
 148:Core/Src/foc_utils.c **** 
 149:Core/Src/foc_utils.c **** void foc_current_limit(float *id_ref, float *iq_ref, float max_current) {
 598              		.loc 1 149 73 is_stmt 1 view -0
 599              		.cfi_startproc
 600              		@ args = 0, pretend = 0, frame = 0
 601              		@ frame_needed = 0, uses_anonymous_args = 0
 602              		.loc 1 149 73 is_stmt 0 view .LVU166
 603 0000 10B5     		push	{r4, lr}
 604              	.LCFI5:
 605              		.cfi_def_cfa_offset 8
 606              		.cfi_offset 4, -8
 607              		.cfi_offset 14, -4
 608 0002 0C46     		mov	r4, r1
 150:Core/Src/foc_utils.c ****     if (*id_ref > max_current) {
 609              		.loc 1 150 5 is_stmt 1 view .LVU167
 610              		.loc 1 150 9 is_stmt 0 view .LVU168
 611 0004 D0ED007A 		vldr.32	s15, [r0]
 612              		.loc 1 150 8 view .LVU169
 613 0008 F4EEC07A 		vcmpe.f32	s15, s0
 614 000c F1EE10FA 		vmrs	APSR_nzcv, FPSCR
 615 0010 15DD     		ble	.L59
 151:Core/Src/foc_utils.c ****         *id_ref = max_current;
 616              		.loc 1 151 9 is_stmt 1 view .LVU170
 617              		.loc 1 151 17 is_stmt 0 view .LVU171
 618 0012 80ED000A 		vstr.32	s0, [r0]
 619              	.L49:
 152:Core/Src/foc_utils.c ****     }
 153:Core/Src/foc_utils.c ****     else if (*id_ref < -max_current) {
 154:Core/Src/foc_utils.c ****         *id_ref = -max_current;
 155:Core/Src/foc_utils.c ****     }
 156:Core/Src/foc_utils.c ****     float max_iq = sqrtf(max_current * max_current - *id_ref * *id_ref);
 620              		.loc 1 156 5 is_stmt 1 view .LVU172
 621              		.loc 1 156 38 is_stmt 0 view .LVU173
 622 0016 20EE000A 		vmul.f32	s0, s0, s0
 623              	.LVL44:
 624              		.loc 1 156 54 view .LVU174
 625 001a D0ED007A 		vldr.32	s15, [r0]
 626              		.loc 1 156 62 view .LVU175
 627 001e 67EEA77A 		vmul.f32	s15, s15, s15
 628              		.loc 1 156 20 view .LVU176
 629 0022 30EE670A 		vsub.f32	s0, s0, s15
 630 0026 FFF7FEFF 		bl	sqrtf
 631              	.LVL45:
 157:Core/Src/foc_utils.c ****     if (*iq_ref > max_iq) {
 632              		.loc 1 157 5 is_stmt 1 view .LVU177
 633              		.loc 1 157 9 is_stmt 0 view .LVU178
 634 002a D4ED007A 		vldr.32	s15, [r4]
 635              		.loc 1 157 8 view .LVU179
 636 002e F4EEC07A 		vcmpe.f32	s15, s0
 637 0032 F1EE10FA 		vmrs	APSR_nzcv, FPSCR
 638 0036 0CDD     		ble	.L60
 158:Core/Src/foc_utils.c ****         *iq_ref = max_iq;
ARM GAS  /tmp/ccdi9tlu.s 			page 15


 639              		.loc 1 158 9 is_stmt 1 view .LVU180
 640              		.loc 1 158 17 is_stmt 0 view .LVU181
 641 0038 84ED000A 		vstr.32	s0, [r4]
 642              	.LVL46:
 643              	.L46:
 159:Core/Src/foc_utils.c ****     }
 160:Core/Src/foc_utils.c ****     else if (*iq_ref < -max_iq) {
 161:Core/Src/foc_utils.c ****         *iq_ref = -max_iq;
 162:Core/Src/foc_utils.c ****     }
 163:Core/Src/foc_utils.c **** }
 644              		.loc 1 163 1 view .LVU182
 645 003c 10BD     		pop	{r4, pc}
 646              	.LVL47:
 647              	.L59:
 153:Core/Src/foc_utils.c ****         *id_ref = -max_current;
 648              		.loc 1 153 10 is_stmt 1 view .LVU183
 153:Core/Src/foc_utils.c ****         *id_ref = -max_current;
 649              		.loc 1 153 24 is_stmt 0 view .LVU184
 650 003e B1EE407A 		vneg.f32	s14, s0
 153:Core/Src/foc_utils.c ****         *id_ref = -max_current;
 651              		.loc 1 153 13 view .LVU185
 652 0042 F4EEC77A 		vcmpe.f32	s15, s14
 653 0046 F1EE10FA 		vmrs	APSR_nzcv, FPSCR
 654 004a E4D5     		bpl	.L49
 154:Core/Src/foc_utils.c ****     }
 655              		.loc 1 154 9 is_stmt 1 view .LVU186
 154:Core/Src/foc_utils.c ****     }
 656              		.loc 1 154 17 is_stmt 0 view .LVU187
 657 004c 80ED007A 		vstr.32	s14, [r0]
 658 0050 E1E7     		b	.L49
 659              	.LVL48:
 660              	.L60:
 160:Core/Src/foc_utils.c ****         *iq_ref = -max_iq;
 661              		.loc 1 160 10 is_stmt 1 view .LVU188
 160:Core/Src/foc_utils.c ****         *iq_ref = -max_iq;
 662              		.loc 1 160 24 is_stmt 0 view .LVU189
 663 0052 B1EE400A 		vneg.f32	s0, s0
 664              	.LVL49:
 160:Core/Src/foc_utils.c ****         *iq_ref = -max_iq;
 665              		.loc 1 160 13 view .LVU190
 666 0056 F4EEC07A 		vcmpe.f32	s15, s0
 667 005a F1EE10FA 		vmrs	APSR_nzcv, FPSCR
 668 005e EDD5     		bpl	.L46
 161:Core/Src/foc_utils.c ****     }
 669              		.loc 1 161 9 is_stmt 1 view .LVU191
 161:Core/Src/foc_utils.c ****     }
 670              		.loc 1 161 17 is_stmt 0 view .LVU192
 671 0060 84ED000A 		vstr.32	s0, [r4]
 672              		.loc 1 163 1 view .LVU193
 673 0064 EAE7     		b	.L46
 674              		.cfi_endproc
 675              	.LFE150:
 677              		.section	.text.foc_current_control_update,"ax",%progbits
 678              		.align	1
 679              		.global	foc_current_control_update
 680              		.syntax unified
 681              		.thumb
ARM GAS  /tmp/ccdi9tlu.s 			page 16


 682              		.thumb_func
 683              		.fpu fpv4-sp-d16
 685              	foc_current_control_update:
 686              	.LVL50:
 687              	.LFB152:
 164:Core/Src/foc_utils.c **** 
 165:Core/Src/foc_utils.c **** //
 166:Core/Src/foc_utils.c **** int foc_torque_control_update(foc_t *hfoc ) {
 167:Core/Src/foc_utils.c ****     int ret = 0;
 168:Core/Src/foc_utils.c ****     static uint8_t event_speed_loop_count = 0;
 169:Core/Src/foc_utils.c ****         
 170:Core/Src/foc_utils.c ****     foc_current_control_update(hfoc);
 171:Core/Src/foc_utils.c ****     
 172:Core/Src/foc_utils.c ****     if (event_speed_loop_count >= SPEED_CONTROL_CYCLE) {
 173:Core/Src/foc_utils.c ****         event_speed_loop_count = 0;
 174:Core/Src/foc_utils.c ****         
 175:Core/Src/foc_utils.c ****         hfoc->actual_rpm = ENCODER_GetRPM(&encoder, FOC_TS * SPEED_CONTROL_CYCLE);
 176:Core/Src/foc_utils.c ****         foc_calc_mech_rpm_encoder(hfoc, hfoc->actual_rpm);
 177:Core/Src/foc_utils.c ****         foc_set_flag();
 178:Core/Src/foc_utils.c ****         ret = 1;
 179:Core/Src/foc_utils.c ****     }
 180:Core/Src/foc_utils.c ****     event_speed_loop_count++;
 181:Core/Src/foc_utils.c ****     return ret;
 182:Core/Src/foc_utils.c **** }
 183:Core/Src/foc_utils.c **** 
 184:Core/Src/foc_utils.c **** 
 185:Core/Src/foc_utils.c **** void foc_current_control_update(foc_t *hfoc) {
 688              		.loc 1 185 46 is_stmt 1 view -0
 689              		.cfi_startproc
 690              		@ args = 0, pretend = 0, frame = 32
 691              		@ frame_needed = 0, uses_anonymous_args = 0
 692              		.loc 1 185 46 is_stmt 0 view .LVU195
 693 0000 10B5     		push	{r4, lr}
 694              	.LCFI6:
 695              		.cfi_def_cfa_offset 8
 696              		.cfi_offset 4, -8
 697              		.cfi_offset 14, -4
 698 0002 2DED028B 		vpush.64	{d8}
 699              	.LCFI7:
 700              		.cfi_def_cfa_offset 16
 701              		.cfi_offset 80, -16
 702              		.cfi_offset 81, -12
 703 0006 88B0     		sub	sp, sp, #32
 704              	.LCFI8:
 705              		.cfi_def_cfa_offset 48
 186:Core/Src/foc_utils.c **** 	if (hfoc == NULL ) {
 706              		.loc 1 186 2 is_stmt 1 view .LVU196
 707              		.loc 1 186 5 is_stmt 0 view .LVU197
 708 0008 0446     		mov	r4, r0
 709 000a D0B1     		cbz	r0, .L79
 187:Core/Src/foc_utils.c **** 		hfoc->id_ctrl.integral = 0.0f;
 188:Core/Src/foc_utils.c **** 		hfoc->id_ctrl.last_error = 0.0f;
 189:Core/Src/foc_utils.c **** 		hfoc->iq_ctrl.integral = 0.0f;
 190:Core/Src/foc_utils.c **** 		hfoc->iq_ctrl.last_error = 0.0f;
 191:Core/Src/foc_utils.c **** 		return;
 192:Core/Src/foc_utils.c **** 	}
 193:Core/Src/foc_utils.c **** 
ARM GAS  /tmp/ccdi9tlu.s 			page 17


 194:Core/Src/foc_utils.c ****     DRV8323_Get_Current(&hfoc->drv8323s, &hfoc->ia, &hfoc->ib,&hfoc->ic);
 710              		.loc 1 194 5 is_stmt 1 view .LVU198
 711 000c 00F1A403 		add	r3, r0, #164
 712 0010 00F1A002 		add	r2, r0, #160
 713 0014 00F19C01 		add	r1, r0, #156
 714 0018 FFF7FEFF 		bl	DRV8323_Get_Current
 715              	.LVL51:
 195:Core/Src/foc_utils.c **** 
 196:Core/Src/foc_utils.c **** 	// // Hard limit references
 197:Core/Src/foc_utils.c **** 	// hfoc->id_ref = CONSTRAIN(hfoc->id_ref, -hfoc->max_current, hfoc->max_current);
 198:Core/Src/foc_utils.c **** 	// hfoc->iq_ref = CONSTRAIN(hfoc->iq_ref, -hfoc->max_current, hfoc->max_current);
 199:Core/Src/foc_utils.c **** 
 200:Core/Src/foc_utils.c ****     float target_id = CONSTRAIN(hfoc->id_ref, -hfoc->max_current, hfoc->max_current);
 716              		.loc 1 200 5 view .LVU199
 717              		.loc 1 200 23 is_stmt 0 view .LVU200
 718 001c D4ED308A 		vldr.32	s17, [r4, #192]
 719 0020 D4ED0D7A 		vldr.32	s15, [r4, #52]
 720 0024 B1EE678A 		vneg.f32	s16, s15
 721 0028 F4EEC88A 		vcmpe.f32	s17, s16
 722 002c F1EE10FA 		vmrs	APSR_nzcv, FPSCR
 723 0030 11D9     		bls	.L73
 724              		.loc 1 200 23 discriminator 2 view .LVU201
 725 0032 F4EEE78A 		vcmpe.f32	s17, s15
 726 0036 F1EE10FA 		vmrs	APSR_nzcv, FPSCR
 727 003a 0EDB     		blt	.L65
 728              		.loc 1 200 23 view .LVU202
 729 003c F0EE678A 		vmov.f32	s17, s15
 730 0040 0BE0     		b	.L65
 731              	.LVL52:
 732              	.L79:
 187:Core/Src/foc_utils.c **** 		hfoc->id_ctrl.integral = 0.0f;
 733              		.loc 1 187 3 is_stmt 1 view .LVU203
 187:Core/Src/foc_utils.c **** 		hfoc->id_ctrl.integral = 0.0f;
 734              		.loc 1 187 26 is_stmt 0 view .LVU204
 735 0042 0023     		movs	r3, #0
 736 0044 C0F8E830 		str	r3, [r0, #232]	@ float
 188:Core/Src/foc_utils.c **** 		hfoc->iq_ctrl.integral = 0.0f;
 737              		.loc 1 188 3 is_stmt 1 view .LVU205
 188:Core/Src/foc_utils.c **** 		hfoc->iq_ctrl.integral = 0.0f;
 738              		.loc 1 188 28 is_stmt 0 view .LVU206
 739 0048 C0F8FC30 		str	r3, [r0, #252]	@ float
 189:Core/Src/foc_utils.c **** 		hfoc->iq_ctrl.last_error = 0.0f;
 740              		.loc 1 189 3 is_stmt 1 view .LVU207
 189:Core/Src/foc_utils.c **** 		hfoc->iq_ctrl.last_error = 0.0f;
 741              		.loc 1 189 26 is_stmt 0 view .LVU208
 742 004c C0F81C31 		str	r3, [r0, #284]	@ float
 190:Core/Src/foc_utils.c **** 		return;
 743              		.loc 1 190 3 is_stmt 1 view .LVU209
 190:Core/Src/foc_utils.c **** 		return;
 744              		.loc 1 190 28 is_stmt 0 view .LVU210
 745 0050 C0F83031 		str	r3, [r0, #304]	@ float
 191:Core/Src/foc_utils.c **** 	}
 746              		.loc 1 191 3 is_stmt 1 view .LVU211
 747 0054 83E0     		b	.L62
 748              	.LVL53:
 749              	.L73:
 750              		.loc 1 200 23 is_stmt 0 view .LVU212
ARM GAS  /tmp/ccdi9tlu.s 			page 18


 751 0056 F0EE488A 		vmov.f32	s17, s16
 752              	.L65:
 753              	.LVL54:
 201:Core/Src/foc_utils.c ****     float target_iq = CONSTRAIN(hfoc->iq_ref, -hfoc->max_current, hfoc->max_current);
 754              		.loc 1 201 5 is_stmt 1 discriminator 8 view .LVU213
 755              		.loc 1 201 23 is_stmt 0 discriminator 8 view .LVU214
 756 005a 94ED317A 		vldr.32	s14, [r4, #196]
 757 005e B4EEC78A 		vcmpe.f32	s16, s14
 758 0062 F1EE10FA 		vmrs	APSR_nzcv, FPSCR
 759 0066 06DA     		bge	.L67
 760              		.loc 1 201 23 discriminator 2 view .LVU215
 761 0068 F4EEC77A 		vcmpe.f32	s15, s14
 762 006c F1EE10FA 		vmrs	APSR_nzcv, FPSCR
 763 0070 79D8     		bhi	.L77
 764              		.loc 1 201 23 view .LVU216
 765 0072 B0EE678A 		vmov.f32	s16, s15
 766              	.L67:
 767              	.LVL55:
 202:Core/Src/foc_utils.c **** 
 203:Core/Src/foc_utils.c ****     if (DIR_PHASE == REVERSE_DIR) {
 768              		.loc 1 203 5 is_stmt 1 discriminator 8 view .LVU217
 769              		.loc 1 203 9 is_stmt 0 discriminator 8 view .LVU218
 770 0076 3F4B     		ldr	r3, .L81
 771 0078 93F88D30 		ldrb	r3, [r3, #141]	@ zero_extendqisi2
 772              		.loc 1 203 8 discriminator 8 view .LVU219
 773 007c 012B     		cmp	r3, #1
 774 007e 75D0     		beq	.L80
 775              	.L69:
 204:Core/Src/foc_utils.c ****         target_iq = -target_iq;  
 205:Core/Src/foc_utils.c ****         target_id = target_id;
 206:Core/Src/foc_utils.c ****     }
 207:Core/Src/foc_utils.c ****     
 208:Core/Src/foc_utils.c **** 	float sin_theta, cos_theta;
 776              		.loc 1 208 2 is_stmt 1 view .LVU220
 209:Core/Src/foc_utils.c **** 	pre_calc_sin_cos(hfoc->e_angle_rad_comp, &sin_theta, &cos_theta);
 777              		.loc 1 209 2 view .LVU221
 778 0080 06A9     		add	r1, sp, #24
 779 0082 07A8     		add	r0, sp, #28
 780 0084 94ED170A 		vldr.32	s0, [r4, #92]
 781 0088 FFF7FEFF 		bl	pre_calc_sin_cos
 782              	.LVL56:
 210:Core/Src/foc_utils.c **** 
 211:Core/Src/foc_utils.c **** 	clarke_park_transform(hfoc->ia, hfoc->ib, sin_theta, cos_theta, &hfoc->id, &hfoc->iq);
 783              		.loc 1 211 2 view .LVU222
 784 008c 04F17401 		add	r1, r4, #116
 785 0090 04F17000 		add	r0, r4, #112
 786 0094 DDED061A 		vldr.32	s3, [sp, #24]
 787 0098 9DED071A 		vldr.32	s2, [sp, #28]
 788 009c D4ED280A 		vldr.32	s1, [r4, #160]
 789 00a0 94ED270A 		vldr.32	s0, [r4, #156]
 790 00a4 FFF7FEFF 		bl	clarke_park_transform
 791              	.LVL57:
 212:Core/Src/foc_utils.c **** 
 213:Core/Src/foc_utils.c **** 	const float alpha_i_filt = 0.7f;
 792              		.loc 1 213 2 view .LVU223
 214:Core/Src/foc_utils.c **** 	// hfoc->id_filtered = (1.0f - alpha_i_filt) * hfoc->id_filtered + alpha_i_filt * hfoc->id;
 215:Core/Src/foc_utils.c **** 	// hfoc->iq_filtered = (1.0f - alpha_i_filt) * hfoc->iq_filtered + alpha_i_filt * hfoc->iq;
ARM GAS  /tmp/ccdi9tlu.s 			page 19


 216:Core/Src/foc_utils.c **** 
 217:Core/Src/foc_utils.c ****     hfoc->id_filtered = second_order_lpf_update(&hfoc->id_lpf, hfoc->id);
 793              		.loc 1 217 5 view .LVU224
 794              		.loc 1 217 25 is_stmt 0 view .LVU225
 795 00a8 94ED1C0A 		vldr.32	s0, [r4, #112]
 796 00ac 04F5F470 		add	r0, r4, #488
 797 00b0 FFF7FEFF 		bl	second_order_lpf_update
 798              	.LVL58:
 799              		.loc 1 217 23 view .LVU226
 800 00b4 84ED1E0A 		vstr.32	s0, [r4, #120]
 218:Core/Src/foc_utils.c ****     hfoc->iq_filtered = second_order_lpf_update(&hfoc->iq_lpf, hfoc->iq);
 801              		.loc 1 218 5 is_stmt 1 view .LVU227
 802              		.loc 1 218 25 is_stmt 0 view .LVU228
 803 00b8 94ED1D0A 		vldr.32	s0, [r4, #116]
 804 00bc 04F50370 		add	r0, r4, #524
 805 00c0 FFF7FEFF 		bl	second_order_lpf_update
 806              	.LVL59:
 807              		.loc 1 218 23 view .LVU229
 808 00c4 84ED1F0A 		vstr.32	s0, [r4, #124]
 219:Core/Src/foc_utils.c **** 
 220:Core/Src/foc_utils.c **** 
 221:Core/Src/foc_utils.c **** 	// Continue normal FOC
 222:Core/Src/foc_utils.c ****     hfoc->vd = pi_control(&hfoc->id_ctrl, target_id - hfoc->id_filtered);
 809              		.loc 1 222 5 is_stmt 1 view .LVU230
 810              		.loc 1 222 59 is_stmt 0 view .LVU231
 811 00c8 94ED1E0A 		vldr.32	s0, [r4, #120]
 812              		.loc 1 222 16 view .LVU232
 813 00cc 38EEC00A 		vsub.f32	s0, s17, s0
 814 00d0 04F1DC00 		add	r0, r4, #220
 815 00d4 FFF7FEFF 		bl	pi_control
 816              	.LVL60:
 817              		.loc 1 222 14 view .LVU233
 818 00d8 84ED1A0A 		vstr.32	s0, [r4, #104]
 223:Core/Src/foc_utils.c ****     hfoc->vq = pi_control(&hfoc->iq_ctrl, target_iq - hfoc->iq_filtered);
 819              		.loc 1 223 5 is_stmt 1 view .LVU234
 820              		.loc 1 223 59 is_stmt 0 view .LVU235
 821 00dc 94ED1F0A 		vldr.32	s0, [r4, #124]
 822              		.loc 1 223 16 view .LVU236
 823 00e0 38EE400A 		vsub.f32	s0, s16, s0
 824 00e4 04F58870 		add	r0, r4, #272
 825 00e8 FFF7FEFF 		bl	pi_control
 826              	.LVL61:
 827 00ec F0EE400A 		vmov.f32	s1, s0
 828              		.loc 1 223 14 view .LVU237
 829 00f0 84ED1B0A 		vstr.32	s0, [r4, #108]
 224:Core/Src/foc_utils.c **** 
 225:Core/Src/foc_utils.c **** 
 226:Core/Src/foc_utils.c **** 	float valpha, vbeta;
 830              		.loc 1 226 2 is_stmt 1 view .LVU238
 227:Core/Src/foc_utils.c **** 	uint32_t da, db, dc;
 831              		.loc 1 227 2 view .LVU239
 228:Core/Src/foc_utils.c **** 	inverse_park_transform(hfoc->vd, hfoc->vq, sin_theta, cos_theta, &valpha, &vbeta);
 832              		.loc 1 228 2 view .LVU240
 833 00f4 04A9     		add	r1, sp, #16
 834 00f6 05A8     		add	r0, sp, #20
 835 00f8 DDED061A 		vldr.32	s3, [sp, #24]
 836 00fc 9DED071A 		vldr.32	s2, [sp, #28]
ARM GAS  /tmp/ccdi9tlu.s 			page 20


 837 0100 94ED1A0A 		vldr.32	s0, [r4, #104]
 838 0104 FFF7FEFF 		bl	inverse_park_transform
 839              	.LVL62:
 229:Core/Src/foc_utils.c **** 	svpwm(valpha, vbeta, hfoc->v_bus, hfoc->pwm_res, &da, &db, &dc);
 840              		.loc 1 229 2 view .LVU241
 841 0108 01AB     		add	r3, sp, #4
 842 010a 02AA     		add	r2, sp, #8
 843 010c 03A9     		add	r1, sp, #12
 844 010e D4F8D800 		ldr	r0, [r4, #216]
 845 0112 94ED2A1A 		vldr.32	s2, [r4, #168]
 846 0116 DDED040A 		vldr.32	s1, [sp, #16]
 847 011a 9DED050A 		vldr.32	s0, [sp, #20]
 848 011e FFF7FEFF 		bl	svpwm
 849              	.LVL63:
 230:Core/Src/foc_utils.c ****     
 231:Core/Src/foc_utils.c **** 
 232:Core/Src/foc_utils.c **** 	// pwm limit
 233:Core/Src/foc_utils.c **** 	*(hfoc->pwm_a) = CONSTRAIN(da, 0, hfoc->pwm_res);
 850              		.loc 1 233 2 view .LVU242
 851              		.loc 1 233 19 is_stmt 0 view .LVU243
 852 0122 039B     		ldr	r3, [sp, #12]
 853 0124 23B1     		cbz	r3, .L70
 854              		.loc 1 233 19 discriminator 1 view .LVU244
 855 0126 D4F8D820 		ldr	r2, [r4, #216]
 856 012a 9342     		cmp	r3, r2
 857 012c 28BF     		it	cs
 858 012e 1346     		movcs	r3, r2
 859              	.L70:
 860              		.loc 1 233 8 discriminator 4 view .LVU245
 861 0130 D4F8CC20 		ldr	r2, [r4, #204]
 862              		.loc 1 233 17 discriminator 4 view .LVU246
 863 0134 1360     		str	r3, [r2]
 234:Core/Src/foc_utils.c **** 	*(hfoc->pwm_b) = CONSTRAIN(db, 0, hfoc->pwm_res);
 864              		.loc 1 234 2 is_stmt 1 discriminator 4 view .LVU247
 865              		.loc 1 234 19 is_stmt 0 discriminator 4 view .LVU248
 866 0136 029B     		ldr	r3, [sp, #8]
 867 0138 23B1     		cbz	r3, .L71
 868              		.loc 1 234 19 discriminator 1 view .LVU249
 869 013a D4F8D820 		ldr	r2, [r4, #216]
 870 013e 9342     		cmp	r3, r2
 871 0140 28BF     		it	cs
 872 0142 1346     		movcs	r3, r2
 873              	.L71:
 874              		.loc 1 234 8 discriminator 4 view .LVU250
 875 0144 D4F8D020 		ldr	r2, [r4, #208]
 876              		.loc 1 234 17 discriminator 4 view .LVU251
 877 0148 1360     		str	r3, [r2]
 235:Core/Src/foc_utils.c **** 	*(hfoc->pwm_c) = CONSTRAIN(dc, 0, hfoc->pwm_res);
 878              		.loc 1 235 2 is_stmt 1 discriminator 4 view .LVU252
 879              		.loc 1 235 19 is_stmt 0 discriminator 4 view .LVU253
 880 014a 019B     		ldr	r3, [sp, #4]
 881 014c 23B1     		cbz	r3, .L72
 882              		.loc 1 235 19 discriminator 1 view .LVU254
 883 014e D4F8D820 		ldr	r2, [r4, #216]
 884 0152 9342     		cmp	r3, r2
 885 0154 28BF     		it	cs
 886 0156 1346     		movcs	r3, r2
ARM GAS  /tmp/ccdi9tlu.s 			page 21


 887              	.L72:
 888              		.loc 1 235 8 discriminator 4 view .LVU255
 889 0158 D4F8D420 		ldr	r2, [r4, #212]
 890              		.loc 1 235 17 discriminator 4 view .LVU256
 891 015c 1360     		str	r3, [r2]
 892              	.LVL64:
 893              	.L62:
 236:Core/Src/foc_utils.c **** }
 894              		.loc 1 236 1 view .LVU257
 895 015e 08B0     		add	sp, sp, #32
 896              	.LCFI9:
 897              		.cfi_remember_state
 898              		.cfi_def_cfa_offset 16
 899              		@ sp needed
 900 0160 BDEC028B 		vldm	sp!, {d8}
 901              	.LCFI10:
 902              		.cfi_restore 80
 903              		.cfi_restore 81
 904              		.cfi_def_cfa_offset 8
 905 0164 10BD     		pop	{r4, pc}
 906              	.LVL65:
 907              	.L77:
 908              	.LCFI11:
 909              		.cfi_restore_state
 201:Core/Src/foc_utils.c **** 
 910              		.loc 1 201 23 view .LVU258
 911 0166 B0EE478A 		vmov.f32	s16, s14
 912 016a 84E7     		b	.L67
 913              	.LVL66:
 914              	.L80:
 204:Core/Src/foc_utils.c ****         target_id = target_id;
 915              		.loc 1 204 9 is_stmt 1 view .LVU259
 204:Core/Src/foc_utils.c ****         target_id = target_id;
 916              		.loc 1 204 19 is_stmt 0 view .LVU260
 917 016c B1EE488A 		vneg.f32	s16, s16
 918              	.LVL67:
 205:Core/Src/foc_utils.c ****     }
 919              		.loc 1 205 9 is_stmt 1 view .LVU261
 205:Core/Src/foc_utils.c ****     }
 920              		.loc 1 205 9 is_stmt 0 view .LVU262
 921 0170 86E7     		b	.L69
 922              	.L82:
 923 0172 00BF     		.align	2
 924              	.L81:
 925 0174 00100000 		.word	m_config+4096
 926              		.cfi_endproc
 927              	.LFE152:
 929              		.section	.text.foc_speed_control_update,"ax",%progbits
 930              		.align	1
 931              		.global	foc_speed_control_update
 932              		.syntax unified
 933              		.thumb
 934              		.thumb_func
 935              		.fpu fpv4-sp-d16
 937              	foc_speed_control_update:
 938              	.LVL68:
 939              	.LFB153:
ARM GAS  /tmp/ccdi9tlu.s 			page 22


 237:Core/Src/foc_utils.c **** //
 238:Core/Src/foc_utils.c **** 
 239:Core/Src/foc_utils.c **** void foc_speed_control_update(foc_t *hfoc, float rpm_reference) {
 940              		.loc 1 239 65 is_stmt 1 view -0
 941              		.cfi_startproc
 942              		@ args = 0, pretend = 0, frame = 0
 943              		@ frame_needed = 0, uses_anonymous_args = 0
 944              		.loc 1 239 65 is_stmt 0 view .LVU264
 945 0000 10B5     		push	{r4, lr}
 946              	.LCFI12:
 947              		.cfi_def_cfa_offset 8
 948              		.cfi_offset 4, -8
 949              		.cfi_offset 14, -4
 240:Core/Src/foc_utils.c **** 	if (hfoc == NULL || (hfoc->control_mode != SPEED_CONTROL_MODE && hfoc->control_mode != POSITION_CO
 950              		.loc 1 240 2 is_stmt 1 view .LVU265
 951              		.loc 1 240 5 is_stmt 0 view .LVU266
 952 0002 0446     		mov	r4, r0
 953 0004 28B1     		cbz	r0, .L84
 954              		.loc 1 240 27 discriminator 1 view .LVU267
 955 0006 90F84432 		ldrb	r3, [r0, #580]	@ zero_extendqisi2
 956              		.loc 1 240 64 discriminator 1 view .LVU268
 957 000a 013B     		subs	r3, r3, #1
 958 000c DBB2     		uxtb	r3, r3
 959              		.loc 1 240 19 discriminator 1 view .LVU269
 960 000e 012B     		cmp	r3, #1
 961 0010 05D9     		bls	.L85
 962              	.L84:
 241:Core/Src/foc_utils.c **** 		hfoc->speed_ctrl.integral = 0.0f;
 963              		.loc 1 241 3 is_stmt 1 view .LVU270
 964              		.loc 1 241 29 is_stmt 0 view .LVU271
 965 0012 0023     		movs	r3, #0
 966 0014 C4F85031 		str	r3, [r4, #336]	@ float
 242:Core/Src/foc_utils.c **** 		hfoc->speed_ctrl.last_error = 0.0f;
 967              		.loc 1 242 3 is_stmt 1 view .LVU272
 968              		.loc 1 242 31 is_stmt 0 view .LVU273
 969 0018 C4F86431 		str	r3, [r4, #356]	@ float
 243:Core/Src/foc_utils.c **** 		return;
 970              		.loc 1 243 3 is_stmt 1 view .LVU274
 971              	.LVL69:
 972              	.L83:
 244:Core/Src/foc_utils.c **** 	}
 245:Core/Src/foc_utils.c **** 
 246:Core/Src/foc_utils.c ****     hfoc->id_ref = 0.0f;
 247:Core/Src/foc_utils.c ****     hfoc->iq_ref = pi_control(&hfoc->speed_ctrl, rpm_reference - hfoc->actual_rpm);
 248:Core/Src/foc_utils.c **** }
 973              		.loc 1 248 1 is_stmt 0 view .LVU275
 974 001c 10BD     		pop	{r4, pc}
 975              	.LVL70:
 976              	.L85:
 246:Core/Src/foc_utils.c ****     hfoc->iq_ref = pi_control(&hfoc->speed_ctrl, rpm_reference - hfoc->actual_rpm);
 977              		.loc 1 246 5 is_stmt 1 view .LVU276
 246:Core/Src/foc_utils.c ****     hfoc->iq_ref = pi_control(&hfoc->speed_ctrl, rpm_reference - hfoc->actual_rpm);
 978              		.loc 1 246 18 is_stmt 0 view .LVU277
 979 001e 0023     		movs	r3, #0
 980 0020 C0F8C030 		str	r3, [r0, #192]	@ float
 247:Core/Src/foc_utils.c **** }
 981              		.loc 1 247 5 is_stmt 1 view .LVU278
ARM GAS  /tmp/ccdi9tlu.s 			page 23


 247:Core/Src/foc_utils.c **** }
 982              		.loc 1 247 70 is_stmt 0 view .LVU279
 983 0024 D0ED2D7A 		vldr.32	s15, [r0, #180]
 247:Core/Src/foc_utils.c **** }
 984              		.loc 1 247 20 view .LVU280
 985 0028 30EE670A 		vsub.f32	s0, s0, s15
 986              	.LVL71:
 247:Core/Src/foc_utils.c **** }
 987              		.loc 1 247 20 view .LVU281
 988 002c 00F5A270 		add	r0, r0, #324
 989              	.LVL72:
 247:Core/Src/foc_utils.c **** }
 990              		.loc 1 247 20 view .LVU282
 991 0030 FFF7FEFF 		bl	pi_control
 992              	.LVL73:
 247:Core/Src/foc_utils.c **** }
 993              		.loc 1 247 18 view .LVU283
 994 0034 84ED310A 		vstr.32	s0, [r4, #196]
 995 0038 F0E7     		b	.L83
 996              		.cfi_endproc
 997              	.LFE153:
 999              		.section	.text.foc_position_control_update,"ax",%progbits
 1000              		.align	1
 1001              		.global	foc_position_control_update
 1002              		.syntax unified
 1003              		.thumb
 1004              		.thumb_func
 1005              		.fpu fpv4-sp-d16
 1007              	foc_position_control_update:
 1008              	.LVL74:
 1009              	.LFB154:
 249:Core/Src/foc_utils.c **** //
 250:Core/Src/foc_utils.c **** 
 251:Core/Src/foc_utils.c **** void foc_position_control_update(foc_t *hfoc, float deg_reference) {
 1010              		.loc 1 251 68 is_stmt 1 view -0
 1011              		.cfi_startproc
 1012              		@ args = 0, pretend = 0, frame = 0
 1013              		@ frame_needed = 0, uses_anonymous_args = 0
 1014              		.loc 1 251 68 is_stmt 0 view .LVU285
 1015 0000 10B5     		push	{r4, lr}
 1016              	.LCFI13:
 1017              		.cfi_def_cfa_offset 8
 1018              		.cfi_offset 4, -8
 1019              		.cfi_offset 14, -4
 252:Core/Src/foc_utils.c **** 	if (hfoc == NULL || hfoc->control_mode != POSITION_CONTROL_MODE) {
 1020              		.loc 1 252 2 is_stmt 1 view .LVU286
 1021              		.loc 1 252 5 is_stmt 0 view .LVU287
 1022 0002 0446     		mov	r4, r0
 1023 0004 18B1     		cbz	r0, .L89
 1024              		.loc 1 252 26 discriminator 1 view .LVU288
 1025 0006 90F84432 		ldrb	r3, [r0, #580]	@ zero_extendqisi2
 1026              		.loc 1 252 19 discriminator 1 view .LVU289
 1027 000a 022B     		cmp	r3, #2
 1028 000c 05D0     		beq	.L90
 1029              	.L89:
 253:Core/Src/foc_utils.c **** 		hfoc->pos_ctrl.integral = 0.0f;
 1030              		.loc 1 253 3 is_stmt 1 view .LVU290
ARM GAS  /tmp/ccdi9tlu.s 			page 24


 1031              		.loc 1 253 27 is_stmt 0 view .LVU291
 1032 000e 0023     		movs	r3, #0
 1033 0010 C4F88431 		str	r3, [r4, #388]	@ float
 254:Core/Src/foc_utils.c **** 		hfoc->pos_ctrl.last_error = 0.0f;
 1034              		.loc 1 254 3 is_stmt 1 view .LVU292
 1035              		.loc 1 254 29 is_stmt 0 view .LVU293
 1036 0014 C4F89831 		str	r3, [r4, #408]	@ float
 255:Core/Src/foc_utils.c **** 		return;
 1037              		.loc 1 255 3 is_stmt 1 view .LVU294
 1038              	.LVL75:
 1039              	.L88:
 256:Core/Src/foc_utils.c **** 	}
 257:Core/Src/foc_utils.c **** 
 258:Core/Src/foc_utils.c **** 	float error = deg_reference - hfoc->actual_angle;
 259:Core/Src/foc_utils.c ****     hfoc->rpm_ref = pid_control(&hfoc->pos_ctrl, error);
 260:Core/Src/foc_utils.c **** 
 261:Core/Src/foc_utils.c ****     foc_speed_control_update(hfoc, hfoc->rpm_ref);
 262:Core/Src/foc_utils.c **** 
 263:Core/Src/foc_utils.c **** }
 1040              		.loc 1 263 1 is_stmt 0 view .LVU295
 1041 0018 10BD     		pop	{r4, pc}
 1042              	.LVL76:
 1043              	.L90:
 258:Core/Src/foc_utils.c ****     hfoc->rpm_ref = pid_control(&hfoc->pos_ctrl, error);
 1044              		.loc 1 258 2 is_stmt 1 view .LVU296
 258:Core/Src/foc_utils.c ****     hfoc->rpm_ref = pid_control(&hfoc->pos_ctrl, error);
 1045              		.loc 1 258 36 is_stmt 0 view .LVU297
 1046 001a D0ED2E7A 		vldr.32	s15, [r0, #184]
 1047              	.LVL77:
 259:Core/Src/foc_utils.c **** 
 1048              		.loc 1 259 5 is_stmt 1 view .LVU298
 259:Core/Src/foc_utils.c **** 
 1049              		.loc 1 259 21 is_stmt 0 view .LVU299
 1050 001e 30EE670A 		vsub.f32	s0, s0, s15
 1051              	.LVL78:
 259:Core/Src/foc_utils.c **** 
 1052              		.loc 1 259 21 view .LVU300
 1053 0022 00F5BC70 		add	r0, r0, #376
 1054              	.LVL79:
 259:Core/Src/foc_utils.c **** 
 1055              		.loc 1 259 21 view .LVU301
 1056 0026 FFF7FEFF 		bl	pid_control
 1057              	.LVL80:
 259:Core/Src/foc_utils.c **** 
 1058              		.loc 1 259 19 view .LVU302
 1059 002a 84ED320A 		vstr.32	s0, [r4, #200]
 261:Core/Src/foc_utils.c **** 
 1060              		.loc 1 261 5 is_stmt 1 view .LVU303
 1061 002e 2046     		mov	r0, r4
 1062 0030 FFF7FEFF 		bl	foc_speed_control_update
 1063              	.LVL81:
 1064 0034 F0E7     		b	.L88
 1065              		.cfi_endproc
 1066              	.LFE154:
 1068              		.section	.text.foc_sensored_calc_electric_angle,"ax",%progbits
 1069              		.align	1
 1070              		.global	foc_sensored_calc_electric_angle
ARM GAS  /tmp/ccdi9tlu.s 			page 25


 1071              		.syntax unified
 1072              		.thumb
 1073              		.thumb_func
 1074              		.fpu fpv4-sp-d16
 1076              	foc_sensored_calc_electric_angle:
 1077              	.LVL82:
 1078              	.LFB157:
 264:Core/Src/foc_utils.c **** 
 265:Core/Src/foc_utils.c **** void foc_impedance_control(JointCommand_t *cmd, foc_t *hfoc) {
 266:Core/Src/foc_utils.c ****     float pos = RAD_TO_DEG(cmd->p_des)*GR;
 267:Core/Src/foc_utils.c ****     float vel = RADS_TO_RPM(cmd->v_des)*GR;
 268:Core/Src/foc_utils.c ****     float iq_ff = cmd->t_ff*KT*GR;
 269:Core/Src/foc_utils.c **** 
 270:Core/Src/foc_utils.c ****     hfoc->id_ref = 0.0f;
 271:Core/Src/foc_utils.c ****     hfoc->iq_ref = iq_ff + cmd->kp * (pos - hfoc->actual_angle) + cmd->kd * (vel - hfoc->actual_rpm
 272:Core/Src/foc_utils.c ****     foc_torque_control_update(hfoc);
 273:Core/Src/foc_utils.c **** }
 274:Core/Src/foc_utils.c **** //
 275:Core/Src/foc_utils.c **** void foc_control_loop(foc_t *hfoc) {
 276:Core/Src/foc_utils.c ****     if (hfoc == NULL) return;
 277:Core/Src/foc_utils.c ****         
 278:Core/Src/foc_utils.c ****     if (RF_POWER) {
 279:Core/Src/foc_utils.c ****         // printf("Power voltage is too low: %.2f V\r\n", hfoc->v_bus);
 280:Core/Src/foc_utils.c ****         return;
 281:Core/Src/foc_utils.c ****     }
 282:Core/Src/foc_utils.c ****     if (encoder.is_connected == 0) {
 283:Core/Src/foc_utils.c ****         DRV8323_Set_PWM(&hfoc->drv8323s, 0, 0, 0); // Stop PWM output
 284:Core/Src/foc_utils.c ****         return;
 285:Core/Src/foc_utils.c ****     }
 286:Core/Src/foc_utils.c **** 
 287:Core/Src/foc_utils.c ****     switch (hfoc->control_mode) {
 288:Core/Src/foc_utils.c ****         case TORQUE_CONTROL_MODE: {
 289:Core/Src/foc_utils.c ****             hfoc->id_ref = 0.0f;
 290:Core/Src/foc_utils.c ****             hfoc->iq_ref = SPOINT_TOR;
 291:Core/Src/foc_utils.c ****             foc_torque_control_update(hfoc);
 292:Core/Src/foc_utils.c ****             break;
 293:Core/Src/foc_utils.c ****         }
 294:Core/Src/foc_utils.c ****         case POSITION_CONTROL_MODE: {
 295:Core/Src/foc_utils.c ****             if (foc_torque_control_update(hfoc) == 1) {
 296:Core/Src/foc_utils.c ****                 hfoc->actual_angle = ENCODER_GetActualDegree(&encoder);
 297:Core/Src/foc_utils.c ****                 foc_calc_mech_pos_encoder(hfoc, hfoc->actual_angle);
 298:Core/Src/foc_utils.c ****                 foc_position_control_update(hfoc, SPOINT_POS);
 299:Core/Src/foc_utils.c ****             }
 300:Core/Src/foc_utils.c ****             break;
 301:Core/Src/foc_utils.c ****         }	
 302:Core/Src/foc_utils.c ****         case SPEED_CONTROL_MODE: {
 303:Core/Src/foc_utils.c ****             if (foc_torque_control_update(hfoc) == 1) {
 304:Core/Src/foc_utils.c ****                 foc_speed_control_update(hfoc, SPOINT_VEL);
 305:Core/Src/foc_utils.c ****             }
 306:Core/Src/foc_utils.c ****             break;
 307:Core/Src/foc_utils.c ****         }
 308:Core/Src/foc_utils.c ****         case IMPEDANCE_CONTROL_MODE: {
 309:Core/Src/foc_utils.c ****             hfoc->actual_angle = ENCODER_GetActualDegree(&encoder);
 310:Core/Src/foc_utils.c ****             foc_calc_mech_pos_encoder(hfoc, hfoc->actual_angle);
 311:Core/Src/foc_utils.c ****             foc_impedance_control(&joint_cmd, hfoc);
 312:Core/Src/foc_utils.c ****             break;
 313:Core/Src/foc_utils.c ****         }
ARM GAS  /tmp/ccdi9tlu.s 			page 26


 314:Core/Src/foc_utils.c ****         default:
 315:Core/Src/foc_utils.c ****                     
 316:Core/Src/foc_utils.c ****             break;
 317:Core/Src/foc_utils.c ****                 
 318:Core/Src/foc_utils.c ****     }
 319:Core/Src/foc_utils.c **** }
 320:Core/Src/foc_utils.c **** 
 321:Core/Src/foc_utils.c **** void foc_sensored_calc_electric_angle(foc_t *hfoc) {
 1079              		.loc 1 321 52 view -0
 1080              		.cfi_startproc
 1081              		@ args = 0, pretend = 0, frame = 8
 1082              		@ frame_needed = 0, uses_anonymous_args = 0
 1083              		.loc 1 321 52 is_stmt 0 view .LVU305
 1084 0000 30B5     		push	{r4, r5, lr}
 1085              	.LCFI14:
 1086              		.cfi_def_cfa_offset 12
 1087              		.cfi_offset 4, -12
 1088              		.cfi_offset 5, -8
 1089              		.cfi_offset 14, -4
 1090 0002 83B0     		sub	sp, sp, #12
 1091              	.LCFI15:
 1092              		.cfi_def_cfa_offset 24
 1093 0004 0446     		mov	r4, r0
 322:Core/Src/foc_utils.c **** 
 323:Core/Src/foc_utils.c **** 	float angle_deg = ENCODER_GetDegree(&encoder);
 1094              		.loc 1 323 2 is_stmt 1 view .LVU306
 1095              		.loc 1 323 20 is_stmt 0 view .LVU307
 1096 0006 3F48     		ldr	r0, .L101
 1097              	.LVL83:
 1098              		.loc 1 323 20 view .LVU308
 1099 0008 FFF7FEFF 		bl	ENCODER_GetDegree
 1100              	.LVL84:
 324:Core/Src/foc_utils.c **** 
 325:Core/Src/foc_utils.c **** 	// Normalize mechanical angle
 326:Core/Src/foc_utils.c **** 	hfoc->m_angle_rad = DEG_TO_RAD(angle_deg) - ENCDER_OFFSET;
 1101              		.loc 1 326 2 is_stmt 1 view .LVU309
 1102              		.loc 1 326 22 is_stmt 0 view .LVU310
 1103 000c DFED3E7A 		vldr.32	s15, .L101+4
 1104 0010 20EE270A 		vmul.f32	s0, s0, s15
 1105              	.LVL85:
 1106              		.loc 1 326 46 view .LVU311
 1107 0014 3D4D     		ldr	r5, .L101+8
 1108 0016 D5ED207A 		vldr.32	s15, [r5, #128]
 1109              		.loc 1 326 44 view .LVU312
 1110 001a 30EE670A 		vsub.f32	s0, s0, s15
 1111              		.loc 1 326 20 view .LVU313
 1112 001e 2046     		mov	r0, r4
 1113 0020 5430     		adds	r0, r0, #84
 1114 0022 80ED000A 		vstr.32	s0, [r0]
 327:Core/Src/foc_utils.c **** 	norm_angle_rad(&hfoc->m_angle_rad);
 1115              		.loc 1 327 2 is_stmt 1 view .LVU314
 1116 0026 FFF7FEFF 		bl	norm_angle_rad
 1117              	.LVL86:
 328:Core/Src/foc_utils.c **** 
 329:Core/Src/foc_utils.c **** 	// Calculate raw electric angle
 330:Core/Src/foc_utils.c **** 	float e_rad = hfoc->m_angle_rad * PPAIRS;
 1118              		.loc 1 330 2 view .LVU315
ARM GAS  /tmp/ccdi9tlu.s 			page 27


 1119              		.loc 1 330 20 is_stmt 0 view .LVU316
 1120 002a 94ED157A 		vldr.32	s14, [r4, #84]
 1121              		.loc 1 330 36 view .LVU317
 1122 002e 05F58055 		add	r5, r5, #4096
 1123 0032 95F88C30 		ldrb	r3, [r5, #140]	@ zero_extendqisi2
 1124 0036 07EE903A 		vmov	s15, r3	@ int
 1125              		.loc 1 330 34 view .LVU318
 1126 003a F8EEE77A 		vcvt.f32.s32	s15, s15
 1127 003e 67EE877A 		vmul.f32	s15, s15, s14
 1128              		.loc 1 330 8 view .LVU319
 1129 0042 CDED017A 		vstr.32	s15, [sp, #4]
 331:Core/Src/foc_utils.c **** 	
 332:Core/Src/foc_utils.c **** 	// Handle sensor direction
 333:Core/Src/foc_utils.c **** 	if (DIR_PHASE == REVERSE_DIR) {
 1130              		.loc 1 333 2 is_stmt 1 view .LVU320
 1131              		.loc 1 333 6 is_stmt 0 view .LVU321
 1132 0046 95F88D30 		ldrb	r3, [r5, #141]	@ zero_extendqisi2
 1133              		.loc 1 333 5 view .LVU322
 1134 004a 012B     		cmp	r3, #1
 1135 004c 4ED0     		beq	.L99
 1136              	.L94:
 334:Core/Src/foc_utils.c **** 		e_rad = TWO_PI - e_rad;
 335:Core/Src/foc_utils.c **** 	}
 336:Core/Src/foc_utils.c **** 
 337:Core/Src/foc_utils.c **** 	hfoc->e_angle_rad = e_rad;
 1137              		.loc 1 337 2 is_stmt 1 view .LVU323
 1138              		.loc 1 337 20 is_stmt 0 view .LVU324
 1139 004e 019B     		ldr	r3, [sp, #4]	@ float
 1140 0050 A365     		str	r3, [r4, #88]	@ float
 338:Core/Src/foc_utils.c **** 
 339:Core/Src/foc_utils.c **** 	// Calculate LUT index with wrap-around
 340:Core/Src/foc_utils.c **** 	float lut_idx_f = (hfoc->m_angle_rad / TWO_PI) * ERROR_LUT_SIZE;
 1141              		.loc 1 340 2 is_stmt 1 view .LVU325
 1142              		.loc 1 340 39 is_stmt 0 view .LVU326
 1143 0052 DFED2F7A 		vldr.32	s15, .L101+12
 1144 0056 87EE270A 		vdiv.f32	s0, s14, s15
 1145              		.loc 1 340 8 view .LVU327
 1146 005a DFED2E0A 		vldr.32	s1, .L101+16
 1147              	.LVL87:
 341:Core/Src/foc_utils.c **** 	lut_idx_f = fmodf(lut_idx_f, ERROR_LUT_SIZE);
 1148              		.loc 1 341 2 is_stmt 1 view .LVU328
 1149              		.loc 1 341 14 is_stmt 0 view .LVU329
 1150 005e 20EE200A 		vmul.f32	s0, s0, s1
 1151              	.LVL88:
 1152              		.loc 1 341 14 view .LVU330
 1153 0062 FFF7FEFF 		bl	fmodf
 1154              	.LVL89:
 342:Core/Src/foc_utils.c **** 	if (lut_idx_f < 0) {
 1155              		.loc 1 342 2 is_stmt 1 view .LVU331
 1156              		.loc 1 342 5 is_stmt 0 view .LVU332
 1157 0066 B5EEC00A 		vcmpe.f32	s0, #0
 1158 006a F1EE10FA 		vmrs	APSR_nzcv, FPSCR
 1159 006e 44D4     		bmi	.L100
 1160              	.L95:
 343:Core/Src/foc_utils.c **** 		lut_idx_f += ERROR_LUT_SIZE;
 344:Core/Src/foc_utils.c **** 	}
 345:Core/Src/foc_utils.c **** 
ARM GAS  /tmp/ccdi9tlu.s 			page 28


 346:Core/Src/foc_utils.c **** 	// Get neighboring indices with wrap-around
 347:Core/Src/foc_utils.c **** 	int idx0 = (int)lut_idx_f % ERROR_LUT_SIZE;
 1161              		.loc 1 347 2 is_stmt 1 view .LVU333
 1162              		.loc 1 347 13 is_stmt 0 view .LVU334
 1163 0070 FDEEC07A 		vcvt.s32.f32	s15, s0
 1164 0074 17EE903A 		vmov	r3, s15	@ int
 1165              		.loc 1 347 6 view .LVU335
 1166 0078 5A42     		rsbs	r2, r3, #0
 1167 007a C3F30903 		ubfx	r3, r3, #0, #10
 1168 007e C2F30902 		ubfx	r2, r2, #0, #10
 1169 0082 58BF     		it	pl
 1170 0084 5342     		rsbpl	r3, r2, #0
 1171              	.LVL90:
 348:Core/Src/foc_utils.c **** 	int idx1 = (idx0 + 1) % ERROR_LUT_SIZE;
 1172              		.loc 1 348 2 is_stmt 1 view .LVU336
 1173              		.loc 1 348 19 is_stmt 0 view .LVU337
 1174 0086 5A1C     		adds	r2, r3, #1
 1175              		.loc 1 348 6 view .LVU338
 1176 0088 5142     		rsbs	r1, r2, #0
 1177 008a C2F30902 		ubfx	r2, r2, #0, #10
 1178 008e C1F30901 		ubfx	r1, r1, #0, #10
 1179 0092 58BF     		it	pl
 1180 0094 4A42     		rsbpl	r2, r1, #0
 1181              	.LVL91:
 349:Core/Src/foc_utils.c **** 	float frac = lut_idx_f - (float)idx0;
 1182              		.loc 1 349 2 is_stmt 1 view .LVU339
 1183              		.loc 1 349 27 is_stmt 0 view .LVU340
 1184 0096 07EE903A 		vmov	s15, r3	@ int
 1185 009a F8EEE77A 		vcvt.f32.s32	s15, s15
 1186              		.loc 1 349 8 view .LVU341
 1187 009e 30EE670A 		vsub.f32	s0, s0, s15
 1188              	.LVL92:
 350:Core/Src/foc_utils.c **** 
 351:Core/Src/foc_utils.c **** 	// Linear interpolation
 352:Core/Src/foc_utils.c **** 	float encoder_error = m_config.encd_error_comp[idx0] * (1.0f - frac) + m_config.encd_error_comp[id
 1189              		.loc 1 352 2 is_stmt 1 view .LVU342
 1190              		.loc 1 352 48 is_stmt 0 view .LVU343
 1191 00a2 1A49     		ldr	r1, .L101+8
 1192 00a4 2033     		adds	r3, r3, #32
 1193              	.LVL93:
 1194              		.loc 1 352 48 view .LVU344
 1195 00a6 01EB8303 		add	r3, r1, r3, lsl #2
 1196              	.LVL94:
 1197              		.loc 1 352 48 view .LVU345
 1198 00aa D3ED017A 		vldr.32	s15, [r3, #4]
 1199              		.loc 1 352 63 view .LVU346
 1200 00ae B7EE007A 		vmov.f32	s14, #1.0e+0
 1201 00b2 37EE407A 		vsub.f32	s14, s14, s0
 1202              		.loc 1 352 55 view .LVU347
 1203 00b6 67EE877A 		vmul.f32	s15, s15, s14
 1204              		.loc 1 352 97 view .LVU348
 1205 00ba 2032     		adds	r2, r2, #32
 1206              	.LVL95:
 1207              		.loc 1 352 97 view .LVU349
 1208 00bc 01EB8202 		add	r2, r1, r2, lsl #2
 1209              	.LVL96:
 1210              		.loc 1 352 97 view .LVU350
ARM GAS  /tmp/ccdi9tlu.s 			page 29


 1211 00c0 92ED017A 		vldr.32	s14, [r2, #4]
 1212              		.loc 1 352 104 view .LVU351
 1213 00c4 27EE000A 		vmul.f32	s0, s14, s0
 1214              	.LVL97:
 1215              		.loc 1 352 8 view .LVU352
 1216 00c8 37EE800A 		vadd.f32	s0, s15, s0
 1217              	.LVL98:
 353:Core/Src/foc_utils.c **** 	e_rad += encoder_error;
 1218              		.loc 1 353 2 is_stmt 1 view .LVU353
 1219              		.loc 1 353 8 is_stmt 0 view .LVU354
 1220 00cc DDED017A 		vldr.32	s15, [sp, #4]
 1221 00d0 37EE800A 		vadd.f32	s0, s15, s0
 1222              	.LVL99:
 1223              		.loc 1 353 8 view .LVU355
 1224 00d4 8DED010A 		vstr.32	s0, [sp, #4]
 354:Core/Src/foc_utils.c **** 	
 355:Core/Src/foc_utils.c **** 	// Normalize final electric angle
 356:Core/Src/foc_utils.c **** 	norm_angle_rad(&e_rad);
 1225              		.loc 1 356 2 is_stmt 1 view .LVU356
 1226 00d8 01A8     		add	r0, sp, #4
 1227 00da FFF7FEFF 		bl	norm_angle_rad
 1228              	.LVL100:
 357:Core/Src/foc_utils.c **** 
 358:Core/Src/foc_utils.c **** 	hfoc->e_angle_rad_comp = e_rad;
 1229              		.loc 1 358 2 view .LVU357
 1230              		.loc 1 358 25 is_stmt 0 view .LVU358
 1231 00de 019B     		ldr	r3, [sp, #4]	@ float
 1232 00e0 E365     		str	r3, [r4, #92]	@ float
 359:Core/Src/foc_utils.c **** 	
 360:Core/Src/foc_utils.c **** 	ENCODER_Set_Flag();
 1233              		.loc 1 360 2 is_stmt 1 view .LVU359
 1234 00e2 0D4B     		ldr	r3, .L101+20
 1235 00e4 0122     		movs	r2, #1
 1236 00e6 1A70     		strb	r2, [r3]
 361:Core/Src/foc_utils.c **** }
 1237              		.loc 1 361 1 is_stmt 0 view .LVU360
 1238 00e8 03B0     		add	sp, sp, #12
 1239              	.LCFI16:
 1240              		.cfi_remember_state
 1241              		.cfi_def_cfa_offset 12
 1242              		@ sp needed
 1243 00ea 30BD     		pop	{r4, r5, pc}
 1244              	.LVL101:
 1245              	.L99:
 1246              	.LCFI17:
 1247              		.cfi_restore_state
 334:Core/Src/foc_utils.c **** 	}
 1248              		.loc 1 334 3 is_stmt 1 view .LVU361
 334:Core/Src/foc_utils.c **** 	}
 1249              		.loc 1 334 18 is_stmt 0 view .LVU362
 1250 00ec DFED086A 		vldr.32	s13, .L101+12
 1251 00f0 76EEE77A 		vsub.f32	s15, s13, s15
 334:Core/Src/foc_utils.c **** 	}
 1252              		.loc 1 334 9 view .LVU363
 1253 00f4 CDED017A 		vstr.32	s15, [sp, #4]
 1254 00f8 A9E7     		b	.L94
 1255              	.LVL102:
ARM GAS  /tmp/ccdi9tlu.s 			page 30


 1256              	.L100:
 343:Core/Src/foc_utils.c **** 	}
 1257              		.loc 1 343 3 is_stmt 1 view .LVU364
 343:Core/Src/foc_utils.c **** 	}
 1258              		.loc 1 343 13 is_stmt 0 view .LVU365
 1259 00fa DFED067A 		vldr.32	s15, .L101+16
 1260 00fe 30EE270A 		vadd.f32	s0, s0, s15
 1261              	.LVL103:
 343:Core/Src/foc_utils.c **** 	}
 1262              		.loc 1 343 13 view .LVU366
 1263 0102 B5E7     		b	.L95
 1264              	.L102:
 1265              		.align	2
 1266              	.L101:
 1267 0104 00000000 		.word	encoder
 1268 0108 35FA8E3C 		.word	1016003125
 1269 010c 00000000 		.word	m_config
 1270 0110 DB0FC940 		.word	1086918619
 1271 0114 00008044 		.word	1149239296
 1272 0118 00000000 		.word	encd_get_val_flag
 1273              		.cfi_endproc
 1274              	.LFE157:
 1276              		.section	.text.foc_calc_mech_rpm_encoder,"ax",%progbits
 1277              		.align	1
 1278              		.global	foc_calc_mech_rpm_encoder
 1279              		.syntax unified
 1280              		.thumb
 1281              		.thumb_func
 1282              		.fpu fpv4-sp-d16
 1284              	foc_calc_mech_rpm_encoder:
 1285              	.LVL104:
 1286              	.LFB158:
 362:Core/Src/foc_utils.c **** //
 363:Core/Src/foc_utils.c **** 
 364:Core/Src/foc_utils.c **** float foc_calc_mech_rpm_encoder(foc_t *hfoc, float encd_rpm) {
 1287              		.loc 1 364 62 is_stmt 1 view -0
 1288              		.cfi_startproc
 1289              		@ args = 0, pretend = 0, frame = 0
 1290              		@ frame_needed = 0, uses_anonymous_args = 0
 1291              		@ link register save eliminated.
 365:Core/Src/foc_utils.c ****     
 366:Core/Src/foc_utils.c **** 	// if (DIR_PHASE == REVERSE_DIR) {
 367:Core/Src/foc_utils.c **** 	// 		hfoc->actual_rpm = -encd_rpm;
 368:Core/Src/foc_utils.c **** 	// }
 369:Core/Src/foc_utils.c **** 	// else {
 370:Core/Src/foc_utils.c **** 	// 		hfoc->actual_rpm = encd_rpm;
 371:Core/Src/foc_utils.c **** 	// }
 372:Core/Src/foc_utils.c ****     hfoc->actual_rpm = encd_rpm;
 1292              		.loc 1 372 5 view .LVU368
 1293              		.loc 1 372 22 is_stmt 0 view .LVU369
 1294 0000 80ED2D0A 		vstr.32	s0, [r0, #180]
 373:Core/Src/foc_utils.c **** 	return hfoc->actual_rpm;
 1295              		.loc 1 373 2 is_stmt 1 view .LVU370
 374:Core/Src/foc_utils.c **** }
 1296              		.loc 1 374 1 is_stmt 0 view .LVU371
 1297 0004 7047     		bx	lr
 1298              		.cfi_endproc
ARM GAS  /tmp/ccdi9tlu.s 			page 31


 1299              	.LFE158:
 1301              		.section	.text.foc_torque_control_update,"ax",%progbits
 1302              		.align	1
 1303              		.global	foc_torque_control_update
 1304              		.syntax unified
 1305              		.thumb
 1306              		.thumb_func
 1307              		.fpu fpv4-sp-d16
 1309              	foc_torque_control_update:
 1310              	.LVL105:
 1311              	.LFB151:
 166:Core/Src/foc_utils.c ****     int ret = 0;
 1312              		.loc 1 166 45 is_stmt 1 view -0
 1313              		.cfi_startproc
 1314              		@ args = 0, pretend = 0, frame = 0
 1315              		@ frame_needed = 0, uses_anonymous_args = 0
 166:Core/Src/foc_utils.c ****     int ret = 0;
 1316              		.loc 1 166 45 is_stmt 0 view .LVU373
 1317 0000 10B5     		push	{r4, lr}
 1318              	.LCFI18:
 1319              		.cfi_def_cfa_offset 8
 1320              		.cfi_offset 4, -8
 1321              		.cfi_offset 14, -4
 1322 0002 0446     		mov	r4, r0
 167:Core/Src/foc_utils.c ****     static uint8_t event_speed_loop_count = 0;
 1323              		.loc 1 167 5 is_stmt 1 view .LVU374
 1324              	.LVL106:
 168:Core/Src/foc_utils.c ****         
 1325              		.loc 1 168 5 view .LVU375
 170:Core/Src/foc_utils.c ****     
 1326              		.loc 1 170 5 view .LVU376
 1327 0004 FFF7FEFF 		bl	foc_current_control_update
 1328              	.LVL107:
 172:Core/Src/foc_utils.c ****         event_speed_loop_count = 0;
 1329              		.loc 1 172 5 view .LVU377
 172:Core/Src/foc_utils.c ****         event_speed_loop_count = 0;
 1330              		.loc 1 172 32 is_stmt 0 view .LVU378
 1331 0008 0D4B     		ldr	r3, .L109
 1332 000a 1B78     		ldrb	r3, [r3]	@ zero_extendqisi2
 172:Core/Src/foc_utils.c ****         event_speed_loop_count = 0;
 1333              		.loc 1 172 8 view .LVU379
 1334 000c 092B     		cmp	r3, #9
 1335 000e 05D8     		bhi	.L108
 167:Core/Src/foc_utils.c ****     static uint8_t event_speed_loop_count = 0;
 1336              		.loc 1 167 9 view .LVU380
 1337 0010 0020     		movs	r0, #0
 1338              	.LVL108:
 1339              	.L105:
 180:Core/Src/foc_utils.c ****     return ret;
 1340              		.loc 1 180 5 is_stmt 1 view .LVU381
 180:Core/Src/foc_utils.c ****     return ret;
 1341              		.loc 1 180 27 is_stmt 0 view .LVU382
 1342 0012 0B4A     		ldr	r2, .L109
 1343 0014 1378     		ldrb	r3, [r2]	@ zero_extendqisi2
 1344 0016 0133     		adds	r3, r3, #1
 1345 0018 1370     		strb	r3, [r2]
 181:Core/Src/foc_utils.c **** }
ARM GAS  /tmp/ccdi9tlu.s 			page 32


 1346              		.loc 1 181 5 is_stmt 1 view .LVU383
 182:Core/Src/foc_utils.c **** 
 1347              		.loc 1 182 1 is_stmt 0 view .LVU384
 1348 001a 10BD     		pop	{r4, pc}
 1349              	.LVL109:
 1350              	.L108:
 173:Core/Src/foc_utils.c ****         
 1351              		.loc 1 173 9 is_stmt 1 view .LVU385
 173:Core/Src/foc_utils.c ****         
 1352              		.loc 1 173 32 is_stmt 0 view .LVU386
 1353 001c 084B     		ldr	r3, .L109
 1354 001e 0022     		movs	r2, #0
 1355 0020 1A70     		strb	r2, [r3]
 175:Core/Src/foc_utils.c ****         foc_calc_mech_rpm_encoder(hfoc, hfoc->actual_rpm);
 1356              		.loc 1 175 9 is_stmt 1 view .LVU387
 175:Core/Src/foc_utils.c ****         foc_calc_mech_rpm_encoder(hfoc, hfoc->actual_rpm);
 1357              		.loc 1 175 28 is_stmt 0 view .LVU388
 1358 0022 9FED080A 		vldr.32	s0, .L109+4
 1359 0026 0848     		ldr	r0, .L109+8
 1360 0028 FFF7FEFF 		bl	ENCODER_GetRPM
 1361              	.LVL110:
 175:Core/Src/foc_utils.c ****         foc_calc_mech_rpm_encoder(hfoc, hfoc->actual_rpm);
 1362              		.loc 1 175 26 view .LVU389
 1363 002c 84ED2D0A 		vstr.32	s0, [r4, #180]
 176:Core/Src/foc_utils.c ****         foc_set_flag();
 1364              		.loc 1 176 9 is_stmt 1 view .LVU390
 1365 0030 2046     		mov	r0, r4
 1366 0032 FFF7FEFF 		bl	foc_calc_mech_rpm_encoder
 1367              	.LVL111:
 177:Core/Src/foc_utils.c ****         ret = 1;
 1368              		.loc 1 177 9 view .LVU391
 1369 0036 0120     		movs	r0, #1
 1370 0038 044B     		ldr	r3, .L109+12
 1371 003a 1870     		strb	r0, [r3]
 178:Core/Src/foc_utils.c ****     }
 1372              		.loc 1 178 9 view .LVU392
 1373              	.LVL112:
 178:Core/Src/foc_utils.c ****     }
 1374              		.loc 1 178 9 is_stmt 0 view .LVU393
 1375 003c E9E7     		b	.L105
 1376              	.L110:
 1377 003e 00BF     		.align	2
 1378              	.L109:
 1379 0040 00000000 		.word	.LANCHOR0
 1380 0044 17B7D139 		.word	970045207
 1381 0048 00000000 		.word	encoder
 1382 004c 00000000 		.word	.LANCHOR1
 1383              		.cfi_endproc
 1384              	.LFE151:
 1386              		.section	.text.foc_impedance_control,"ax",%progbits
 1387              		.align	1
 1388              		.global	foc_impedance_control
 1389              		.syntax unified
 1390              		.thumb
 1391              		.thumb_func
 1392              		.fpu fpv4-sp-d16
 1394              	foc_impedance_control:
ARM GAS  /tmp/ccdi9tlu.s 			page 33


 1395              	.LVL113:
 1396              	.LFB155:
 265:Core/Src/foc_utils.c ****     float pos = RAD_TO_DEG(cmd->p_des)*GR;
 1397              		.loc 1 265 62 is_stmt 1 view -0
 1398              		.cfi_startproc
 1399              		@ args = 0, pretend = 0, frame = 0
 1400              		@ frame_needed = 0, uses_anonymous_args = 0
 265:Core/Src/foc_utils.c ****     float pos = RAD_TO_DEG(cmd->p_des)*GR;
 1401              		.loc 1 265 62 is_stmt 0 view .LVU395
 1402 0000 08B5     		push	{r3, lr}
 1403              	.LCFI19:
 1404              		.cfi_def_cfa_offset 8
 1405              		.cfi_offset 3, -8
 1406              		.cfi_offset 14, -4
 1407 0002 0346     		mov	r3, r0
 1408 0004 0846     		mov	r0, r1
 1409              	.LVL114:
 266:Core/Src/foc_utils.c ****     float vel = RADS_TO_RPM(cmd->v_des)*GR;
 1410              		.loc 1 266 5 is_stmt 1 view .LVU396
 266:Core/Src/foc_utils.c ****     float vel = RADS_TO_RPM(cmd->v_des)*GR;
 1411              		.loc 1 266 17 is_stmt 0 view .LVU397
 1412 0006 D3ED006A 		vldr.32	s13, [r3]
 1413 000a DFED1A7A 		vldr.32	s15, .L113
 1414 000e 66EEA76A 		vmul.f32	s13, s13, s15
 266:Core/Src/foc_utils.c ****     float vel = RADS_TO_RPM(cmd->v_des)*GR;
 1415              		.loc 1 266 40 view .LVU398
 1416 0012 194A     		ldr	r2, .L113+4
 1417 0014 D2ED257A 		vldr.32	s15, [r2, #148]
 266:Core/Src/foc_utils.c ****     float vel = RADS_TO_RPM(cmd->v_des)*GR;
 1418              		.loc 1 266 11 view .LVU399
 1419 0018 66EEA76A 		vmul.f32	s13, s13, s15
 1420              	.LVL115:
 267:Core/Src/foc_utils.c ****     float iq_ff = cmd->t_ff*KT*GR;
 1421              		.loc 1 267 5 is_stmt 1 view .LVU400
 267:Core/Src/foc_utils.c ****     float iq_ff = cmd->t_ff*KT*GR;
 1422              		.loc 1 267 17 is_stmt 0 view .LVU401
 1423 001c 93ED017A 		vldr.32	s14, [r3, #4]
 1424 0020 9FED166A 		vldr.32	s12, .L113+8
 1425 0024 27EE067A 		vmul.f32	s14, s14, s12
 267:Core/Src/foc_utils.c ****     float iq_ff = cmd->t_ff*KT*GR;
 1426              		.loc 1 267 11 view .LVU402
 1427 0028 27EE877A 		vmul.f32	s14, s15, s14
 1428              	.LVL116:
 268:Core/Src/foc_utils.c **** 
 1429              		.loc 1 268 5 is_stmt 1 view .LVU403
 268:Core/Src/foc_utils.c **** 
 1430              		.loc 1 268 22 is_stmt 0 view .LVU404
 1431 002c 93ED046A 		vldr.32	s12, [r3, #16]
 268:Core/Src/foc_utils.c **** 
 1432              		.loc 1 268 29 view .LVU405
 1433 0030 D2ED245A 		vldr.32	s11, [r2, #144]
 268:Core/Src/foc_utils.c **** 
 1434              		.loc 1 268 28 view .LVU406
 1435 0034 26EE256A 		vmul.f32	s12, s12, s11
 268:Core/Src/foc_utils.c **** 
 1436              		.loc 1 268 11 view .LVU407
 1437 0038 27EE866A 		vmul.f32	s12, s15, s12
ARM GAS  /tmp/ccdi9tlu.s 			page 34


 1438              	.LVL117:
 270:Core/Src/foc_utils.c ****     hfoc->iq_ref = iq_ff + cmd->kp * (pos - hfoc->actual_angle) + cmd->kd * (vel - hfoc->actual_rpm
 1439              		.loc 1 270 5 is_stmt 1 view .LVU408
 270:Core/Src/foc_utils.c ****     hfoc->iq_ref = iq_ff + cmd->kp * (pos - hfoc->actual_angle) + cmd->kd * (vel - hfoc->actual_rpm
 1440              		.loc 1 270 18 is_stmt 0 view .LVU409
 1441 003c 0022     		movs	r2, #0
 1442 003e C1F8C020 		str	r2, [r1, #192]	@ float
 271:Core/Src/foc_utils.c ****     foc_torque_control_update(hfoc);
 1443              		.loc 1 271 5 is_stmt 1 view .LVU410
 271:Core/Src/foc_utils.c ****     foc_torque_control_update(hfoc);
 1444              		.loc 1 271 31 is_stmt 0 view .LVU411
 1445 0042 D3ED027A 		vldr.32	s15, [r3, #8]
 271:Core/Src/foc_utils.c ****     foc_torque_control_update(hfoc);
 1446              		.loc 1 271 49 view .LVU412
 1447 0046 D1ED2E5A 		vldr.32	s11, [r1, #184]
 271:Core/Src/foc_utils.c ****     foc_torque_control_update(hfoc);
 1448              		.loc 1 271 43 view .LVU413
 1449 004a 76EEE56A 		vsub.f32	s13, s13, s11
 1450              	.LVL118:
 271:Core/Src/foc_utils.c ****     foc_torque_control_update(hfoc);
 1451              		.loc 1 271 36 view .LVU414
 1452 004e 67EEA67A 		vmul.f32	s15, s15, s13
 271:Core/Src/foc_utils.c ****     foc_torque_control_update(hfoc);
 1453              		.loc 1 271 26 view .LVU415
 1454 0052 77EE867A 		vadd.f32	s15, s15, s12
 271:Core/Src/foc_utils.c ****     foc_torque_control_update(hfoc);
 1455              		.loc 1 271 70 view .LVU416
 1456 0056 D3ED036A 		vldr.32	s13, [r3, #12]
 271:Core/Src/foc_utils.c ****     foc_torque_control_update(hfoc);
 1457              		.loc 1 271 88 view .LVU417
 1458 005a 91ED2D6A 		vldr.32	s12, [r1, #180]
 1459              	.LVL119:
 271:Core/Src/foc_utils.c ****     foc_torque_control_update(hfoc);
 1460              		.loc 1 271 82 view .LVU418
 1461 005e 37EE467A 		vsub.f32	s14, s14, s12
 1462              	.LVL120:
 271:Core/Src/foc_utils.c ****     foc_torque_control_update(hfoc);
 1463              		.loc 1 271 75 view .LVU419
 1464 0062 26EE877A 		vmul.f32	s14, s13, s14
 271:Core/Src/foc_utils.c ****     foc_torque_control_update(hfoc);
 1465              		.loc 1 271 65 view .LVU420
 1466 0066 77EE877A 		vadd.f32	s15, s15, s14
 271:Core/Src/foc_utils.c ****     foc_torque_control_update(hfoc);
 1467              		.loc 1 271 18 view .LVU421
 1468 006a C1ED317A 		vstr.32	s15, [r1, #196]
 272:Core/Src/foc_utils.c **** }
 1469              		.loc 1 272 5 is_stmt 1 view .LVU422
 1470 006e FFF7FEFF 		bl	foc_torque_control_update
 1471              	.LVL121:
 273:Core/Src/foc_utils.c **** //
 1472              		.loc 1 273 1 is_stmt 0 view .LVU423
 1473 0072 08BD     		pop	{r3, pc}
 1474              	.L114:
 1475              		.align	2
 1476              	.L113:
 1477 0074 E12E6542 		.word	1113927393
 1478 0078 00100000 		.word	m_config+4096
ARM GAS  /tmp/ccdi9tlu.s 			page 35


 1479 007c EBC91841 		.word	1092143595
 1480              		.cfi_endproc
 1481              	.LFE155:
 1483              		.section	.text.foc_calc_mech_pos_encoder,"ax",%progbits
 1484              		.align	1
 1485              		.global	foc_calc_mech_pos_encoder
 1486              		.syntax unified
 1487              		.thumb
 1488              		.thumb_func
 1489              		.fpu fpv4-sp-d16
 1491              	foc_calc_mech_pos_encoder:
 1492              	.LVL122:
 1493              	.LFB159:
 375:Core/Src/foc_utils.c **** //
 376:Core/Src/foc_utils.c **** 
 377:Core/Src/foc_utils.c **** float foc_calc_mech_pos_encoder(foc_t *hfoc, float encd_deg) {
 1494              		.loc 1 377 62 is_stmt 1 view -0
 1495              		.cfi_startproc
 1496              		@ args = 0, pretend = 0, frame = 0
 1497              		@ frame_needed = 0, uses_anonymous_args = 0
 1498              		@ link register save eliminated.
 378:Core/Src/foc_utils.c ****     float relative_deg = encd_deg - M_ZERO;
 1499              		.loc 1 378 5 view .LVU425
 1500              		.loc 1 378 37 is_stmt 0 view .LVU426
 1501 0000 034B     		ldr	r3, .L116
 1502 0002 D3ED197A 		vldr.32	s15, [r3, #100]
 1503              		.loc 1 378 11 view .LVU427
 1504 0006 30EE670A 		vsub.f32	s0, s0, s15
 1505              	.LVL123:
 379:Core/Src/foc_utils.c **** 	// if (DIR_PHASE == REVERSE_DIR) {
 380:Core/Src/foc_utils.c **** 	// 	hfoc->actual_angle = -relative_deg;
 381:Core/Src/foc_utils.c **** 	// }
 382:Core/Src/foc_utils.c **** 	// else {
 383:Core/Src/foc_utils.c **** 	// 	hfoc->actual_angle = relative_deg;
 384:Core/Src/foc_utils.c **** 	// }
 385:Core/Src/foc_utils.c ****     hfoc->actual_angle = relative_deg;
 1506              		.loc 1 385 5 is_stmt 1 view .LVU428
 1507              		.loc 1 385 24 is_stmt 0 view .LVU429
 1508 000a 80ED2E0A 		vstr.32	s0, [r0, #184]
 386:Core/Src/foc_utils.c **** 	return hfoc->actual_angle;
 1509              		.loc 1 386 2 is_stmt 1 view .LVU430
 387:Core/Src/foc_utils.c **** }
 1510              		.loc 1 387 1 is_stmt 0 view .LVU431
 1511 000e 7047     		bx	lr
 1512              	.L117:
 1513              		.align	2
 1514              	.L116:
 1515 0010 00000000 		.word	m_config
 1516              		.cfi_endproc
 1517              	.LFE159:
 1519              		.section	.text.foc_control_loop,"ax",%progbits
 1520              		.align	1
 1521              		.global	foc_control_loop
 1522              		.syntax unified
 1523              		.thumb
 1524              		.thumb_func
 1525              		.fpu fpv4-sp-d16
ARM GAS  /tmp/ccdi9tlu.s 			page 36


 1527              	foc_control_loop:
 1528              	.LVL124:
 1529              	.LFB156:
 275:Core/Src/foc_utils.c ****     if (hfoc == NULL) return;
 1530              		.loc 1 275 36 is_stmt 1 view -0
 1531              		.cfi_startproc
 1532              		@ args = 0, pretend = 0, frame = 0
 1533              		@ frame_needed = 0, uses_anonymous_args = 0
 276:Core/Src/foc_utils.c ****         
 1534              		.loc 1 276 5 view .LVU433
 276:Core/Src/foc_utils.c ****         
 1535              		.loc 1 276 8 is_stmt 0 view .LVU434
 1536 0000 0028     		cmp	r0, #0
 1537 0002 4CD0     		beq	.L127
 275:Core/Src/foc_utils.c ****     if (hfoc == NULL) return;
 1538              		.loc 1 275 36 view .LVU435
 1539 0004 10B5     		push	{r4, lr}
 1540              	.LCFI20:
 1541              		.cfi_def_cfa_offset 8
 1542              		.cfi_offset 4, -8
 1543              		.cfi_offset 14, -4
 1544 0006 0446     		mov	r4, r0
 278:Core/Src/foc_utils.c ****         // printf("Power voltage is too low: %.2f V\r\n", hfoc->v_bus);
 1545              		.loc 1 278 5 is_stmt 1 view .LVU436
 278:Core/Src/foc_utils.c ****         // printf("Power voltage is too low: %.2f V\r\n", hfoc->v_bus);
 1546              		.loc 1 278 9 is_stmt 0 view .LVU437
 1547 0008 254B     		ldr	r3, .L131
 1548 000a DB6E     		ldr	r3, [r3, #108]
 278:Core/Src/foc_utils.c ****         // printf("Power voltage is too low: %.2f V\r\n", hfoc->v_bus);
 1549              		.loc 1 278 8 view .LVU438
 1550 000c 13F0010F 		tst	r3, #1
 1551 0010 0FD1     		bne	.L118
 282:Core/Src/foc_utils.c ****         DRV8323_Set_PWM(&hfoc->drv8323s, 0, 0, 0); // Stop PWM output
 1552              		.loc 1 282 5 is_stmt 1 view .LVU439
 282:Core/Src/foc_utils.c ****         DRV8323_Set_PWM(&hfoc->drv8323s, 0, 0, 0); // Stop PWM output
 1553              		.loc 1 282 16 is_stmt 0 view .LVU440
 1554 0012 244B     		ldr	r3, .L131+4
 1555 0014 93F82C30 		ldrb	r3, [r3, #44]	@ zero_extendqisi2
 282:Core/Src/foc_utils.c ****         DRV8323_Set_PWM(&hfoc->drv8323s, 0, 0, 0); // Stop PWM output
 1556              		.loc 1 282 8 view .LVU441
 1557 0018 3BB1     		cbz	r3, .L130
 287:Core/Src/foc_utils.c ****         case TORQUE_CONTROL_MODE: {
 1558              		.loc 1 287 5 is_stmt 1 view .LVU442
 287:Core/Src/foc_utils.c ****         case TORQUE_CONTROL_MODE: {
 1559              		.loc 1 287 17 is_stmt 0 view .LVU443
 1560 001a 90F84432 		ldrb	r3, [r0, #580]	@ zero_extendqisi2
 287:Core/Src/foc_utils.c ****         case TORQUE_CONTROL_MODE: {
 1561              		.loc 1 287 5 view .LVU444
 1562 001e 032B     		cmp	r3, #3
 1563 0020 07D8     		bhi	.L118
 1564 0022 DFE803F0 		tbb	[pc, r3]
 1565              	.L122:
 1566 0026 07       		.byte	(.L125-.L122)/2
 1567 0027 24       		.byte	(.L124-.L122)/2
 1568 0028 11       		.byte	(.L123-.L122)/2
 1569 0029 2F       		.byte	(.L121-.L122)/2
 1570              		.p2align 1
ARM GAS  /tmp/ccdi9tlu.s 			page 37


 1571              	.L130:
 283:Core/Src/foc_utils.c ****         return;
 1572              		.loc 1 283 9 is_stmt 1 view .LVU445
 1573 002a 1A46     		mov	r2, r3
 1574 002c 1946     		mov	r1, r3
 1575 002e FFF7FEFF 		bl	DRV8323_Set_PWM
 1576              	.LVL125:
 284:Core/Src/foc_utils.c ****     }
 1577              		.loc 1 284 9 view .LVU446
 1578              	.L118:
 319:Core/Src/foc_utils.c **** 
 1579              		.loc 1 319 1 is_stmt 0 view .LVU447
 1580 0032 10BD     		pop	{r4, pc}
 1581              	.LVL126:
 1582              	.L125:
 289:Core/Src/foc_utils.c ****             hfoc->iq_ref = SPOINT_TOR;
 1583              		.loc 1 289 13 is_stmt 1 view .LVU448
 289:Core/Src/foc_utils.c ****             hfoc->iq_ref = SPOINT_TOR;
 1584              		.loc 1 289 26 is_stmt 0 view .LVU449
 1585 0034 0023     		movs	r3, #0
 1586 0036 C0F8C030 		str	r3, [r0, #192]	@ float
 290:Core/Src/foc_utils.c ****             foc_torque_control_update(hfoc);
 1587              		.loc 1 290 13 is_stmt 1 view .LVU450
 290:Core/Src/foc_utils.c ****             foc_torque_control_update(hfoc);
 1588              		.loc 1 290 28 is_stmt 0 view .LVU451
 1589 003a 194B     		ldr	r3, .L131
 1590 003c 1B6E     		ldr	r3, [r3, #96]	@ float
 290:Core/Src/foc_utils.c ****             foc_torque_control_update(hfoc);
 1591              		.loc 1 290 26 view .LVU452
 1592 003e C0F8C430 		str	r3, [r0, #196]	@ float
 291:Core/Src/foc_utils.c ****             break;
 1593              		.loc 1 291 13 is_stmt 1 view .LVU453
 1594 0042 FFF7FEFF 		bl	foc_torque_control_update
 1595              	.LVL127:
 292:Core/Src/foc_utils.c ****         }
 1596              		.loc 1 292 13 view .LVU454
 1597 0046 F4E7     		b	.L118
 1598              	.LVL128:
 1599              	.L123:
 295:Core/Src/foc_utils.c ****                 hfoc->actual_angle = ENCODER_GetActualDegree(&encoder);
 1600              		.loc 1 295 13 view .LVU455
 295:Core/Src/foc_utils.c ****                 hfoc->actual_angle = ENCODER_GetActualDegree(&encoder);
 1601              		.loc 1 295 17 is_stmt 0 view .LVU456
 1602 0048 FFF7FEFF 		bl	foc_torque_control_update
 1603              	.LVL129:
 295:Core/Src/foc_utils.c ****                 hfoc->actual_angle = ENCODER_GetActualDegree(&encoder);
 1604              		.loc 1 295 16 view .LVU457
 1605 004c 0128     		cmp	r0, #1
 1606 004e F0D1     		bne	.L118
 296:Core/Src/foc_utils.c ****                 foc_calc_mech_pos_encoder(hfoc, hfoc->actual_angle);
 1607              		.loc 1 296 17 is_stmt 1 view .LVU458
 296:Core/Src/foc_utils.c ****                 foc_calc_mech_pos_encoder(hfoc, hfoc->actual_angle);
 1608              		.loc 1 296 38 is_stmt 0 view .LVU459
 1609 0050 1448     		ldr	r0, .L131+4
 1610 0052 FFF7FEFF 		bl	ENCODER_GetActualDegree
 1611              	.LVL130:
 296:Core/Src/foc_utils.c ****                 foc_calc_mech_pos_encoder(hfoc, hfoc->actual_angle);
ARM GAS  /tmp/ccdi9tlu.s 			page 38


 1612              		.loc 1 296 36 view .LVU460
 1613 0056 84ED2E0A 		vstr.32	s0, [r4, #184]
 297:Core/Src/foc_utils.c ****                 foc_position_control_update(hfoc, SPOINT_POS);
 1614              		.loc 1 297 17 is_stmt 1 view .LVU461
 1615 005a 2046     		mov	r0, r4
 1616 005c FFF7FEFF 		bl	foc_calc_mech_pos_encoder
 1617              	.LVL131:
 298:Core/Src/foc_utils.c ****             }
 1618              		.loc 1 298 17 view .LVU462
 1619 0060 0F4B     		ldr	r3, .L131
 1620 0062 93ED160A 		vldr.32	s0, [r3, #88]
 1621 0066 2046     		mov	r0, r4
 1622 0068 FFF7FEFF 		bl	foc_position_control_update
 1623              	.LVL132:
 1624 006c E1E7     		b	.L118
 1625              	.LVL133:
 1626              	.L124:
 303:Core/Src/foc_utils.c ****                 foc_speed_control_update(hfoc, SPOINT_VEL);
 1627              		.loc 1 303 13 view .LVU463
 303:Core/Src/foc_utils.c ****                 foc_speed_control_update(hfoc, SPOINT_VEL);
 1628              		.loc 1 303 17 is_stmt 0 view .LVU464
 1629 006e FFF7FEFF 		bl	foc_torque_control_update
 1630              	.LVL134:
 303:Core/Src/foc_utils.c ****                 foc_speed_control_update(hfoc, SPOINT_VEL);
 1631              		.loc 1 303 16 view .LVU465
 1632 0072 0128     		cmp	r0, #1
 1633 0074 DDD1     		bne	.L118
 304:Core/Src/foc_utils.c ****             }
 1634              		.loc 1 304 17 is_stmt 1 view .LVU466
 1635 0076 0A4B     		ldr	r3, .L131
 1636 0078 93ED170A 		vldr.32	s0, [r3, #92]
 1637 007c 2046     		mov	r0, r4
 1638 007e FFF7FEFF 		bl	foc_speed_control_update
 1639              	.LVL135:
 1640 0082 D6E7     		b	.L118
 1641              	.LVL136:
 1642              	.L121:
 309:Core/Src/foc_utils.c ****             foc_calc_mech_pos_encoder(hfoc, hfoc->actual_angle);
 1643              		.loc 1 309 13 view .LVU467
 309:Core/Src/foc_utils.c ****             foc_calc_mech_pos_encoder(hfoc, hfoc->actual_angle);
 1644              		.loc 1 309 34 is_stmt 0 view .LVU468
 1645 0084 0748     		ldr	r0, .L131+4
 1646              	.LVL137:
 309:Core/Src/foc_utils.c ****             foc_calc_mech_pos_encoder(hfoc, hfoc->actual_angle);
 1647              		.loc 1 309 34 view .LVU469
 1648 0086 FFF7FEFF 		bl	ENCODER_GetActualDegree
 1649              	.LVL138:
 309:Core/Src/foc_utils.c ****             foc_calc_mech_pos_encoder(hfoc, hfoc->actual_angle);
 1650              		.loc 1 309 32 view .LVU470
 1651 008a 84ED2E0A 		vstr.32	s0, [r4, #184]
 310:Core/Src/foc_utils.c ****             foc_impedance_control(&joint_cmd, hfoc);
 1652              		.loc 1 310 13 is_stmt 1 view .LVU471
 1653 008e 2046     		mov	r0, r4
 1654 0090 FFF7FEFF 		bl	foc_calc_mech_pos_encoder
 1655              	.LVL139:
 311:Core/Src/foc_utils.c ****             break;
 1656              		.loc 1 311 13 view .LVU472
ARM GAS  /tmp/ccdi9tlu.s 			page 39


 1657 0094 2146     		mov	r1, r4
 1658 0096 0448     		ldr	r0, .L131+8
 1659 0098 FFF7FEFF 		bl	foc_impedance_control
 1660              	.LVL140:
 312:Core/Src/foc_utils.c ****         }
 1661              		.loc 1 312 13 view .LVU473
 1662 009c C9E7     		b	.L118
 1663              	.LVL141:
 1664              	.L127:
 1665              	.LCFI21:
 1666              		.cfi_def_cfa_offset 0
 1667              		.cfi_restore 4
 1668              		.cfi_restore 14
 312:Core/Src/foc_utils.c ****         }
 1669              		.loc 1 312 13 is_stmt 0 view .LVU474
 1670 009e 7047     		bx	lr
 1671              	.L132:
 1672              		.align	2
 1673              	.L131:
 1674 00a0 00000000 		.word	m_config
 1675 00a4 00000000 		.word	encoder
 1676 00a8 00000000 		.word	joint_cmd
 1677              		.cfi_endproc
 1678              	.LFE156:
 1680              		.section	.text.foc_start_calibration,"ax",%progbits
 1681              		.align	1
 1682              		.global	foc_start_calibration
 1683              		.syntax unified
 1684              		.thumb
 1685              		.thumb_func
 1686              		.fpu fpv4-sp-d16
 1688              	foc_start_calibration:
 1689              	.LVL142:
 1690              	.LFB162:
 388:Core/Src/foc_utils.c **** //
 389:Core/Src/foc_utils.c **** 
 390:Core/Src/foc_utils.c **** void foc_cal_encoder_misalignment(foc_t *hfoc) {
 391:Core/Src/foc_utils.c ****     open_loop_voltage_control(hfoc, VD_CAL, VQ_CAL, 0.0f);
 392:Core/Src/foc_utils.c ****     osDelay(500);
 393:Core/Src/foc_utils.c ****     float rad_offset = 0.0f;
 394:Core/Src/foc_utils.c ****     for (int i = 0; i < CAL_ITERATION; i++) {
 395:Core/Src/foc_utils.c ****         rad_offset += DEG_TO_RAD(*hfoc->angle_filtered);
 396:Core/Src/foc_utils.c ****         osDelay(1);
 397:Core/Src/foc_utils.c ****     }
 398:Core/Src/foc_utils.c ****     open_loop_voltage_control(hfoc, 0.0f, 0.0f, 0.0f);
 399:Core/Src/foc_utils.c ****     rad_offset = rad_offset / (float)CAL_ITERATION;
 400:Core/Src/foc_utils.c ****     ENCDER_OFFSET = rad_offset;
 401:Core/Src/foc_utils.c ****     printf("Encoder Mechanical Offset (rad): %f\r\n", ENCDER_OFFSET);
 402:Core/Src/foc_utils.c **** 
 403:Core/Src/foc_utils.c **** }
 404:Core/Src/foc_utils.c **** //
 405:Core/Src/foc_utils.c **** 
 406:Core/Src/foc_utils.c **** void foc_cal_encoder(foc_t *hfoc) {
 407:Core/Src/foc_utils.c ****     memset(error_temp, 0, sizeof(error_temp));
 408:Core/Src/foc_utils.c **** 
 409:Core/Src/foc_utils.c ****     printf("Starting Encoder Calibration Task...\r\n");
 410:Core/Src/foc_utils.c ****     foc_cal_encoder_misalignment(hfoc);
ARM GAS  /tmp/ccdi9tlu.s 			page 40


 411:Core/Src/foc_utils.c **** 
 412:Core/Src/foc_utils.c ****     for (int i = 0; i < ERROR_LUT_SIZE; i++) {
 413:Core/Src/foc_utils.c ****         float mech_deg = (float)i * (360.0f / (float)ERROR_LUT_SIZE);
 414:Core/Src/foc_utils.c ****         float elec_rad = DEG_TO_RAD(mech_deg * PPAIRS);
 415:Core/Src/foc_utils.c ****         open_loop_voltage_control(hfoc, VD_CAL, VQ_CAL, elec_rad);
 416:Core/Src/foc_utils.c ****         osDelay(5);
 417:Core/Src/foc_utils.c **** 
 418:Core/Src/foc_utils.c ****         float mech_rad = hfoc->m_angle_rad;
 419:Core/Src/foc_utils.c ****         float raw_delta = elec_rad - hfoc->e_angle_rad;
 420:Core/Src/foc_utils.c ****         float delta = elec_rad - hfoc->e_angle_rad_comp;
 421:Core/Src/foc_utils.c ****         
 422:Core/Src/foc_utils.c ****         raw_delta -= TWO_PI * floorf((raw_delta + PI) / TWO_PI);
 423:Core/Src/foc_utils.c ****         delta -= TWO_PI * floorf((delta + PI) / TWO_PI);
 424:Core/Src/foc_utils.c ****         
 425:Core/Src/foc_utils.c ****         float lut_pos = (mech_rad / TWO_PI) * ERROR_LUT_SIZE;
 426:Core/Src/foc_utils.c ****         int index = (int)(lut_pos);
 427:Core/Src/foc_utils.c **** 
 428:Core/Src/foc_utils.c ****         while (index < 0) {
 429:Core/Src/foc_utils.c ****         index += ERROR_LUT_SIZE;
 430:Core/Src/foc_utils.c ****         }
 431:Core/Src/foc_utils.c ****         index %= ERROR_LUT_SIZE;
 432:Core/Src/foc_utils.c **** 
 433:Core/Src/foc_utils.c ****         error_temp[index] = raw_delta;
 434:Core/Src/foc_utils.c ****     
 435:Core/Src/foc_utils.c **** 
 436:Core/Src/foc_utils.c ****     }
 437:Core/Src/foc_utils.c ****     
 438:Core/Src/foc_utils.c ****     for (int i = 0; i < ERROR_LUT_SIZE; i++) {
 439:Core/Src/foc_utils.c ****         if (error_temp[i] == 0) {
 440:Core/Src/foc_utils.c ****         int last_i = i - 1;
 441:Core/Src/foc_utils.c ****         int next_i = i + 1;
 442:Core/Src/foc_utils.c ****         if (last_i < 0) last_i += ERROR_LUT_SIZE;
 443:Core/Src/foc_utils.c ****         if (next_i > ERROR_LUT_SIZE) next_i -= ERROR_LUT_SIZE;
 444:Core/Src/foc_utils.c ****         error_temp[i] = (error_temp[last_i] + error_temp[next_i]) / 2.0f;
 445:Core/Src/foc_utils.c ****         }
 446:Core/Src/foc_utils.c ****     }
 447:Core/Src/foc_utils.c **** 
 448:Core/Src/foc_utils.c ****     memcpy(m_config.encd_error_comp, error_temp, sizeof(error_temp));
 449:Core/Src/foc_utils.c **** 
 450:Core/Src/foc_utils.c ****     open_loop_voltage_control(hfoc, 0.0f, 0.0f, 0.0f);
 451:Core/Src/foc_utils.c **** 
 452:Core/Src/foc_utils.c ****     hfoc->done_cal_encoder = 1;
 453:Core/Src/foc_utils.c **** }
 454:Core/Src/foc_utils.c **** //
 455:Core/Src/foc_utils.c **** 
 456:Core/Src/foc_utils.c **** void foc_start_calibration(foc_t *hfoc) {
 1691              		.loc 1 456 41 is_stmt 1 view -0
 1692              		.cfi_startproc
 1693              		@ args = 0, pretend = 0, frame = 0
 1694              		@ frame_needed = 0, uses_anonymous_args = 0
 1695              		@ link register save eliminated.
 457:Core/Src/foc_utils.c ****     hfoc->done_orderphase = 0;
 1696              		.loc 1 457 5 view .LVU476
 1697              		.loc 1 457 27 is_stmt 0 view .LVU477
 1698 0000 0023     		movs	r3, #0
 1699 0002 80F84C32 		strb	r3, [r0, #588]
 458:Core/Src/foc_utils.c ****     hfoc->done_cal_encoder = 0;
ARM GAS  /tmp/ccdi9tlu.s 			page 41


 1700              		.loc 1 458 5 is_stmt 1 view .LVU478
 1701              		.loc 1 458 28 is_stmt 0 view .LVU479
 1702 0006 80F84D32 		strb	r3, [r0, #589]
 459:Core/Src/foc_utils.c ****  
 460:Core/Src/foc_utils.c **** }
 1703              		.loc 1 460 1 view .LVU480
 1704 000a 7047     		bx	lr
 1705              		.cfi_endproc
 1706              	.LFE162:
 1708              		.section	.text.estimate_resistance,"ax",%progbits
 1709              		.align	1
 1710              		.global	estimate_resistance
 1711              		.syntax unified
 1712              		.thumb
 1713              		.thumb_func
 1714              		.fpu fpv4-sp-d16
 1716              	estimate_resistance:
 1717              	.LVL143:
 1718              	.LFB165:
 461:Core/Src/foc_utils.c **** //
 462:Core/Src/foc_utils.c **** 
 463:Core/Src/foc_utils.c **** void foc_auto_calibration(foc_t *hfoc) {
 464:Core/Src/foc_utils.c ****     printf("Starting Pole Pairs And Order Phase...\r\n");
 465:Core/Src/foc_utils.c **** 
 466:Core/Src/foc_utils.c ****     const float SWEEP_CYCLES = 20.0f; 
 467:Core/Src/foc_utils.c ****     const float W_CAL = TWO_PI / 0.2f; 
 468:Core/Src/foc_utils.c ****     const float SWEEP_TIME_SEC = (SWEEP_CYCLES * TWO_PI) / W_CAL; 
 469:Core/Src/foc_utils.c ****     const uint32_t step_delay_ms = 5; 
 470:Core/Src/foc_utils.c ****     const uint32_t total_steps = (uint32_t)(SWEEP_TIME_SEC * 1000.0f / step_delay_ms);
 471:Core/Src/foc_utils.c **** 
 472:Core/Src/foc_utils.c ****     // ==========================================
 473:Core/Src/foc_utils.c ****    for(int i = 0; i < 50; i++) {
 474:Core/Src/foc_utils.c ****         ENCODER_GetActualDegree(&encoder);
 475:Core/Src/foc_utils.c ****         osDelay(1); 
 476:Core/Src/foc_utils.c ****     }
 477:Core/Src/foc_utils.c **** 
 478:Core/Src/foc_utils.c ****     open_loop_voltage_control(hfoc, VD_CAL, 0.0f, 0.0f);
 479:Core/Src/foc_utils.c **** 
 480:Core/Src/foc_utils.c ****     osDelay(1000); 
 481:Core/Src/foc_utils.c ****     
 482:Core/Src/foc_utils.c ****     // ==========================================
 483:Core/Src/foc_utils.c ****     encoder.output_angle_ovf = 0;
 484:Core/Src/foc_utils.c ****     encoder.output_prev_angle = encoder.angle_filtered; // Góc thô sau khi lọc nội bộ
 485:Core/Src/foc_utils.c ****     encoder.output_angle_filtered = encoder.angle_filtered; // Ép biến actual nhảy thẳng đ�
 486:Core/Src/foc_utils.c **** 
 487:Core/Src/foc_utils.c **** 
 488:Core/Src/foc_utils.c ****     float actual_theta_start = ENCODER_GetActualDegree(&encoder);
 489:Core/Src/foc_utils.c ****     
 490:Core/Src/foc_utils.c ****     // printf("Starting angle: %f degrees\r\n", actual_theta_start);
 491:Core/Src/foc_utils.c ****     // printf("Starting angle: %f degrees\r\n", M_ZERO);
 492:Core/Src/foc_utils.c **** 
 493:Core/Src/foc_utils.c ****     for (uint32_t i = 0; i < total_steps; i++) {
 494:Core/Src/foc_utils.c ****         float elapsed_sec = (float)i * step_delay_ms / 1000.0f; 
 495:Core/Src/foc_utils.c ****         float elec_angle = W_CAL * elapsed_sec;
 496:Core/Src/foc_utils.c ****         open_loop_voltage_control(hfoc, VD_CAL, 0.0f, elec_angle);
 497:Core/Src/foc_utils.c ****         ENCODER_GetActualDegree(&encoder); 
 498:Core/Src/foc_utils.c ****         osDelay(step_delay_ms); 
ARM GAS  /tmp/ccdi9tlu.s 			page 42


 499:Core/Src/foc_utils.c ****     }
 500:Core/Src/foc_utils.c **** 
 501:Core/Src/foc_utils.c ****   
 502:Core/Src/foc_utils.c ****     float actual_theta_end = ENCODER_GetActualDegree(&encoder);
 503:Core/Src/foc_utils.c ****     
 504:Core/Src/foc_utils.c ****     // printf("Ending angle: %f degrees\r\n", actual_theta_end);
 505:Core/Src/foc_utils.c **** 
 506:Core/Src/foc_utils.c ****     open_loop_voltage_control(hfoc, 0.0f, 0.0f, 0.0f); 
 507:Core/Src/foc_utils.c ****     
 508:Core/Src/foc_utils.c **** 
 509:Core/Src/foc_utils.c ****     float delta_mech = actual_theta_end - actual_theta_start;
 510:Core/Src/foc_utils.c ****     
 511:Core/Src/foc_utils.c ****     if (fabs(delta_mech) > 0.1f) {
 512:Core/Src/foc_utils.c ****         PPAIRS = round((SWEEP_CYCLES * 360.0f) / fabs(delta_mech));
 513:Core/Src/foc_utils.c ****         printf("Pole Pairs: %d\r\n", PPAIRS);
 514:Core/Src/foc_utils.c ****     }
 515:Core/Src/foc_utils.c ****     
 516:Core/Src/foc_utils.c ****    
 517:Core/Src/foc_utils.c ****     if (delta_mech > 0) {
 518:Core/Src/foc_utils.c ****         DIR_PHASE = NORMAL_DIR;
 519:Core/Src/foc_utils.c ****         printf("Phase order & Sensor match (NORMAL)\r\n");
 520:Core/Src/foc_utils.c ****     } else {
 521:Core/Src/foc_utils.c ****         DIR_PHASE = REVERSE_DIR;
 522:Core/Src/foc_utils.c ****         printf("Phase order & Sensor mismatched! Swapping (REVERSE)\r\n");
 523:Core/Src/foc_utils.c ****     }
 524:Core/Src/foc_utils.c **** 
 525:Core/Src/foc_utils.c ****     hfoc->done_orderphase = 1; 
 526:Core/Src/foc_utils.c ****     
 527:Core/Src/foc_utils.c **** }
 528:Core/Src/foc_utils.c **** //
 529:Core/Src/foc_utils.c **** 
 530:Core/Src/foc_utils.c **** void meas_inj_dq_process(foc_t *hfoc, float ts) {
 531:Core/Src/foc_utils.c ****     const uint32_t wt = 256; // waiting time
 532:Core/Src/foc_utils.c **** 
 533:Core/Src/foc_utils.c ****     if (hfoc->meas_inj_start_flag) {
 534:Core/Src/foc_utils.c ****         float vd = 0.0f, vq = 0.0f;
 535:Core/Src/foc_utils.c ****         if (hfoc->meas_inj_target == RS) {
 536:Core/Src/foc_utils.c ****             vd = hfoc->meas_inj_amp;
 537:Core/Src/foc_utils.c ****             vq = 0.0f;
 538:Core/Src/foc_utils.c ****         }
 539:Core/Src/foc_utils.c ****         else {
 540:Core/Src/foc_utils.c ****             float angle = hfoc->meas_inj_omega * hfoc->meas_inj_n * ts;
 541:Core/Src/foc_utils.c ****             float v_inj = hfoc->meas_inj_amp * fast_sin(angle);
 542:Core/Src/foc_utils.c ****             if (hfoc->meas_inj_target == LD) {
 543:Core/Src/foc_utils.c ****                 vd = v_inj;
 544:Core/Src/foc_utils.c ****                 vq = 0.0f;
 545:Core/Src/foc_utils.c ****             }
 546:Core/Src/foc_utils.c ****             else if (hfoc->meas_inj_target == LQ) {
 547:Core/Src/foc_utils.c ****                 vd = 0.0f;
 548:Core/Src/foc_utils.c ****                 vq = v_inj;
 549:Core/Src/foc_utils.c ****             }
 550:Core/Src/foc_utils.c ****         }
 551:Core/Src/foc_utils.c **** 
 552:Core/Src/foc_utils.c ****         // float theta_e = hfoc->e_angle_rad_comp;
 553:Core/Src/foc_utils.c ****         float theta_e = 0.0f;
 554:Core/Src/foc_utils.c **** 
 555:Core/Src/foc_utils.c ****         open_loop_voltage_control(hfoc, vd, vq, theta_e);
ARM GAS  /tmp/ccdi9tlu.s 			page 43


 556:Core/Src/foc_utils.c **** 
 557:Core/Src/foc_utils.c ****         DRV8323_Get_Current(&hfoc->drv8323s, &hfoc->ia, &hfoc->ib, &hfoc->ic);
 558:Core/Src/foc_utils.c **** 
 559:Core/Src/foc_utils.c ****         float sin_theta, cos_theta;
 560:Core/Src/foc_utils.c ****         float id, iq;
 561:Core/Src/foc_utils.c ****         pre_calc_sin_cos(theta_e, &sin_theta, &cos_theta);
 562:Core/Src/foc_utils.c ****         clarke_park_transform(hfoc->ia, hfoc->ib, sin_theta, cos_theta, &id, &iq);
 563:Core/Src/foc_utils.c **** 
 564:Core/Src/foc_utils.c ****         if (hfoc->meas_inj_n >= wt) {
 565:Core/Src/foc_utils.c ****             if (hfoc->meas_inj_target == RS || hfoc->meas_inj_target == LD) {
 566:Core/Src/foc_utils.c ****                 Vd_buff[hfoc->meas_inj_n - wt] = vd;
 567:Core/Src/foc_utils.c ****                 Id_buff[hfoc->meas_inj_n - wt] = id;
 568:Core/Src/foc_utils.c ****             }
 569:Core/Src/foc_utils.c ****             else if (hfoc->meas_inj_target == LQ) {
 570:Core/Src/foc_utils.c ****                 Vq_buff[hfoc->meas_inj_n - wt] = vq;
 571:Core/Src/foc_utils.c ****                 Iq_buff[hfoc->meas_inj_n - wt] = iq;
 572:Core/Src/foc_utils.c ****             }
 573:Core/Src/foc_utils.c ****         }
 574:Core/Src/foc_utils.c **** 
 575:Core/Src/foc_utils.c ****         hfoc->meas_inj_n++;
 576:Core/Src/foc_utils.c ****         if (hfoc->meas_inj_n >= (MAX_I_SAMPLE + wt)) {
 577:Core/Src/foc_utils.c ****             hfoc->meas_inj_n = 0;
 578:Core/Src/foc_utils.c ****             hfoc->meas_inj_start_flag = 0;
 579:Core/Src/foc_utils.c ****             open_loop_voltage_control(hfoc, 0, 0, 0);
 580:Core/Src/foc_utils.c ****         }
 581:Core/Src/foc_utils.c ****     }
 582:Core/Src/foc_utils.c **** }
 583:Core/Src/foc_utils.c **** 
 584:Core/Src/foc_utils.c **** void estimate_resistance(foc_t *hfoc) {
 1719              		.loc 1 584 39 is_stmt 1 view -0
 1720              		.cfi_startproc
 1721              		@ args = 0, pretend = 0, frame = 0
 1722              		@ frame_needed = 0, uses_anonymous_args = 0
 1723              		@ link register save eliminated.
 585:Core/Src/foc_utils.c ****     float mean_vd = 0, mean_id = 0;
 1724              		.loc 1 585 5 view .LVU482
 586:Core/Src/foc_utils.c **** 
 587:Core/Src/foc_utils.c ****     for (int i = 0; i < MAX_I_SAMPLE; i++) {
 1725              		.loc 1 587 5 view .LVU483
 1726              	.LBB2:
 1727              		.loc 1 587 10 view .LVU484
 1728              		.loc 1 587 14 is_stmt 0 view .LVU485
 1729 0000 0023     		movs	r3, #0
 1730              	.LBE2:
 585:Core/Src/foc_utils.c ****     float mean_vd = 0, mean_id = 0;
 1731              		.loc 1 585 24 view .LVU486
 1732 0002 DFED127A 		vldr.32	s15, .L137
 585:Core/Src/foc_utils.c ****     float mean_vd = 0, mean_id = 0;
 1733              		.loc 1 585 11 view .LVU487
 1734 0006 B0EE677A 		vmov.f32	s14, s15
 1735              	.LBB3:
 1736              		.loc 1 587 5 view .LVU488
 1737 000a 0EE0     		b	.L135
 1738              	.LVL144:
 1739              	.L136:
 588:Core/Src/foc_utils.c ****         mean_vd += Vd_buff[i];
 1740              		.loc 1 588 9 is_stmt 1 discriminator 3 view .LVU489
ARM GAS  /tmp/ccdi9tlu.s 			page 44


 1741              		.loc 1 588 27 is_stmt 0 discriminator 3 view .LVU490
 1742 000c 104A     		ldr	r2, .L137+4
 1743 000e 02EB8302 		add	r2, r2, r3, lsl #2
 1744 0012 D2ED006A 		vldr.32	s13, [r2]
 1745              		.loc 1 588 17 discriminator 3 view .LVU491
 1746 0016 37EE267A 		vadd.f32	s14, s14, s13
 1747              	.LVL145:
 589:Core/Src/foc_utils.c ****         mean_id += Id_buff[i];
 1748              		.loc 1 589 9 is_stmt 1 discriminator 3 view .LVU492
 1749              		.loc 1 589 27 is_stmt 0 discriminator 3 view .LVU493
 1750 001a 0E4A     		ldr	r2, .L137+8
 1751 001c 02EB8302 		add	r2, r2, r3, lsl #2
 1752 0020 D2ED006A 		vldr.32	s13, [r2]
 1753              		.loc 1 589 17 discriminator 3 view .LVU494
 1754 0024 77EEA67A 		vadd.f32	s15, s15, s13
 1755              	.LVL146:
 587:Core/Src/foc_utils.c ****         mean_vd += Vd_buff[i];
 1756              		.loc 1 587 39 is_stmt 1 discriminator 3 view .LVU495
 587:Core/Src/foc_utils.c ****         mean_vd += Vd_buff[i];
 1757              		.loc 1 587 40 is_stmt 0 discriminator 3 view .LVU496
 1758 0028 0133     		adds	r3, r3, #1
 1759              	.LVL147:
 1760              	.L135:
 587:Core/Src/foc_utils.c ****         mean_vd += Vd_buff[i];
 1761              		.loc 1 587 21 is_stmt 1 discriminator 1 view .LVU497
 587:Core/Src/foc_utils.c ****         mean_vd += Vd_buff[i];
 1762              		.loc 1 587 5 is_stmt 0 discriminator 1 view .LVU498
 1763 002a 7F2B     		cmp	r3, #127
 1764 002c EEDD     		ble	.L136
 1765              	.LBE3:
 590:Core/Src/foc_utils.c ****     }
 591:Core/Src/foc_utils.c ****     mean_vd /= MAX_I_SAMPLE;
 1766              		.loc 1 591 5 is_stmt 1 view .LVU499
 1767              		.loc 1 591 13 is_stmt 0 view .LVU500
 1768 002e DFED0A6A 		vldr.32	s13, .L137+12
 1769 0032 27EE267A 		vmul.f32	s14, s14, s13
 1770              	.LVL148:
 592:Core/Src/foc_utils.c ****     mean_id /= MAX_I_SAMPLE;
 1771              		.loc 1 592 5 is_stmt 1 view .LVU501
 1772              		.loc 1 592 13 is_stmt 0 view .LVU502
 1773 0036 67EEA67A 		vmul.f32	s15, s15, s13
 1774              	.LVL149:
 593:Core/Src/foc_utils.c **** 
 594:Core/Src/foc_utils.c ****     R_S = fabs(mean_vd / mean_id);
 1775              		.loc 1 594 5 is_stmt 1 view .LVU503
 1776              		.loc 1 594 24 is_stmt 0 view .LVU504
 1777 003a C7EE276A 		vdiv.f32	s13, s14, s15
 1778              		.loc 1 594 11 view .LVU505
 1779 003e F0EEE67A 		vabs.f32	s15, s13
 1780              	.LVL150:
 1781              		.loc 1 594 9 view .LVU506
 1782 0042 064B     		ldr	r3, .L137+16
 1783              	.LVL151:
 1784              		.loc 1 594 9 view .LVU507
 1785 0044 C3ED267A 		vstr.32	s15, [r3, #152]
 595:Core/Src/foc_utils.c **** }
 1786              		.loc 1 595 1 view .LVU508
ARM GAS  /tmp/ccdi9tlu.s 			page 45


 1787 0048 7047     		bx	lr
 1788              	.L138:
 1789 004a 00BF     		.align	2
 1790              	.L137:
 1791 004c 00000000 		.word	0
 1792 0050 00000000 		.word	.LANCHOR2
 1793 0054 00000000 		.word	.LANCHOR3
 1794 0058 0000003C 		.word	1006632960
 1795 005c 00100000 		.word	m_config+4096
 1796              		.cfi_endproc
 1797              	.LFE165:
 1799              		.section	.text.estimate_inductance,"ax",%progbits
 1800              		.align	1
 1801              		.global	estimate_inductance
 1802              		.syntax unified
 1803              		.thumb
 1804              		.thumb_func
 1805              		.fpu fpv4-sp-d16
 1807              	estimate_inductance:
 1808              	.LVL152:
 1809              	.LFB166:
 596:Core/Src/foc_utils.c **** 
 597:Core/Src/foc_utils.c **** void estimate_inductance(foc_t *hfoc, float ts) {
 1810              		.loc 1 597 49 is_stmt 1 view -0
 1811              		.cfi_startproc
 1812              		@ args = 0, pretend = 0, frame = 8
 1813              		@ frame_needed = 0, uses_anonymous_args = 0
 1814              		.loc 1 597 49 is_stmt 0 view .LVU510
 1815 0000 30B5     		push	{r4, r5, lr}
 1816              	.LCFI22:
 1817              		.cfi_def_cfa_offset 12
 1818              		.cfi_offset 4, -12
 1819              		.cfi_offset 5, -8
 1820              		.cfi_offset 14, -4
 1821 0002 2DED108B 		vpush.64	{d8, d9, d10, d11, d12, d13, d14, d15}
 1822              	.LCFI23:
 1823              		.cfi_def_cfa_offset 76
 1824              		.cfi_offset 80, -76
 1825              		.cfi_offset 81, -72
 1826              		.cfi_offset 82, -68
 1827              		.cfi_offset 83, -64
 1828              		.cfi_offset 84, -60
 1829              		.cfi_offset 85, -56
 1830              		.cfi_offset 86, -52
 1831              		.cfi_offset 87, -48
 1832              		.cfi_offset 88, -44
 1833              		.cfi_offset 89, -40
 1834              		.cfi_offset 90, -36
 1835              		.cfi_offset 91, -32
 1836              		.cfi_offset 92, -28
 1837              		.cfi_offset 93, -24
 1838              		.cfi_offset 94, -20
 1839              		.cfi_offset 95, -16
 1840 0006 83B0     		sub	sp, sp, #12
 1841              	.LCFI24:
 1842              		.cfi_def_cfa_offset 88
 1843 0008 0546     		mov	r5, r0
ARM GAS  /tmp/ccdi9tlu.s 			page 46


 1844 000a 8DED010A 		vstr.32	s0, [sp, #4]
 598:Core/Src/foc_utils.c ****     float Vc_d = 0, Vs_d = 0, Ic_d = 0, Is_d = 0;
 1845              		.loc 1 598 5 is_stmt 1 view .LVU511
 1846              	.LVL153:
 599:Core/Src/foc_utils.c ****     float Vc_q = 0, Vs_q = 0, Ic_q = 0, Is_q = 0;
 1847              		.loc 1 599 5 view .LVU512
 600:Core/Src/foc_utils.c ****     float mean_vd = 0, mean_vq = 0, mean_id = 0, mean_iq = 0;
 1848              		.loc 1 600 5 view .LVU513
 601:Core/Src/foc_utils.c **** 
 602:Core/Src/foc_utils.c ****     // Remove DC offset
 603:Core/Src/foc_utils.c ****     for (int i = 0; i < MAX_I_SAMPLE; i++) {
 1849              		.loc 1 603 5 view .LVU514
 1850              	.LBB4:
 1851              		.loc 1 603 10 view .LVU515
 1852              		.loc 1 603 14 is_stmt 0 view .LVU516
 1853 000e 0023     		movs	r3, #0
 1854              	.LBE4:
 600:Core/Src/foc_utils.c ****     float mean_vd = 0, mean_vq = 0, mean_id = 0, mean_iq = 0;
 1855              		.loc 1 600 50 view .LVU517
 1856 0010 DFED977A 		vldr.32	s15, .L145
 600:Core/Src/foc_utils.c ****     float mean_vd = 0, mean_vq = 0, mean_id = 0, mean_iq = 0;
 1857              		.loc 1 600 37 view .LVU518
 1858 0014 F0EE67AA 		vmov.f32	s21, s15
 600:Core/Src/foc_utils.c ****     float mean_vd = 0, mean_vq = 0, mean_id = 0, mean_iq = 0;
 1859              		.loc 1 600 24 view .LVU519
 1860 0018 B0EE67BA 		vmov.f32	s22, s15
 600:Core/Src/foc_utils.c ****     float mean_vd = 0, mean_vq = 0, mean_id = 0, mean_iq = 0;
 1861              		.loc 1 600 11 view .LVU520
 1862 001c F0EE67BA 		vmov.f32	s23, s15
 1863              	.LBB5:
 1864              		.loc 1 603 5 view .LVU521
 1865 0020 1CE0     		b	.L140
 1866              	.LVL154:
 1867              	.L141:
 604:Core/Src/foc_utils.c ****         mean_vd += Vd_buff[i];
 1868              		.loc 1 604 9 is_stmt 1 discriminator 3 view .LVU522
 1869              		.loc 1 604 27 is_stmt 0 discriminator 3 view .LVU523
 1870 0022 944A     		ldr	r2, .L145+4
 1871 0024 02EB8302 		add	r2, r2, r3, lsl #2
 1872 0028 92ED007A 		vldr.32	s14, [r2]
 1873              		.loc 1 604 17 discriminator 3 view .LVU524
 1874 002c 7BEE87BA 		vadd.f32	s23, s23, s14
 1875              	.LVL155:
 605:Core/Src/foc_utils.c ****         mean_vq += Vq_buff[i];
 1876              		.loc 1 605 9 is_stmt 1 discriminator 3 view .LVU525
 1877              		.loc 1 605 27 is_stmt 0 discriminator 3 view .LVU526
 1878 0030 914A     		ldr	r2, .L145+8
 1879 0032 02EB8302 		add	r2, r2, r3, lsl #2
 1880 0036 92ED007A 		vldr.32	s14, [r2]
 1881              		.loc 1 605 17 discriminator 3 view .LVU527
 1882 003a 3BEE07BA 		vadd.f32	s22, s22, s14
 1883              	.LVL156:
 606:Core/Src/foc_utils.c ****         mean_id += Id_buff[i];
 1884              		.loc 1 606 9 is_stmt 1 discriminator 3 view .LVU528
 1885              		.loc 1 606 27 is_stmt 0 discriminator 3 view .LVU529
 1886 003e 8F4A     		ldr	r2, .L145+12
 1887 0040 02EB8302 		add	r2, r2, r3, lsl #2
ARM GAS  /tmp/ccdi9tlu.s 			page 47


 1888 0044 92ED007A 		vldr.32	s14, [r2]
 1889              		.loc 1 606 17 discriminator 3 view .LVU530
 1890 0048 7AEE87AA 		vadd.f32	s21, s21, s14
 1891              	.LVL157:
 607:Core/Src/foc_utils.c ****         mean_iq += Iq_buff[i];
 1892              		.loc 1 607 9 is_stmt 1 discriminator 3 view .LVU531
 1893              		.loc 1 607 27 is_stmt 0 discriminator 3 view .LVU532
 1894 004c 8C4A     		ldr	r2, .L145+16
 1895 004e 02EB8302 		add	r2, r2, r3, lsl #2
 1896 0052 92ED007A 		vldr.32	s14, [r2]
 1897              		.loc 1 607 17 discriminator 3 view .LVU533
 1898 0056 77EE877A 		vadd.f32	s15, s15, s14
 1899              	.LVL158:
 603:Core/Src/foc_utils.c ****         mean_vd += Vd_buff[i];
 1900              		.loc 1 603 39 is_stmt 1 discriminator 3 view .LVU534
 603:Core/Src/foc_utils.c ****         mean_vd += Vd_buff[i];
 1901              		.loc 1 603 40 is_stmt 0 discriminator 3 view .LVU535
 1902 005a 0133     		adds	r3, r3, #1
 1903              	.LVL159:
 1904              	.L140:
 603:Core/Src/foc_utils.c ****         mean_vd += Vd_buff[i];
 1905              		.loc 1 603 21 is_stmt 1 discriminator 1 view .LVU536
 603:Core/Src/foc_utils.c ****         mean_vd += Vd_buff[i];
 1906              		.loc 1 603 5 is_stmt 0 discriminator 1 view .LVU537
 1907 005c 7F2B     		cmp	r3, #127
 1908 005e E0DD     		ble	.L141
 1909              	.LBE5:
 608:Core/Src/foc_utils.c ****     }
 609:Core/Src/foc_utils.c ****     mean_vd /= MAX_I_SAMPLE;
 1910              		.loc 1 609 5 is_stmt 1 view .LVU538
 1911              		.loc 1 609 13 is_stmt 0 view .LVU539
 1912 0060 9FED887A 		vldr.32	s14, .L145+20
 1913 0064 6BEE87BA 		vmul.f32	s23, s23, s14
 1914              	.LVL160:
 610:Core/Src/foc_utils.c ****     mean_vq /= MAX_I_SAMPLE;
 1915              		.loc 1 610 5 is_stmt 1 view .LVU540
 1916              		.loc 1 610 13 is_stmt 0 view .LVU541
 1917 0068 2BEE07BA 		vmul.f32	s22, s22, s14
 1918              	.LVL161:
 611:Core/Src/foc_utils.c ****     mean_id /= MAX_I_SAMPLE;
 1919              		.loc 1 611 5 is_stmt 1 view .LVU542
 1920              		.loc 1 611 13 is_stmt 0 view .LVU543
 1921 006c 6AEE87AA 		vmul.f32	s21, s21, s14
 1922              	.LVL162:
 612:Core/Src/foc_utils.c ****     mean_iq /= MAX_I_SAMPLE;
 1923              		.loc 1 612 5 is_stmt 1 view .LVU544
 1924              		.loc 1 612 13 is_stmt 0 view .LVU545
 1925 0070 67EE877A 		vmul.f32	s15, s15, s14
 1926              	.LVL163:
 1927              		.loc 1 612 13 view .LVU546
 1928 0074 CDED007A 		vstr.32	s15, [sp]
 1929              	.LVL164:
 613:Core/Src/foc_utils.c **** 
 614:Core/Src/foc_utils.c ****     // Single-frequency DFT
 615:Core/Src/foc_utils.c ****     for (int i = 0; i < MAX_I_SAMPLE; i++) {
 1930              		.loc 1 615 5 is_stmt 1 view .LVU547
 1931              	.LBB6:
ARM GAS  /tmp/ccdi9tlu.s 			page 48


 1932              		.loc 1 615 10 view .LVU548
 1933              		.loc 1 615 14 is_stmt 0 view .LVU549
 1934 0078 0024     		movs	r4, #0
 1935              	.LBE6:
 599:Core/Src/foc_utils.c ****     float mean_vd = 0, mean_vq = 0, mean_id = 0, mean_iq = 0;
 1936              		.loc 1 599 41 view .LVU550
 1937 007a 9FED7DCA 		vldr.32	s24, .L145
 599:Core/Src/foc_utils.c ****     float mean_vd = 0, mean_vq = 0, mean_id = 0, mean_iq = 0;
 1938              		.loc 1 599 31 view .LVU551
 1939 007e F0EE4CCA 		vmov.f32	s25, s24
 599:Core/Src/foc_utils.c ****     float mean_vd = 0, mean_vq = 0, mean_id = 0, mean_iq = 0;
 1940              		.loc 1 599 21 view .LVU552
 1941 0082 B0EE4CDA 		vmov.f32	s26, s24
 599:Core/Src/foc_utils.c ****     float mean_vd = 0, mean_vq = 0, mean_id = 0, mean_iq = 0;
 1942              		.loc 1 599 11 view .LVU553
 1943 0086 F0EE4CDA 		vmov.f32	s27, s24
 598:Core/Src/foc_utils.c ****     float Vc_q = 0, Vs_q = 0, Ic_q = 0, Is_q = 0;
 1944              		.loc 1 598 41 view .LVU554
 1945 008a B0EE4CEA 		vmov.f32	s28, s24
 598:Core/Src/foc_utils.c ****     float Vc_q = 0, Vs_q = 0, Ic_q = 0, Is_q = 0;
 1946              		.loc 1 598 31 view .LVU555
 1947 008e F0EE4CEA 		vmov.f32	s29, s24
 598:Core/Src/foc_utils.c ****     float Vc_q = 0, Vs_q = 0, Ic_q = 0, Is_q = 0;
 1948              		.loc 1 598 21 view .LVU556
 1949 0092 B0EE4CFA 		vmov.f32	s30, s24
 598:Core/Src/foc_utils.c ****     float Vc_q = 0, Vs_q = 0, Ic_q = 0, Is_q = 0;
 1950              		.loc 1 598 11 view .LVU557
 1951 0096 F0EE4CFA 		vmov.f32	s31, s24
 1952              	.LBB8:
 1953              		.loc 1 615 5 view .LVU558
 1954 009a 6AE0     		b	.L142
 1955              	.LVL165:
 1956              	.L143:
 1957              	.LBB7:
 616:Core/Src/foc_utils.c ****         float angle = hfoc->meas_inj_omega * i * ts;
 1958              		.loc 1 616 9 is_stmt 1 discriminator 3 view .LVU559
 1959              		.loc 1 616 27 is_stmt 0 discriminator 3 view .LVU560
 1960 009c D5ED117A 		vldr.32	s15, [r5, #68]
 1961              		.loc 1 616 44 discriminator 3 view .LVU561
 1962 00a0 07EE104A 		vmov	s14, r4	@ int
 1963 00a4 B8EEC78A 		vcvt.f32.s32	s16, s14
 1964 00a8 28EE278A 		vmul.f32	s16, s16, s15
 1965              		.loc 1 616 15 discriminator 3 view .LVU562
 1966 00ac DDED017A 		vldr.32	s15, [sp, #4]
 1967 00b0 28EE278A 		vmul.f32	s16, s16, s15
 1968              	.LVL166:
 617:Core/Src/foc_utils.c **** 
 618:Core/Src/foc_utils.c ****         float vd = Vd_buff[i] - mean_vd;
 1969              		.loc 1 618 9 is_stmt 1 discriminator 3 view .LVU563
 1970              		.loc 1 618 27 is_stmt 0 discriminator 3 view .LVU564
 1971 00b4 6F4B     		ldr	r3, .L145+4
 1972 00b6 03EB8403 		add	r3, r3, r4, lsl #2
 1973 00ba 93ED00AA 		vldr.32	s20, [r3]
 1974              		.loc 1 618 15 discriminator 3 view .LVU565
 1975 00be 3AEE6BAA 		vsub.f32	s20, s20, s23
 1976              	.LVL167:
 619:Core/Src/foc_utils.c ****         float vq = Vq_buff[i] - mean_vq;
ARM GAS  /tmp/ccdi9tlu.s 			page 49


 1977              		.loc 1 619 9 is_stmt 1 discriminator 3 view .LVU566
 1978              		.loc 1 619 27 is_stmt 0 discriminator 3 view .LVU567
 1979 00c2 6D4B     		ldr	r3, .L145+8
 1980 00c4 03EB8403 		add	r3, r3, r4, lsl #2
 1981 00c8 93ED009A 		vldr.32	s18, [r3]
 1982              		.loc 1 619 15 discriminator 3 view .LVU568
 1983 00cc 39EE4B9A 		vsub.f32	s18, s18, s22
 1984              	.LVL168:
 620:Core/Src/foc_utils.c ****         float id = Id_buff[i] - mean_id;
 1985              		.loc 1 620 9 is_stmt 1 discriminator 3 view .LVU569
 1986              		.loc 1 620 27 is_stmt 0 discriminator 3 view .LVU570
 1987 00d0 6A4B     		ldr	r3, .L145+12
 1988 00d2 03EB8403 		add	r3, r3, r4, lsl #2
 1989 00d6 D3ED009A 		vldr.32	s19, [r3]
 1990              		.loc 1 620 15 discriminator 3 view .LVU571
 1991 00da 79EEEA9A 		vsub.f32	s19, s19, s21
 1992              	.LVL169:
 621:Core/Src/foc_utils.c ****         float iq = Iq_buff[i] - mean_iq;
 1993              		.loc 1 621 9 is_stmt 1 discriminator 3 view .LVU572
 1994              		.loc 1 621 27 is_stmt 0 discriminator 3 view .LVU573
 1995 00de 684B     		ldr	r3, .L145+16
 1996 00e0 03EB8403 		add	r3, r3, r4, lsl #2
 1997 00e4 D3ED008A 		vldr.32	s17, [r3]
 1998              		.loc 1 621 15 discriminator 3 view .LVU574
 1999 00e8 DDED007A 		vldr.32	s15, [sp]
 2000 00ec 78EEE78A 		vsub.f32	s17, s17, s15
 2001              	.LVL170:
 622:Core/Src/foc_utils.c **** 
 623:Core/Src/foc_utils.c ****         Vc_d += vd * fast_cos(angle);
 2002              		.loc 1 623 9 is_stmt 1 discriminator 3 view .LVU575
 2003              		.loc 1 623 22 is_stmt 0 discriminator 3 view .LVU576
 2004 00f0 B0EE480A 		vmov.f32	s0, s16
 2005 00f4 FFF7FEFF 		bl	fast_cos
 2006              	.LVL171:
 2007              		.loc 1 623 20 discriminator 3 view .LVU577
 2008 00f8 20EE0A0A 		vmul.f32	s0, s0, s20
 2009              		.loc 1 623 14 discriminator 3 view .LVU578
 2010 00fc 7FEE80FA 		vadd.f32	s31, s31, s0
 2011              	.LVL172:
 624:Core/Src/foc_utils.c ****         Vs_d += vd * fast_sin(angle);
 2012              		.loc 1 624 9 is_stmt 1 discriminator 3 view .LVU579
 2013              		.loc 1 624 22 is_stmt 0 discriminator 3 view .LVU580
 2014 0100 B0EE480A 		vmov.f32	s0, s16
 2015 0104 FFF7FEFF 		bl	fast_sin
 2016              	.LVL173:
 2017              		.loc 1 624 20 discriminator 3 view .LVU581
 2018 0108 20EE0AAA 		vmul.f32	s20, s0, s20
 2019              	.LVL174:
 2020              		.loc 1 624 14 discriminator 3 view .LVU582
 2021 010c 3FEE0AFA 		vadd.f32	s30, s30, s20
 2022              	.LVL175:
 625:Core/Src/foc_utils.c ****         Ic_d += id * fast_cos(angle);
 2023              		.loc 1 625 9 is_stmt 1 discriminator 3 view .LVU583
 2024              		.loc 1 625 22 is_stmt 0 discriminator 3 view .LVU584
 2025 0110 B0EE480A 		vmov.f32	s0, s16
 2026 0114 FFF7FEFF 		bl	fast_cos
 2027              	.LVL176:
ARM GAS  /tmp/ccdi9tlu.s 			page 50


 2028              		.loc 1 625 20 discriminator 3 view .LVU585
 2029 0118 20EE290A 		vmul.f32	s0, s0, s19
 2030              		.loc 1 625 14 discriminator 3 view .LVU586
 2031 011c 7EEE80EA 		vadd.f32	s29, s29, s0
 2032              	.LVL177:
 626:Core/Src/foc_utils.c ****         Is_d += id * fast_sin(angle);
 2033              		.loc 1 626 9 is_stmt 1 discriminator 3 view .LVU587
 2034              		.loc 1 626 22 is_stmt 0 discriminator 3 view .LVU588
 2035 0120 B0EE480A 		vmov.f32	s0, s16
 2036 0124 FFF7FEFF 		bl	fast_sin
 2037              	.LVL178:
 2038              		.loc 1 626 20 discriminator 3 view .LVU589
 2039 0128 60EE299A 		vmul.f32	s19, s0, s19
 2040              	.LVL179:
 2041              		.loc 1 626 14 discriminator 3 view .LVU590
 2042 012c 3EEE29EA 		vadd.f32	s28, s28, s19
 2043              	.LVL180:
 627:Core/Src/foc_utils.c **** 
 628:Core/Src/foc_utils.c ****         Vc_q += vq * fast_cos(angle);
 2044              		.loc 1 628 9 is_stmt 1 discriminator 3 view .LVU591
 2045              		.loc 1 628 22 is_stmt 0 discriminator 3 view .LVU592
 2046 0130 B0EE480A 		vmov.f32	s0, s16
 2047 0134 FFF7FEFF 		bl	fast_cos
 2048              	.LVL181:
 2049              		.loc 1 628 20 discriminator 3 view .LVU593
 2050 0138 20EE090A 		vmul.f32	s0, s0, s18
 2051              		.loc 1 628 14 discriminator 3 view .LVU594
 2052 013c 7DEE80DA 		vadd.f32	s27, s27, s0
 2053              	.LVL182:
 629:Core/Src/foc_utils.c ****         Vs_q += vq * fast_sin(angle);
 2054              		.loc 1 629 9 is_stmt 1 discriminator 3 view .LVU595
 2055              		.loc 1 629 22 is_stmt 0 discriminator 3 view .LVU596
 2056 0140 B0EE480A 		vmov.f32	s0, s16
 2057 0144 FFF7FEFF 		bl	fast_sin
 2058              	.LVL183:
 2059              		.loc 1 629 20 discriminator 3 view .LVU597
 2060 0148 20EE099A 		vmul.f32	s18, s0, s18
 2061              	.LVL184:
 2062              		.loc 1 629 14 discriminator 3 view .LVU598
 2063 014c 3DEE09DA 		vadd.f32	s26, s26, s18
 2064              	.LVL185:
 630:Core/Src/foc_utils.c ****         Ic_q += iq * fast_cos(angle);
 2065              		.loc 1 630 9 is_stmt 1 discriminator 3 view .LVU599
 2066              		.loc 1 630 22 is_stmt 0 discriminator 3 view .LVU600
 2067 0150 B0EE480A 		vmov.f32	s0, s16
 2068 0154 FFF7FEFF 		bl	fast_cos
 2069              	.LVL186:
 2070              		.loc 1 630 20 discriminator 3 view .LVU601
 2071 0158 20EE280A 		vmul.f32	s0, s0, s17
 2072              		.loc 1 630 14 discriminator 3 view .LVU602
 2073 015c 7CEE80CA 		vadd.f32	s25, s25, s0
 2074              	.LVL187:
 631:Core/Src/foc_utils.c ****         Is_q += iq * fast_sin(angle);
 2075              		.loc 1 631 9 is_stmt 1 discriminator 3 view .LVU603
 2076              		.loc 1 631 22 is_stmt 0 discriminator 3 view .LVU604
 2077 0160 B0EE480A 		vmov.f32	s0, s16
 2078 0164 FFF7FEFF 		bl	fast_sin
ARM GAS  /tmp/ccdi9tlu.s 			page 51


 2079              	.LVL188:
 2080              		.loc 1 631 20 discriminator 3 view .LVU605
 2081 0168 60EE288A 		vmul.f32	s17, s0, s17
 2082              	.LVL189:
 2083              		.loc 1 631 14 discriminator 3 view .LVU606
 2084 016c 3CEE28CA 		vadd.f32	s24, s24, s17
 2085              	.LVL190:
 2086              		.loc 1 631 14 discriminator 3 view .LVU607
 2087              	.LBE7:
 615:Core/Src/foc_utils.c ****         float angle = hfoc->meas_inj_omega * i * ts;
 2088              		.loc 1 615 39 is_stmt 1 discriminator 3 view .LVU608
 615:Core/Src/foc_utils.c ****         float angle = hfoc->meas_inj_omega * i * ts;
 2089              		.loc 1 615 40 is_stmt 0 discriminator 3 view .LVU609
 2090 0170 0134     		adds	r4, r4, #1
 2091              	.LVL191:
 2092              	.L142:
 615:Core/Src/foc_utils.c ****         float angle = hfoc->meas_inj_omega * i * ts;
 2093              		.loc 1 615 21 is_stmt 1 discriminator 1 view .LVU610
 615:Core/Src/foc_utils.c ****         float angle = hfoc->meas_inj_omega * i * ts;
 2094              		.loc 1 615 5 is_stmt 0 discriminator 1 view .LVU611
 2095 0172 7F2C     		cmp	r4, #127
 2096 0174 92DD     		ble	.L143
 2097              	.LBE8:
 632:Core/Src/foc_utils.c ****     }
 633:Core/Src/foc_utils.c **** 
 634:Core/Src/foc_utils.c ****     float norm = 2.0f / MAX_I_SAMPLE;
 2098              		.loc 1 634 5 is_stmt 1 view .LVU612
 2099              	.LVL192:
 635:Core/Src/foc_utils.c ****     Vc_d *= norm; Vs_d *= norm;
 2100              		.loc 1 635 5 view .LVU613
 2101              		.loc 1 635 10 is_stmt 0 view .LVU614
 2102 0176 DFED447A 		vldr.32	s15, .L145+24
 2103 017a 6FEEA7FA 		vmul.f32	s31, s31, s15
 2104              	.LVL193:
 2105              		.loc 1 635 19 is_stmt 1 view .LVU615
 2106              		.loc 1 635 24 is_stmt 0 view .LVU616
 2107 017e 2FEE27FA 		vmul.f32	s30, s30, s15
 2108              	.LVL194:
 636:Core/Src/foc_utils.c ****     Ic_d *= norm; Is_d *= norm;
 2109              		.loc 1 636 5 is_stmt 1 view .LVU617
 2110              		.loc 1 636 10 is_stmt 0 view .LVU618
 2111 0182 6EEEA7EA 		vmul.f32	s29, s29, s15
 2112              	.LVL195:
 2113              		.loc 1 636 19 is_stmt 1 view .LVU619
 2114              		.loc 1 636 24 is_stmt 0 view .LVU620
 2115 0186 2EEE27EA 		vmul.f32	s28, s28, s15
 2116              	.LVL196:
 637:Core/Src/foc_utils.c ****     Vc_q *= norm; Vs_q *= norm;
 2117              		.loc 1 637 5 is_stmt 1 view .LVU621
 2118              		.loc 1 637 10 is_stmt 0 view .LVU622
 2119 018a 6DEEA7DA 		vmul.f32	s27, s27, s15
 2120              	.LVL197:
 2121              		.loc 1 637 19 is_stmt 1 view .LVU623
 2122              		.loc 1 637 24 is_stmt 0 view .LVU624
 2123 018e 2DEE27DA 		vmul.f32	s26, s26, s15
 2124              	.LVL198:
 638:Core/Src/foc_utils.c ****     Ic_q *= norm; Is_q *= norm;
ARM GAS  /tmp/ccdi9tlu.s 			page 52


 2125              		.loc 1 638 5 is_stmt 1 view .LVU625
 2126              		.loc 1 638 10 is_stmt 0 view .LVU626
 2127 0192 6CEEA7CA 		vmul.f32	s25, s25, s15
 2128              	.LVL199:
 2129              		.loc 1 638 19 is_stmt 1 view .LVU627
 2130              		.loc 1 638 24 is_stmt 0 view .LVU628
 2131 0196 2CEE27CA 		vmul.f32	s24, s24, s15
 2132              	.LVL200:
 639:Core/Src/foc_utils.c **** 
 640:Core/Src/foc_utils.c ****     // V & I amplitude
 641:Core/Src/foc_utils.c ****     float Vd_mag = sqrtf(Vc_d * Vc_d + Vs_d * Vs_d);
 2133              		.loc 1 641 5 is_stmt 1 view .LVU629
 2134              		.loc 1 641 31 is_stmt 0 view .LVU630
 2135 019a 2FEEAF0A 		vmul.f32	s0, s31, s31
 2136              		.loc 1 641 45 view .LVU631
 2137 019e 6FEE0F7A 		vmul.f32	s15, s30, s30
 2138              		.loc 1 641 20 view .LVU632
 2139 01a2 30EE270A 		vadd.f32	s0, s0, s15
 2140 01a6 FFF7FEFF 		bl	sqrtf
 2141              	.LVL201:
 2142 01aa F0EE40AA 		vmov.f32	s21, s0
 2143              	.LVL202:
 642:Core/Src/foc_utils.c ****     float Id_mag = sqrtf(Ic_d * Ic_d + Is_d * Is_d);
 2144              		.loc 1 642 5 is_stmt 1 view .LVU633
 2145              		.loc 1 642 31 is_stmt 0 view .LVU634
 2146 01ae 2EEEAE0A 		vmul.f32	s0, s29, s29
 2147              	.LVL203:
 2148              		.loc 1 642 45 view .LVU635
 2149 01b2 6EEE0E7A 		vmul.f32	s15, s28, s28
 2150              		.loc 1 642 20 view .LVU636
 2151 01b6 30EE270A 		vadd.f32	s0, s0, s15
 2152 01ba FFF7FEFF 		bl	sqrtf
 2153              	.LVL204:
 2154 01be B0EE40AA 		vmov.f32	s20, s0
 2155              	.LVL205:
 643:Core/Src/foc_utils.c ****     float Vq_mag = sqrtf(Vc_q * Vc_q + Vs_q * Vs_q);
 2156              		.loc 1 643 5 is_stmt 1 view .LVU637
 2157              		.loc 1 643 31 is_stmt 0 view .LVU638
 2158 01c2 2DEEAD0A 		vmul.f32	s0, s27, s27
 2159              	.LVL206:
 2160              		.loc 1 643 45 view .LVU639
 2161 01c6 6DEE0D7A 		vmul.f32	s15, s26, s26
 2162              		.loc 1 643 20 view .LVU640
 2163 01ca 30EE270A 		vadd.f32	s0, s0, s15
 2164 01ce FFF7FEFF 		bl	sqrtf
 2165              	.LVL207:
 2166 01d2 F0EE409A 		vmov.f32	s19, s0
 2167              	.LVL208:
 644:Core/Src/foc_utils.c ****     float Iq_mag = sqrtf(Ic_q * Ic_q + Is_q * Is_q);
 2168              		.loc 1 644 5 is_stmt 1 view .LVU641
 2169              		.loc 1 644 31 is_stmt 0 view .LVU642
 2170 01d6 2CEEAC0A 		vmul.f32	s0, s25, s25
 2171              	.LVL209:
 2172              		.loc 1 644 45 view .LVU643
 2173 01da 6CEE0C7A 		vmul.f32	s15, s24, s24
 2174              		.loc 1 644 20 view .LVU644
 2175 01de 30EE270A 		vadd.f32	s0, s0, s15
ARM GAS  /tmp/ccdi9tlu.s 			page 53


 2176 01e2 FFF7FEFF 		bl	sqrtf
 2177              	.LVL210:
 2178 01e6 B0EE409A 		vmov.f32	s18, s0
 2179              	.LVL211:
 645:Core/Src/foc_utils.c **** 
 646:Core/Src/foc_utils.c ****     // (phi = arctan(Vs/Vc) - arctan(Is/Ic))
 647:Core/Src/foc_utils.c ****     float phi_d = atan2f(Vs_d, Vc_d) - atan2f(Is_d, Ic_d);
 2180              		.loc 1 647 5 is_stmt 1 view .LVU645
 2181              		.loc 1 647 19 is_stmt 0 view .LVU646
 2182 01ea F0EE6F0A 		vmov.f32	s1, s31
 2183 01ee B0EE4F0A 		vmov.f32	s0, s30
 2184              	.LVL212:
 2185              		.loc 1 647 19 view .LVU647
 2186 01f2 FFF7FEFF 		bl	atan2f
 2187              	.LVL213:
 2188 01f6 F0EE408A 		vmov.f32	s17, s0
 2189              		.loc 1 647 40 view .LVU648
 2190 01fa F0EE6E0A 		vmov.f32	s1, s29
 2191 01fe B0EE4E0A 		vmov.f32	s0, s28
 2192 0202 FFF7FEFF 		bl	atan2f
 2193              	.LVL214:
 2194              		.loc 1 647 11 view .LVU649
 2195 0206 78EEC08A 		vsub.f32	s17, s17, s0
 2196              	.LVL215:
 648:Core/Src/foc_utils.c ****     float phi_q = atan2f(Vs_q, Vc_q) - atan2f(Is_q, Ic_q);
 2197              		.loc 1 648 5 is_stmt 1 view .LVU650
 2198              		.loc 1 648 19 is_stmt 0 view .LVU651
 2199 020a F0EE6D0A 		vmov.f32	s1, s27
 2200 020e B0EE4D0A 		vmov.f32	s0, s26
 2201 0212 FFF7FEFF 		bl	atan2f
 2202              	.LVL216:
 2203 0216 B0EE408A 		vmov.f32	s16, s0
 2204              		.loc 1 648 40 view .LVU652
 2205 021a F0EE6C0A 		vmov.f32	s1, s25
 2206 021e B0EE4C0A 		vmov.f32	s0, s24
 2207 0222 FFF7FEFF 		bl	atan2f
 2208              	.LVL217:
 2209              		.loc 1 648 11 view .LVU653
 2210 0226 38EE408A 		vsub.f32	s16, s16, s0
 2211              	.LVL218:
 649:Core/Src/foc_utils.c **** 
 650:Core/Src/foc_utils.c ****     // Impedansi & parameters
 651:Core/Src/foc_utils.c ****     float Zd_mag = Vd_mag / Id_mag;
 2212              		.loc 1 651 5 is_stmt 1 view .LVU654
 2213              		.loc 1 651 11 is_stmt 0 view .LVU655
 2214 022a 8AEE8ABA 		vdiv.f32	s22, s21, s20
 2215              	.LVL219:
 652:Core/Src/foc_utils.c ****     float Zq_mag = Vq_mag / Iq_mag;
 2216              		.loc 1 652 5 is_stmt 1 view .LVU656
 2217              		.loc 1 652 11 is_stmt 0 view .LVU657
 2218 022e 89EE89AA 		vdiv.f32	s20, s19, s18
 2219              	.LVL220:
 653:Core/Src/foc_utils.c **** 
 654:Core/Src/foc_utils.c ****     // float Rs_d = Zd_mag * cosf(phi_d);
 655:Core/Src/foc_utils.c ****     // float Rs_q = Zq_mag * cosf(phi_q);
 656:Core/Src/foc_utils.c ****     float Ld_est = (Zd_mag * sinf(phi_d)) / hfoc->meas_inj_omega;
 2220              		.loc 1 656 5 is_stmt 1 view .LVU658
ARM GAS  /tmp/ccdi9tlu.s 			page 54


 2221              		.loc 1 656 30 is_stmt 0 view .LVU659
 2222 0232 B0EE680A 		vmov.f32	s0, s17
 2223 0236 FFF7FEFF 		bl	sinf
 2224              	.LVL221:
 2225              		.loc 1 656 28 view .LVU660
 2226 023a 60EE0B7A 		vmul.f32	s15, s0, s22
 2227              		.loc 1 656 49 view .LVU661
 2228 023e 95ED119A 		vldr.32	s18, [r5, #68]
 2229              	.LVL222:
 2230              		.loc 1 656 11 view .LVU662
 2231 0242 C7EE898A 		vdiv.f32	s17, s15, s18
 2232              	.LVL223:
 657:Core/Src/foc_utils.c ****     float Lq_est = (Zq_mag * sinf(phi_q)) / hfoc->meas_inj_omega;
 2233              		.loc 1 657 5 is_stmt 1 view .LVU663
 2234              		.loc 1 657 30 is_stmt 0 view .LVU664
 2235 0246 B0EE480A 		vmov.f32	s0, s16
 2236 024a FFF7FEFF 		bl	sinf
 2237              	.LVL224:
 2238              		.loc 1 657 28 view .LVU665
 2239 024e 20EE0A7A 		vmul.f32	s14, s0, s20
 2240              		.loc 1 657 11 view .LVU666
 2241 0252 C7EE097A 		vdiv.f32	s15, s14, s18
 2242              	.LVL225:
 658:Core/Src/foc_utils.c **** 
 659:Core/Src/foc_utils.c ****     // hfoc->Rs = (Rs_d + Rs_q) * 0.5;
 660:Core/Src/foc_utils.c ****     L_D = fabs(Ld_est);
 2243              		.loc 1 660 5 is_stmt 1 view .LVU667
 2244              		.loc 1 660 11 is_stmt 0 view .LVU668
 2245 0256 F0EEE88A 		vabs.f32	s17, s17
 2246              	.LVL226:
 2247              		.loc 1 660 9 view .LVU669
 2248 025a 0C4B     		ldr	r3, .L145+28
 2249 025c C3ED278A 		vstr.32	s17, [r3, #156]
 661:Core/Src/foc_utils.c ****     L_Q = fabs(Lq_est);
 2250              		.loc 1 661 5 is_stmt 1 view .LVU670
 2251              		.loc 1 661 11 is_stmt 0 view .LVU671
 2252 0260 F0EEE77A 		vabs.f32	s15, s15
 2253              	.LVL227:
 2254              		.loc 1 661 9 view .LVU672
 2255 0264 C3ED287A 		vstr.32	s15, [r3, #160]
 662:Core/Src/foc_utils.c **** }
 2256              		.loc 1 662 1 view .LVU673
 2257 0268 03B0     		add	sp, sp, #12
 2258              	.LCFI25:
 2259              		.cfi_def_cfa_offset 76
 2260              	.LVL228:
 2261              		.loc 1 662 1 view .LVU674
 2262              		@ sp needed
 2263 026a BDEC108B 		vldm	sp!, {d8-d15}
 2264              	.LCFI26:
 2265              		.cfi_restore 94
 2266              		.cfi_restore 95
 2267              		.cfi_restore 92
 2268              		.cfi_restore 93
 2269              		.cfi_restore 90
 2270              		.cfi_restore 91
 2271              		.cfi_restore 88
ARM GAS  /tmp/ccdi9tlu.s 			page 55


 2272              		.cfi_restore 89
 2273              		.cfi_restore 86
 2274              		.cfi_restore 87
 2275              		.cfi_restore 84
 2276              		.cfi_restore 85
 2277              		.cfi_restore 82
 2278              		.cfi_restore 83
 2279              		.cfi_restore 80
 2280              		.cfi_restore 81
 2281              		.cfi_def_cfa_offset 12
 2282              	.LVL229:
 2283              		.loc 1 662 1 view .LVU675
 2284 026e 30BD     		pop	{r4, r5, pc}
 2285              	.LVL230:
 2286              	.L146:
 2287              		.loc 1 662 1 view .LVU676
 2288              		.align	2
 2289              	.L145:
 2290 0270 00000000 		.word	0
 2291 0274 00000000 		.word	.LANCHOR2
 2292 0278 00000000 		.word	.LANCHOR4
 2293 027c 00000000 		.word	.LANCHOR3
 2294 0280 00000000 		.word	.LANCHOR5
 2295 0284 0000003C 		.word	1006632960
 2296 0288 0000803C 		.word	1015021568
 2297 028c 00100000 		.word	m_config+4096
 2298              		.cfi_endproc
 2299              	.LFE166:
 2301              		.section	.text.start_measure,"ax",%progbits
 2302              		.align	1
 2303              		.global	start_measure
 2304              		.syntax unified
 2305              		.thumb
 2306              		.thumb_func
 2307              		.fpu fpv4-sp-d16
 2309              	start_measure:
 2310              	.LVL231:
 2311              	.LFB167:
 663:Core/Src/foc_utils.c **** 
 664:Core/Src/foc_utils.c **** 
 665:Core/Src/foc_utils.c **** void start_measure(inject_taregt_t target) {
 2312              		.loc 1 665 44 is_stmt 1 view -0
 2313              		.cfi_startproc
 2314              		@ args = 0, pretend = 0, frame = 0
 2315              		@ frame_needed = 0, uses_anonymous_args = 0
 2316              		.loc 1 665 44 is_stmt 0 view .LVU678
 2317 0000 10B5     		push	{r4, lr}
 2318              	.LCFI27:
 2319              		.cfi_def_cfa_offset 8
 2320              		.cfi_offset 4, -8
 2321              		.cfi_offset 14, -4
 666:Core/Src/foc_utils.c ****     hfoc.meas_inj_target = target;
 2322              		.loc 1 666 5 is_stmt 1 view .LVU679
 2323              		.loc 1 666 26 is_stmt 0 view .LVU680
 2324 0002 094C     		ldr	r4, .L151
 2325 0004 84F84800 		strb	r0, [r4, #72]
 667:Core/Src/foc_utils.c ****     osDelay(100);
ARM GAS  /tmp/ccdi9tlu.s 			page 56


 2326              		.loc 1 667 5 is_stmt 1 view .LVU681
 2327 0008 6420     		movs	r0, #100
 2328              	.LVL232:
 2329              		.loc 1 667 5 is_stmt 0 view .LVU682
 2330 000a FFF7FEFF 		bl	osDelay
 2331              	.LVL233:
 668:Core/Src/foc_utils.c ****     hfoc.meas_inj_start_flag = 1;
 2332              		.loc 1 668 5 is_stmt 1 view .LVU683
 2333              		.loc 1 668 30 is_stmt 0 view .LVU684
 2334 000e 0123     		movs	r3, #1
 2335 0010 84F85030 		strb	r3, [r4, #80]
 669:Core/Src/foc_utils.c ****     // waiting process
 670:Core/Src/foc_utils.c ****     while(hfoc.meas_inj_start_flag) {
 2336              		.loc 1 670 5 is_stmt 1 view .LVU685
 2337              		.loc 1 670 10 is_stmt 0 view .LVU686
 2338 0014 02E0     		b	.L148
 2339              	.L149:
 671:Core/Src/foc_utils.c ****         osDelay(1);
 2340              		.loc 1 671 9 is_stmt 1 view .LVU687
 2341 0016 0120     		movs	r0, #1
 2342 0018 FFF7FEFF 		bl	osDelay
 2343              	.LVL234:
 2344              	.L148:
 670:Core/Src/foc_utils.c ****         osDelay(1);
 2345              		.loc 1 670 10 view .LVU688
 670:Core/Src/foc_utils.c ****         osDelay(1);
 2346              		.loc 1 670 15 is_stmt 0 view .LVU689
 2347 001c 024B     		ldr	r3, .L151
 2348 001e 93F85030 		ldrb	r3, [r3, #80]	@ zero_extendqisi2
 670:Core/Src/foc_utils.c ****         osDelay(1);
 2349              		.loc 1 670 10 view .LVU690
 2350 0022 002B     		cmp	r3, #0
 2351 0024 F7D1     		bne	.L149
 672:Core/Src/foc_utils.c ****     }
 673:Core/Src/foc_utils.c **** }
 2352              		.loc 1 673 1 view .LVU691
 2353 0026 10BD     		pop	{r4, pc}
 2354              	.L152:
 2355              		.align	2
 2356              	.L151:
 2357 0028 00000000 		.word	hfoc
 2358              		.cfi_endproc
 2359              	.LFE167:
 2361              		.global	__aeabi_f2d
 2362              		.section	.rodata.measure_R.str1.4,"aMS",%progbits,1
 2363              		.align	2
 2364              	.LC0:
 2365 0000 45737469 		.ascii	"Estimate Resistance @(V=%.2f)\015\012Rs: %f\015\012"
 2365      6D617465 
 2365      20526573 
 2365      69737461 
 2365      6E636520 
 2366 0027 0D0A00   		.ascii	"\015\012\000"
 2367              		.section	.text.measure_R,"ax",%progbits
 2368              		.align	1
 2369              		.global	measure_R
 2370              		.syntax unified
ARM GAS  /tmp/ccdi9tlu.s 			page 57


 2371              		.thumb
 2372              		.thumb_func
 2373              		.fpu fpv4-sp-d16
 2375              	measure_R:
 2376              	.LVL235:
 2377              	.LFB168:
 674:Core/Src/foc_utils.c **** 
 675:Core/Src/foc_utils.c **** int measure_R(float vdc) {
 2378              		.loc 1 675 26 is_stmt 1 view -0
 2379              		.cfi_startproc
 2380              		@ args = 0, pretend = 0, frame = 0
 2381              		@ frame_needed = 0, uses_anonymous_args = 0
 676:Core/Src/foc_utils.c ****     if (hfoc.v_bus  < 10.0f) {
 2382              		.loc 1 676 5 view .LVU693
 2383              		.loc 1 676 13 is_stmt 0 view .LVU694
 2384 0000 1C4B     		ldr	r3, .L160
 2385 0002 93ED2A7A 		vldr.32	s14, [r3, #168]
 2386              		.loc 1 676 8 view .LVU695
 2387 0006 F2EE047A 		vmov.f32	s15, #1.0e+1
 2388 000a B4EEE77A 		vcmpe.f32	s14, s15
 2389 000e F1EE10FA 		vmrs	APSR_nzcv, FPSCR
 2390 0012 2BD4     		bmi	.L155
 675:Core/Src/foc_utils.c ****     if (hfoc.v_bus  < 10.0f) {
 2391              		.loc 1 675 26 view .LVU696
 2392 0014 70B5     		push	{r4, r5, r6, lr}
 2393              	.LCFI28:
 2394              		.cfi_def_cfa_offset 16
 2395              		.cfi_offset 4, -16
 2396              		.cfi_offset 5, -12
 2397              		.cfi_offset 6, -8
 2398              		.cfi_offset 14, -4
 2399 0016 82B0     		sub	sp, sp, #8
 2400              	.LCFI29:
 2401              		.cfi_def_cfa_offset 24
 677:Core/Src/foc_utils.c ****         return -1;
 678:Core/Src/foc_utils.c ****     }
 679:Core/Src/foc_utils.c **** 
 680:Core/Src/foc_utils.c ****     hfoc.meas_inj_amp = vdc;
 2402              		.loc 1 680 5 is_stmt 1 view .LVU697
 2403              		.loc 1 680 23 is_stmt 0 view .LVU698
 2404 0018 1C46     		mov	r4, r3
 2405 001a 83ED100A 		vstr.32	s0, [r3, #64]
 681:Core/Src/foc_utils.c **** 
 682:Core/Src/foc_utils.c ****     memset(Vd_buff, 0, sizeof(Vd_buff));
 2406              		.loc 1 682 5 is_stmt 1 view .LVU699
 2407 001e 4FF40075 		mov	r5, #512
 2408 0022 2A46     		mov	r2, r5
 2409 0024 0021     		movs	r1, #0
 2410 0026 1448     		ldr	r0, .L160+4
 2411 0028 FFF7FEFF 		bl	memset
 2412              	.LVL236:
 683:Core/Src/foc_utils.c ****     memset(Id_buff, 0, sizeof(Id_buff));
 2413              		.loc 1 683 5 view .LVU700
 2414 002c 2A46     		mov	r2, r5
 2415 002e 0021     		movs	r1, #0
 2416 0030 1248     		ldr	r0, .L160+8
 2417 0032 FFF7FEFF 		bl	memset
ARM GAS  /tmp/ccdi9tlu.s 			page 58


 2418              	.LVL237:
 684:Core/Src/foc_utils.c **** 
 685:Core/Src/foc_utils.c ****     start_measure(RS);
 2419              		.loc 1 685 5 view .LVU701
 2420 0036 0020     		movs	r0, #0
 2421 0038 FFF7FEFF 		bl	start_measure
 2422              	.LVL238:
 686:Core/Src/foc_utils.c ****     estimate_resistance(&hfoc);
 2423              		.loc 1 686 5 view .LVU702
 2424 003c 2046     		mov	r0, r4
 2425 003e FFF7FEFF 		bl	estimate_resistance
 2426              	.LVL239:
 687:Core/Src/foc_utils.c ****     //   m_config.Rs = hfoc.Rs;
 688:Core/Src/foc_utils.c **** 
 689:Core/Src/foc_utils.c ****     printf("Estimate Resistance @(V=%.2f)\r\n"
 2427              		.loc 1 689 5 view .LVU703
 690:Core/Src/foc_utils.c ****                 "Rs: %f\r\n\r\n",
 691:Core/Src/foc_utils.c ****                 hfoc.meas_inj_amp, R_S);
 2428              		.loc 1 691 36 is_stmt 0 view .LVU704
 2429 0042 0F4B     		ldr	r3, .L160+12
 2430 0044 D3F89860 		ldr	r6, [r3, #152]	@ float
 689:Core/Src/foc_utils.c ****                 "Rs: %f\r\n\r\n",
 2431              		.loc 1 689 5 view .LVU705
 2432 0048 206C     		ldr	r0, [r4, #64]	@ float
 2433 004a FFF7FEFF 		bl	__aeabi_f2d
 2434              	.LVL240:
 2435 004e 0446     		mov	r4, r0
 2436 0050 0D46     		mov	r5, r1
 2437 0052 3046     		mov	r0, r6	@ float
 2438 0054 FFF7FEFF 		bl	__aeabi_f2d
 2439              	.LVL241:
 2440 0058 CDE90001 		strd	r0, [sp]
 2441 005c 2246     		mov	r2, r4
 2442 005e 2B46     		mov	r3, r5
 2443 0060 0848     		ldr	r0, .L160+16
 2444 0062 FFF7FEFF 		bl	printf
 2445              	.LVL242:
 692:Core/Src/foc_utils.c ****     
 693:Core/Src/foc_utils.c ****     return 0;
 2446              		.loc 1 693 5 is_stmt 1 view .LVU706
 2447              		.loc 1 693 12 is_stmt 0 view .LVU707
 2448 0066 0020     		movs	r0, #0
 694:Core/Src/foc_utils.c **** }
 2449              		.loc 1 694 1 view .LVU708
 2450 0068 02B0     		add	sp, sp, #8
 2451              	.LCFI30:
 2452              		.cfi_def_cfa_offset 16
 2453              		@ sp needed
 2454 006a 70BD     		pop	{r4, r5, r6, pc}
 2455              	.LVL243:
 2456              	.L155:
 2457              	.LCFI31:
 2458              		.cfi_def_cfa_offset 0
 2459              		.cfi_restore 4
 2460              		.cfi_restore 5
 2461              		.cfi_restore 6
 2462              		.cfi_restore 14
ARM GAS  /tmp/ccdi9tlu.s 			page 59


 677:Core/Src/foc_utils.c ****     }
 2463              		.loc 1 677 16 view .LVU709
 2464 006c 4FF0FF30 		mov	r0, #-1
 2465              		.loc 1 694 1 view .LVU710
 2466 0070 7047     		bx	lr
 2467              	.L161:
 2468 0072 00BF     		.align	2
 2469              	.L160:
 2470 0074 00000000 		.word	hfoc
 2471 0078 00000000 		.word	.LANCHOR2
 2472 007c 00000000 		.word	.LANCHOR3
 2473 0080 00100000 		.word	m_config+4096
 2474 0084 00000000 		.word	.LC0
 2475              		.cfi_endproc
 2476              	.LFE168:
 2478              		.section	.rodata.measure_L.str1.4,"aMS",%progbits,1
 2479              		.align	2
 2480              	.LC1:
 2481 0000 45737469 		.ascii	"Estimate Inductance @(f=%.2fHz)\015\012Ld: %f\015\012"
 2481      6D617465 
 2481      20496E64 
 2481      75637461 
 2481      6E636520 
 2482 0029 4C713A20 		.ascii	"Lq: %f\015\012\015\012\000"
 2482      25660D0A 
 2482      0D0A00
 2483              		.section	.text.measure_L,"ax",%progbits
 2484              		.align	1
 2485              		.global	measure_L
 2486              		.syntax unified
 2487              		.thumb
 2488              		.thumb_func
 2489              		.fpu fpv4-sp-d16
 2491              	measure_L:
 2492              	.LVL244:
 2493              	.LFB169:
 695:Core/Src/foc_utils.c **** 
 696:Core/Src/foc_utils.c **** int measure_L(float f, float amp) {
 2494              		.loc 1 696 35 is_stmt 1 view -0
 2495              		.cfi_startproc
 2496              		@ args = 0, pretend = 0, frame = 0
 2497              		@ frame_needed = 0, uses_anonymous_args = 0
 697:Core/Src/foc_utils.c ****     if (hfoc.v_bus  < 10.0f) {
 2498              		.loc 1 697 5 view .LVU712
 2499              		.loc 1 697 13 is_stmt 0 view .LVU713
 2500 0000 2B4B     		ldr	r3, .L169
 2501 0002 93ED2A7A 		vldr.32	s14, [r3, #168]
 2502              		.loc 1 697 8 view .LVU714
 2503 0006 F2EE047A 		vmov.f32	s15, #1.0e+1
 2504 000a B4EEE77A 		vcmpe.f32	s14, s15
 2505 000e F1EE10FA 		vmrs	APSR_nzcv, FPSCR
 2506 0012 49D4     		bmi	.L164
 696:Core/Src/foc_utils.c ****     if (hfoc.v_bus  < 10.0f) {
 2507              		.loc 1 696 35 view .LVU715
 2508 0014 F0B5     		push	{r4, r5, r6, r7, lr}
 2509              	.LCFI32:
 2510              		.cfi_def_cfa_offset 20
ARM GAS  /tmp/ccdi9tlu.s 			page 60


 2511              		.cfi_offset 4, -20
 2512              		.cfi_offset 5, -16
 2513              		.cfi_offset 6, -12
 2514              		.cfi_offset 7, -8
 2515              		.cfi_offset 14, -4
 2516 0016 85B0     		sub	sp, sp, #20
 2517              	.LCFI33:
 2518              		.cfi_def_cfa_offset 40
 698:Core/Src/foc_utils.c ****         return -1;
 699:Core/Src/foc_utils.c ****     }
 700:Core/Src/foc_utils.c **** 
 701:Core/Src/foc_utils.c ****     hfoc.meas_inj_freq = f;
 2519              		.loc 1 701 5 is_stmt 1 view .LVU716
 2520              		.loc 1 701 24 is_stmt 0 view .LVU717
 2521 0018 1C46     		mov	r4, r3
 2522 001a 83ED0F0A 		vstr.32	s0, [r3, #60]
 702:Core/Src/foc_utils.c ****     hfoc.meas_inj_amp = amp;
 2523              		.loc 1 702 5 is_stmt 1 view .LVU718
 2524              		.loc 1 702 23 is_stmt 0 view .LVU719
 2525 001e C3ED100A 		vstr.32	s1, [r3, #64]
 703:Core/Src/foc_utils.c ****     hfoc.meas_inj_omega = TWO_PI * hfoc.meas_inj_freq;
 2526              		.loc 1 703 5 is_stmt 1 view .LVU720
 2527              		.loc 1 703 34 is_stmt 0 view .LVU721
 2528 0022 DFED247A 		vldr.32	s15, .L169+4
 2529 0026 20EE270A 		vmul.f32	s0, s0, s15
 2530              	.LVL245:
 2531              		.loc 1 703 25 view .LVU722
 2532 002a 83ED110A 		vstr.32	s0, [r3, #68]
 704:Core/Src/foc_utils.c **** 
 705:Core/Src/foc_utils.c ****     memset(Vd_buff, 0, sizeof(Vd_buff));
 2533              		.loc 1 705 5 is_stmt 1 view .LVU723
 2534 002e 4FF40075 		mov	r5, #512
 2535 0032 2A46     		mov	r2, r5
 2536 0034 0021     		movs	r1, #0
 2537 0036 2048     		ldr	r0, .L169+8
 2538 0038 FFF7FEFF 		bl	memset
 2539              	.LVL246:
 706:Core/Src/foc_utils.c ****     memset(Id_buff, 0, sizeof(Id_buff));
 2540              		.loc 1 706 5 view .LVU724
 2541 003c 2A46     		mov	r2, r5
 2542 003e 0021     		movs	r1, #0
 2543 0040 1E48     		ldr	r0, .L169+12
 2544 0042 FFF7FEFF 		bl	memset
 2545              	.LVL247:
 707:Core/Src/foc_utils.c ****     memset(Vq_buff, 0, sizeof(Vq_buff));
 2546              		.loc 1 707 5 view .LVU725
 2547 0046 2A46     		mov	r2, r5
 2548 0048 0021     		movs	r1, #0
 2549 004a 1D48     		ldr	r0, .L169+16
 2550 004c FFF7FEFF 		bl	memset
 2551              	.LVL248:
 708:Core/Src/foc_utils.c ****     memset(Iq_buff, 0, sizeof(Iq_buff));
 2552              		.loc 1 708 5 view .LVU726
 2553 0050 2A46     		mov	r2, r5
 2554 0052 0021     		movs	r1, #0
 2555 0054 1B48     		ldr	r0, .L169+20
 2556 0056 FFF7FEFF 		bl	memset
ARM GAS  /tmp/ccdi9tlu.s 			page 61


 2557              	.LVL249:
 709:Core/Src/foc_utils.c **** 
 710:Core/Src/foc_utils.c ****     start_measure(LD);
 2558              		.loc 1 710 5 view .LVU727
 2559 005a 0120     		movs	r0, #1
 2560 005c FFF7FEFF 		bl	start_measure
 2561              	.LVL250:
 711:Core/Src/foc_utils.c ****     start_measure(LQ);
 2562              		.loc 1 711 5 view .LVU728
 2563 0060 0220     		movs	r0, #2
 2564 0062 FFF7FEFF 		bl	start_measure
 2565              	.LVL251:
 712:Core/Src/foc_utils.c ****     estimate_inductance(&hfoc, FOC_TS);
 2566              		.loc 1 712 5 view .LVU729
 2567 0066 9FED180A 		vldr.32	s0, .L169+24
 2568 006a 2046     		mov	r0, r4
 2569 006c FFF7FEFF 		bl	estimate_inductance
 2570              	.LVL252:
 713:Core/Src/foc_utils.c ****     //   m_config.Ld = hfoc.Ld;
 714:Core/Src/foc_utils.c ****     //   m_config.Lq = hfoc.Lq;
 715:Core/Src/foc_utils.c **** 
 716:Core/Src/foc_utils.c ****     // for (int i = 0; i < MAX_I_SAMPLE; i++) {
 717:Core/Src/foc_utils.c ****     //     float buffer_val[4] = {
 718:Core/Src/foc_utils.c ****     //     Vd_buff[i], Vq_buff[i],
 719:Core/Src/foc_utils.c ****     //     Id_buff[i], Iq_buff[i]
 720:Core/Src/foc_utils.c ****     //     };
 721:Core/Src/foc_utils.c ****     //     // send_data_float(buffer_val, 4);
 722:Core/Src/foc_utils.c ****     //     osDelay(1);
 723:Core/Src/foc_utils.c ****     // }
 724:Core/Src/foc_utils.c ****     
 725:Core/Src/foc_utils.c ****     printf("Estimate Inductance @(f=%.2fHz)\r\n"
 2571              		.loc 1 725 5 view .LVU730
 726:Core/Src/foc_utils.c ****                 "Ld: %f\r\n"
 727:Core/Src/foc_utils.c ****                 "Lq: %f\r\n\r\n", 
 728:Core/Src/foc_utils.c ****                 hfoc.meas_inj_freq, L_D, L_Q);
 2572              		.loc 1 728 37 is_stmt 0 view .LVU731
 2573 0070 164B     		ldr	r3, .L169+28
 2574 0072 D3F89C60 		ldr	r6, [r3, #156]	@ float
 2575              		.loc 1 728 42 view .LVU732
 2576 0076 D3F8A070 		ldr	r7, [r3, #160]	@ float
 725:Core/Src/foc_utils.c ****                 "Ld: %f\r\n"
 2577              		.loc 1 725 5 view .LVU733
 2578 007a E06B     		ldr	r0, [r4, #60]	@ float
 2579 007c FFF7FEFF 		bl	__aeabi_f2d
 2580              	.LVL253:
 2581 0080 0446     		mov	r4, r0
 2582 0082 0D46     		mov	r5, r1
 2583 0084 3846     		mov	r0, r7	@ float
 2584 0086 FFF7FEFF 		bl	__aeabi_f2d
 2585              	.LVL254:
 2586 008a CDE90201 		strd	r0, [sp, #8]
 2587 008e 3046     		mov	r0, r6	@ float
 2588 0090 FFF7FEFF 		bl	__aeabi_f2d
 2589              	.LVL255:
 2590 0094 CDE90001 		strd	r0, [sp]
 2591 0098 2246     		mov	r2, r4
 2592 009a 2B46     		mov	r3, r5
ARM GAS  /tmp/ccdi9tlu.s 			page 62


 2593 009c 0C48     		ldr	r0, .L169+32
 2594 009e FFF7FEFF 		bl	printf
 2595              	.LVL256:
 729:Core/Src/foc_utils.c **** 
 730:Core/Src/foc_utils.c ****     return 0;
 2596              		.loc 1 730 5 is_stmt 1 view .LVU734
 2597              		.loc 1 730 12 is_stmt 0 view .LVU735
 2598 00a2 0020     		movs	r0, #0
 731:Core/Src/foc_utils.c **** }
 2599              		.loc 1 731 1 view .LVU736
 2600 00a4 05B0     		add	sp, sp, #20
 2601              	.LCFI34:
 2602              		.cfi_def_cfa_offset 20
 2603              		@ sp needed
 2604 00a6 F0BD     		pop	{r4, r5, r6, r7, pc}
 2605              	.LVL257:
 2606              	.L164:
 2607              	.LCFI35:
 2608              		.cfi_def_cfa_offset 0
 2609              		.cfi_restore 4
 2610              		.cfi_restore 5
 2611              		.cfi_restore 6
 2612              		.cfi_restore 7
 2613              		.cfi_restore 14
 698:Core/Src/foc_utils.c ****     }
 2614              		.loc 1 698 16 view .LVU737
 2615 00a8 4FF0FF30 		mov	r0, #-1
 2616              		.loc 1 731 1 view .LVU738
 2617 00ac 7047     		bx	lr
 2618              	.L170:
 2619 00ae 00BF     		.align	2
 2620              	.L169:
 2621 00b0 00000000 		.word	hfoc
 2622 00b4 DB0FC940 		.word	1086918619
 2623 00b8 00000000 		.word	.LANCHOR2
 2624 00bc 00000000 		.word	.LANCHOR3
 2625 00c0 00000000 		.word	.LANCHOR4
 2626 00c4 00000000 		.word	.LANCHOR5
 2627 00c8 ACC52738 		.word	942130604
 2628 00cc 00100000 		.word	m_config+4096
 2629 00d0 00000000 		.word	.LC1
 2630              		.cfi_endproc
 2631              	.LFE169:
 2633              		.section	.text.calibration_seq,"ax",%progbits
 2634              		.align	1
 2635              		.global	calibration_seq
 2636              		.syntax unified
 2637              		.thumb
 2638              		.thumb_func
 2639              		.fpu fpv4-sp-d16
 2641              	calibration_seq:
 2642              	.LFB170:
 732:Core/Src/foc_utils.c **** 
 733:Core/Src/foc_utils.c **** void calibration_seq(void) {
 2643              		.loc 1 733 28 is_stmt 1 view -0
 2644              		.cfi_startproc
 2645              		@ args = 0, pretend = 0, frame = 0
ARM GAS  /tmp/ccdi9tlu.s 			page 63


 2646              		@ frame_needed = 0, uses_anonymous_args = 0
 2647 0000 10B5     		push	{r4, lr}
 2648              	.LCFI36:
 2649              		.cfi_def_cfa_offset 8
 2650              		.cfi_offset 4, -8
 2651              		.cfi_offset 14, -4
 734:Core/Src/foc_utils.c **** 
 735:Core/Src/foc_utils.c ****     measure_R(1.0f);
 2652              		.loc 1 735 5 view .LVU740
 2653 0002 B7EE000A 		vmov.f32	s0, #1.0e+0
 2654 0006 FFF7FEFF 		bl	measure_R
 2655              	.LVL258:
 736:Core/Src/foc_utils.c ****     measure_L(1000.0f, 1.2f);
 2656              		.loc 1 736 5 view .LVU741
 2657 000a DFED0C0A 		vldr.32	s1, .L173
 2658 000e 9FED0C0A 		vldr.32	s0, .L173+4
 2659 0012 FFF7FEFF 		bl	measure_L
 2660              	.LVL259:
 737:Core/Src/foc_utils.c **** 
 738:Core/Src/foc_utils.c ****     
 739:Core/Src/foc_utils.c ****     
 740:Core/Src/foc_utils.c ****     flash_auto_tuning_torque_control(&m_config);
 2661              		.loc 1 740 5 view .LVU742
 2662 0016 0B4C     		ldr	r4, .L173+8
 2663 0018 2046     		mov	r0, r4
 2664 001a FFF7FEFF 		bl	flash_auto_tuning_torque_control
 2665              	.LVL260:
 741:Core/Src/foc_utils.c ****     hfoc.id_ctrl.kp = m_config.id_kp;
 2666              		.loc 1 741 5 view .LVU743
 2667              		.loc 1 741 31 is_stmt 0 view .LVU744
 2668 001e 6268     		ldr	r2, [r4, #4]	@ float
 2669              		.loc 1 741 21 view .LVU745
 2670 0020 094B     		ldr	r3, .L173+12
 2671 0022 C3F8DC20 		str	r2, [r3, #220]	@ float
 742:Core/Src/foc_utils.c ****     hfoc.id_ctrl.ki = m_config.id_ki;
 2672              		.loc 1 742 5 is_stmt 1 view .LVU746
 2673              		.loc 1 742 31 is_stmt 0 view .LVU747
 2674 0026 A268     		ldr	r2, [r4, #8]	@ float
 2675              		.loc 1 742 21 view .LVU748
 2676 0028 C3F8E020 		str	r2, [r3, #224]	@ float
 743:Core/Src/foc_utils.c ****     hfoc.iq_ctrl.kp = m_config.iq_kp;
 2677              		.loc 1 743 5 is_stmt 1 view .LVU749
 2678              		.loc 1 743 31 is_stmt 0 view .LVU750
 2679 002c 6269     		ldr	r2, [r4, #20]	@ float
 2680              		.loc 1 743 21 view .LVU751
 2681 002e C3F81021 		str	r2, [r3, #272]	@ float
 744:Core/Src/foc_utils.c ****     hfoc.iq_ctrl.ki = m_config.iq_ki;
 2682              		.loc 1 744 5 is_stmt 1 view .LVU752
 2683              		.loc 1 744 31 is_stmt 0 view .LVU753
 2684 0032 A269     		ldr	r2, [r4, #24]	@ float
 2685              		.loc 1 744 21 view .LVU754
 2686 0034 C3F81421 		str	r2, [r3, #276]	@ float
 745:Core/Src/foc_utils.c **** }
 2687              		.loc 1 745 1 view .LVU755
 2688 0038 10BD     		pop	{r4, pc}
 2689              	.L174:
 2690 003a 00BF     		.align	2
ARM GAS  /tmp/ccdi9tlu.s 			page 64


 2691              	.L173:
 2692 003c 9A99993F 		.word	1067030938
 2693 0040 00007A44 		.word	1148846080
 2694 0044 00000000 		.word	m_config
 2695 0048 00000000 		.word	hfoc
 2696              		.cfi_endproc
 2697              	.LFE170:
 2699              		.section	.text.open_loop_voltage_control,"ax",%progbits
 2700              		.align	1
 2701              		.global	open_loop_voltage_control
 2702              		.syntax unified
 2703              		.thumb
 2704              		.thumb_func
 2705              		.fpu fpv4-sp-d16
 2707              	open_loop_voltage_control:
 2708              	.LVL261:
 2709              	.LFB171:
 746:Core/Src/foc_utils.c **** 
 747:Core/Src/foc_utils.c **** 
 748:Core/Src/foc_utils.c **** void open_loop_voltage_control(foc_t *hfoc, float vd_ref, float vq_ref, float angle_rad) {
 2710              		.loc 1 748 90 is_stmt 1 view -0
 2711              		.cfi_startproc
 2712              		@ args = 0, pretend = 0, frame = 32
 2713              		@ frame_needed = 0, uses_anonymous_args = 0
 2714              		.loc 1 748 90 is_stmt 0 view .LVU757
 2715 0000 30B5     		push	{r4, r5, lr}
 2716              	.LCFI37:
 2717              		.cfi_def_cfa_offset 12
 2718              		.cfi_offset 4, -12
 2719              		.cfi_offset 5, -8
 2720              		.cfi_offset 14, -4
 2721 0002 2DED028B 		vpush.64	{d8}
 2722              	.LCFI38:
 2723              		.cfi_def_cfa_offset 20
 2724              		.cfi_offset 80, -20
 2725              		.cfi_offset 81, -16
 2726 0006 89B0     		sub	sp, sp, #36
 2727              	.LCFI39:
 2728              		.cfi_def_cfa_offset 56
 2729 0008 0446     		mov	r4, r0
 2730 000a B0EE408A 		vmov.f32	s16, s0
 2731 000e F0EE608A 		vmov.f32	s17, s1
 749:Core/Src/foc_utils.c ****     float valpha, vbeta;
 2732              		.loc 1 749 5 is_stmt 1 view .LVU758
 750:Core/Src/foc_utils.c ****     uint32_t da, db, dc;
 2733              		.loc 1 750 5 view .LVU759
 751:Core/Src/foc_utils.c ****     const uint32_t pwm_res = hfoc->pwm_res;
 2734              		.loc 1 751 5 view .LVU760
 2735              		.loc 1 751 20 is_stmt 0 view .LVU761
 2736 0012 D0F8D850 		ldr	r5, [r0, #216]
 2737              	.LVL262:
 752:Core/Src/foc_utils.c **** 
 753:Core/Src/foc_utils.c ****     float sin_theta, cos_theta;
 2738              		.loc 1 753 5 is_stmt 1 view .LVU762
 754:Core/Src/foc_utils.c ****     pre_calc_sin_cos(angle_rad, &sin_theta, &cos_theta);
 2739              		.loc 1 754 5 view .LVU763
 2740 0016 01A9     		add	r1, sp, #4
ARM GAS  /tmp/ccdi9tlu.s 			page 65


 2741 0018 02A8     		add	r0, sp, #8
 2742              	.LVL263:
 2743              		.loc 1 754 5 is_stmt 0 view .LVU764
 2744 001a B0EE410A 		vmov.f32	s0, s2
 2745              	.LVL264:
 2746              		.loc 1 754 5 view .LVU765
 2747 001e FFF7FEFF 		bl	pre_calc_sin_cos
 2748              	.LVL265:
 755:Core/Src/foc_utils.c ****     inverse_park_transform(vd_ref, vq_ref, sin_theta, cos_theta, &valpha, &vbeta);
 2749              		.loc 1 755 5 is_stmt 1 view .LVU766
 2750 0022 06A9     		add	r1, sp, #24
 2751 0024 07A8     		add	r0, sp, #28
 2752 0026 DDED011A 		vldr.32	s3, [sp, #4]
 2753 002a 9DED021A 		vldr.32	s2, [sp, #8]
 2754 002e F0EE680A 		vmov.f32	s1, s17
 2755 0032 B0EE480A 		vmov.f32	s0, s16
 2756 0036 FFF7FEFF 		bl	inverse_park_transform
 2757              	.LVL266:
 756:Core/Src/foc_utils.c ****     svpwm(valpha, vbeta, 12.0, pwm_res, &da, &db, &dc);
 2758              		.loc 1 756 5 view .LVU767
 2759 003a 03AB     		add	r3, sp, #12
 2760 003c 04AA     		add	r2, sp, #16
 2761 003e 05A9     		add	r1, sp, #20
 2762 0040 2846     		mov	r0, r5
 2763 0042 B2EE081A 		vmov.f32	s2, #1.2e+1
 2764 0046 DDED060A 		vldr.32	s1, [sp, #24]
 2765 004a 9DED070A 		vldr.32	s0, [sp, #28]
 2766 004e FFF7FEFF 		bl	svpwm
 2767              	.LVL267:
 757:Core/Src/foc_utils.c **** 
 758:Core/Src/foc_utils.c ****     *(hfoc->pwm_a) = CONSTRAIN(da, 0, pwm_res);
 2768              		.loc 1 758 5 view .LVU768
 2769              		.loc 1 758 22 is_stmt 0 view .LVU769
 2770 0052 059B     		ldr	r3, [sp, #20]
 2771 0054 13B1     		cbz	r3, .L176
 2772              		.loc 1 758 22 discriminator 1 view .LVU770
 2773 0056 AB42     		cmp	r3, r5
 2774 0058 28BF     		it	cs
 2775 005a 2B46     		movcs	r3, r5
 2776              	.L176:
 2777              		.loc 1 758 11 discriminator 4 view .LVU771
 2778 005c D4F8CC20 		ldr	r2, [r4, #204]
 2779              		.loc 1 758 20 discriminator 4 view .LVU772
 2780 0060 1360     		str	r3, [r2]
 759:Core/Src/foc_utils.c ****     *(hfoc->pwm_b) = CONSTRAIN(db, 0, pwm_res);
 2781              		.loc 1 759 5 is_stmt 1 discriminator 4 view .LVU773
 2782              		.loc 1 759 22 is_stmt 0 discriminator 4 view .LVU774
 2783 0062 049B     		ldr	r3, [sp, #16]
 2784 0064 13B1     		cbz	r3, .L177
 2785              		.loc 1 759 22 discriminator 1 view .LVU775
 2786 0066 AB42     		cmp	r3, r5
 2787 0068 28BF     		it	cs
 2788 006a 2B46     		movcs	r3, r5
 2789              	.L177:
 2790              		.loc 1 759 11 discriminator 4 view .LVU776
 2791 006c D4F8D020 		ldr	r2, [r4, #208]
 2792              		.loc 1 759 20 discriminator 4 view .LVU777
ARM GAS  /tmp/ccdi9tlu.s 			page 66


 2793 0070 1360     		str	r3, [r2]
 760:Core/Src/foc_utils.c ****     *(hfoc->pwm_c) = CONSTRAIN(dc, 0, pwm_res);
 2794              		.loc 1 760 5 is_stmt 1 discriminator 4 view .LVU778
 2795              		.loc 1 760 22 is_stmt 0 discriminator 4 view .LVU779
 2796 0072 039B     		ldr	r3, [sp, #12]
 2797 0074 13B1     		cbz	r3, .L178
 2798              		.loc 1 760 22 discriminator 1 view .LVU780
 2799 0076 AB42     		cmp	r3, r5
 2800 0078 28BF     		it	cs
 2801 007a 2B46     		movcs	r3, r5
 2802              	.L178:
 2803              		.loc 1 760 11 discriminator 4 view .LVU781
 2804 007c D4F8D420 		ldr	r2, [r4, #212]
 2805              		.loc 1 760 20 discriminator 4 view .LVU782
 2806 0080 1360     		str	r3, [r2]
 761:Core/Src/foc_utils.c **** }
 2807              		.loc 1 761 1 discriminator 4 view .LVU783
 2808 0082 09B0     		add	sp, sp, #36
 2809              	.LCFI40:
 2810              		.cfi_def_cfa_offset 20
 2811              		@ sp needed
 2812 0084 BDEC028B 		vldm	sp!, {d8}
 2813              	.LCFI41:
 2814              		.cfi_restore 80
 2815              		.cfi_restore 81
 2816              		.cfi_def_cfa_offset 12
 2817              	.LVL268:
 2818              		.loc 1 761 1 discriminator 4 view .LVU784
 2819 0088 30BD     		pop	{r4, r5, pc}
 2820              		.loc 1 761 1 discriminator 4 view .LVU785
 2821              		.cfi_endproc
 2822              	.LFE171:
 2824              		.section	.rodata.foc_cal_encoder_misalignment.str1.4,"aMS",%progbits,1
 2825              		.align	2
 2826              	.LC2:
 2827 0000 456E636F 		.ascii	"Encoder Mechanical Offset (rad): %f\015\012\000"
 2827      64657220 
 2827      4D656368 
 2827      616E6963 
 2827      616C204F 
 2828              		.section	.text.foc_cal_encoder_misalignment,"ax",%progbits
 2829              		.align	1
 2830              		.global	foc_cal_encoder_misalignment
 2831              		.syntax unified
 2832              		.thumb
 2833              		.thumb_func
 2834              		.fpu fpv4-sp-d16
 2836              	foc_cal_encoder_misalignment:
 2837              	.LVL269:
 2838              	.LFB160:
 390:Core/Src/foc_utils.c ****     open_loop_voltage_control(hfoc, VD_CAL, VQ_CAL, 0.0f);
 2839              		.loc 1 390 48 is_stmt 1 view -0
 2840              		.cfi_startproc
 2841              		@ args = 0, pretend = 0, frame = 0
 2842              		@ frame_needed = 0, uses_anonymous_args = 0
 390:Core/Src/foc_utils.c ****     open_loop_voltage_control(hfoc, VD_CAL, VQ_CAL, 0.0f);
 2843              		.loc 1 390 48 is_stmt 0 view .LVU787
ARM GAS  /tmp/ccdi9tlu.s 			page 67


 2844 0000 38B5     		push	{r3, r4, r5, lr}
 2845              	.LCFI42:
 2846              		.cfi_def_cfa_offset 16
 2847              		.cfi_offset 3, -16
 2848              		.cfi_offset 4, -12
 2849              		.cfi_offset 5, -8
 2850              		.cfi_offset 14, -4
 2851 0002 2DED028B 		vpush.64	{d8}
 2852              	.LCFI43:
 2853              		.cfi_def_cfa_offset 24
 2854              		.cfi_offset 80, -24
 2855              		.cfi_offset 81, -20
 2856 0006 0546     		mov	r5, r0
 391:Core/Src/foc_utils.c ****     osDelay(500);
 2857              		.loc 1 391 5 is_stmt 1 view .LVU788
 2858 0008 9FED1E8A 		vldr.32	s16, .L184
 2859 000c B0EE481A 		vmov.f32	s2, s16
 2860 0010 F0EE480A 		vmov.f32	s1, s16
 2861 0014 1C4B     		ldr	r3, .L184+4
 2862 0016 93ED220A 		vldr.32	s0, [r3, #136]
 2863 001a FFF7FEFF 		bl	open_loop_voltage_control
 2864              	.LVL270:
 392:Core/Src/foc_utils.c ****     float rad_offset = 0.0f;
 2865              		.loc 1 392 5 view .LVU789
 2866 001e 4FF4FA70 		mov	r0, #500
 2867 0022 FFF7FEFF 		bl	osDelay
 2868              	.LVL271:
 393:Core/Src/foc_utils.c ****     for (int i = 0; i < CAL_ITERATION; i++) {
 2869              		.loc 1 393 5 view .LVU790
 394:Core/Src/foc_utils.c ****         rad_offset += DEG_TO_RAD(*hfoc->angle_filtered);
 2870              		.loc 1 394 5 view .LVU791
 2871              	.LBB9:
 394:Core/Src/foc_utils.c ****         rad_offset += DEG_TO_RAD(*hfoc->angle_filtered);
 2872              		.loc 1 394 10 view .LVU792
 394:Core/Src/foc_utils.c ****         rad_offset += DEG_TO_RAD(*hfoc->angle_filtered);
 2873              		.loc 1 394 14 is_stmt 0 view .LVU793
 2874 0026 0024     		movs	r4, #0
 394:Core/Src/foc_utils.c ****         rad_offset += DEG_TO_RAD(*hfoc->angle_filtered);
 2875              		.loc 1 394 5 view .LVU794
 2876 0028 0DE0     		b	.L181
 2877              	.LVL272:
 2878              	.L182:
 395:Core/Src/foc_utils.c ****         osDelay(1);
 2879              		.loc 1 395 9 is_stmt 1 discriminator 3 view .LVU795
 395:Core/Src/foc_utils.c ****         osDelay(1);
 2880              		.loc 1 395 23 is_stmt 0 discriminator 3 view .LVU796
 2881 002a D5F84832 		ldr	r3, [r5, #584]
 2882 002e D3ED007A 		vldr.32	s15, [r3]
 2883 0032 9FED167A 		vldr.32	s14, .L184+8
 2884 0036 67EE877A 		vmul.f32	s15, s15, s14
 395:Core/Src/foc_utils.c ****         osDelay(1);
 2885              		.loc 1 395 20 discriminator 3 view .LVU797
 2886 003a 38EE278A 		vadd.f32	s16, s16, s15
 2887              	.LVL273:
 396:Core/Src/foc_utils.c ****     }
 2888              		.loc 1 396 9 is_stmt 1 discriminator 3 view .LVU798
 2889 003e 0120     		movs	r0, #1
ARM GAS  /tmp/ccdi9tlu.s 			page 68


 2890 0040 FFF7FEFF 		bl	osDelay
 2891              	.LVL274:
 394:Core/Src/foc_utils.c ****         rad_offset += DEG_TO_RAD(*hfoc->angle_filtered);
 2892              		.loc 1 394 40 discriminator 3 view .LVU799
 394:Core/Src/foc_utils.c ****         rad_offset += DEG_TO_RAD(*hfoc->angle_filtered);
 2893              		.loc 1 394 41 is_stmt 0 discriminator 3 view .LVU800
 2894 0044 0134     		adds	r4, r4, #1
 2895              	.LVL275:
 2896              	.L181:
 394:Core/Src/foc_utils.c ****         rad_offset += DEG_TO_RAD(*hfoc->angle_filtered);
 2897              		.loc 1 394 21 is_stmt 1 discriminator 1 view .LVU801
 394:Core/Src/foc_utils.c ****         rad_offset += DEG_TO_RAD(*hfoc->angle_filtered);
 2898              		.loc 1 394 5 is_stmt 0 discriminator 1 view .LVU802
 2899 0046 B4F57A7F 		cmp	r4, #1000
 2900 004a EEDB     		blt	.L182
 2901              	.LBE9:
 398:Core/Src/foc_utils.c ****     rad_offset = rad_offset / (float)CAL_ITERATION;
 2902              		.loc 1 398 5 is_stmt 1 view .LVU803
 2903 004c 9FED0D0A 		vldr.32	s0, .L184
 2904 0050 B0EE401A 		vmov.f32	s2, s0
 2905 0054 F0EE400A 		vmov.f32	s1, s0
 2906 0058 2846     		mov	r0, r5
 2907 005a FFF7FEFF 		bl	open_loop_voltage_control
 2908              	.LVL276:
 399:Core/Src/foc_utils.c ****     ENCDER_OFFSET = rad_offset;
 2909              		.loc 1 399 5 view .LVU804
 399:Core/Src/foc_utils.c ****     ENCDER_OFFSET = rad_offset;
 2910              		.loc 1 399 16 is_stmt 0 view .LVU805
 2911 005e 9FED0C7A 		vldr.32	s14, .L184+12
 2912 0062 C8EE077A 		vdiv.f32	s15, s16, s14
 2913              	.LVL277:
 400:Core/Src/foc_utils.c ****     printf("Encoder Mechanical Offset (rad): %f\r\n", ENCDER_OFFSET);
 2914              		.loc 1 400 5 is_stmt 1 view .LVU806
 400:Core/Src/foc_utils.c ****     printf("Encoder Mechanical Offset (rad): %f\r\n", ENCDER_OFFSET);
 2915              		.loc 1 400 19 is_stmt 0 view .LVU807
 2916 0066 0B4B     		ldr	r3, .L184+16
 2917 0068 C3ED207A 		vstr.32	s15, [r3, #128]
 401:Core/Src/foc_utils.c **** 
 2918              		.loc 1 401 5 is_stmt 1 view .LVU808
 2919 006c 17EE900A 		vmov	r0, s15
 2920 0070 FFF7FEFF 		bl	__aeabi_f2d
 2921              	.LVL278:
 401:Core/Src/foc_utils.c **** 
 2922              		.loc 1 401 5 is_stmt 0 view .LVU809
 2923 0074 0246     		mov	r2, r0
 2924 0076 0B46     		mov	r3, r1
 2925 0078 0748     		ldr	r0, .L184+20
 2926 007a FFF7FEFF 		bl	printf
 2927              	.LVL279:
 403:Core/Src/foc_utils.c **** //
 2928              		.loc 1 403 1 view .LVU810
 2929 007e BDEC028B 		vldm	sp!, {d8}
 2930              	.LCFI44:
 2931              		.cfi_restore 80
 2932              		.cfi_restore 81
 2933              		.cfi_def_cfa_offset 16
 2934              	.LVL280:
ARM GAS  /tmp/ccdi9tlu.s 			page 69


 403:Core/Src/foc_utils.c **** //
 2935              		.loc 1 403 1 view .LVU811
 2936 0082 38BD     		pop	{r3, r4, r5, pc}
 2937              	.LVL281:
 2938              	.L185:
 403:Core/Src/foc_utils.c **** //
 2939              		.loc 1 403 1 view .LVU812
 2940              		.align	2
 2941              	.L184:
 2942 0084 00000000 		.word	0
 2943 0088 00100000 		.word	m_config+4096
 2944 008c 35FA8E3C 		.word	1016003125
 2945 0090 00007A44 		.word	1148846080
 2946 0094 00000000 		.word	m_config
 2947 0098 00000000 		.word	.LC2
 2948              		.cfi_endproc
 2949              	.LFE160:
 2951              		.section	.rodata.foc_cal_encoder.str1.4,"aMS",%progbits,1
 2952              		.align	2
 2953              	.LC3:
 2954 0000 53746172 		.ascii	"Starting Encoder Calibration Task...\015\000"
 2954      74696E67 
 2954      20456E63 
 2954      6F646572 
 2954      2043616C 
 2955              		.section	.text.foc_cal_encoder,"ax",%progbits
 2956              		.align	1
 2957              		.global	foc_cal_encoder
 2958              		.syntax unified
 2959              		.thumb
 2960              		.thumb_func
 2961              		.fpu fpv4-sp-d16
 2963              	foc_cal_encoder:
 2964              	.LVL282:
 2965              	.LFB161:
 406:Core/Src/foc_utils.c ****     memset(error_temp, 0, sizeof(error_temp));
 2966              		.loc 1 406 35 is_stmt 1 view -0
 2967              		.cfi_startproc
 2968              		@ args = 0, pretend = 0, frame = 0
 2969              		@ frame_needed = 0, uses_anonymous_args = 0
 406:Core/Src/foc_utils.c ****     memset(error_temp, 0, sizeof(error_temp));
 2970              		.loc 1 406 35 is_stmt 0 view .LVU814
 2971 0000 38B5     		push	{r3, r4, r5, lr}
 2972              	.LCFI45:
 2973              		.cfi_def_cfa_offset 16
 2974              		.cfi_offset 3, -16
 2975              		.cfi_offset 4, -12
 2976              		.cfi_offset 5, -8
 2977              		.cfi_offset 14, -4
 2978 0002 2DED048B 		vpush.64	{d8, d9}
 2979              	.LCFI46:
 2980              		.cfi_def_cfa_offset 32
 2981              		.cfi_offset 80, -32
 2982              		.cfi_offset 81, -28
 2983              		.cfi_offset 82, -24
 2984              		.cfi_offset 83, -20
 2985 0006 0546     		mov	r5, r0
ARM GAS  /tmp/ccdi9tlu.s 			page 70


 407:Core/Src/foc_utils.c **** 
 2986              		.loc 1 407 5 is_stmt 1 view .LVU815
 2987 0008 4FF48052 		mov	r2, #4096
 2988 000c 0021     		movs	r1, #0
 2989 000e 5048     		ldr	r0, .L200
 2990              	.LVL283:
 407:Core/Src/foc_utils.c **** 
 2991              		.loc 1 407 5 is_stmt 0 view .LVU816
 2992 0010 FFF7FEFF 		bl	memset
 2993              	.LVL284:
 409:Core/Src/foc_utils.c ****     foc_cal_encoder_misalignment(hfoc);
 2994              		.loc 1 409 5 is_stmt 1 view .LVU817
 2995 0014 4F48     		ldr	r0, .L200+4
 2996 0016 FFF7FEFF 		bl	puts
 2997              	.LVL285:
 410:Core/Src/foc_utils.c **** 
 2998              		.loc 1 410 5 view .LVU818
 2999 001a 2846     		mov	r0, r5
 3000 001c FFF7FEFF 		bl	foc_cal_encoder_misalignment
 3001              	.LVL286:
 412:Core/Src/foc_utils.c ****         float mech_deg = (float)i * (360.0f / (float)ERROR_LUT_SIZE);
 3002              		.loc 1 412 5 view .LVU819
 3003              	.LBB10:
 412:Core/Src/foc_utils.c ****         float mech_deg = (float)i * (360.0f / (float)ERROR_LUT_SIZE);
 3004              		.loc 1 412 10 view .LVU820
 412:Core/Src/foc_utils.c ****         float mech_deg = (float)i * (360.0f / (float)ERROR_LUT_SIZE);
 3005              		.loc 1 412 14 is_stmt 0 view .LVU821
 3006 0020 0024     		movs	r4, #0
 412:Core/Src/foc_utils.c ****         float mech_deg = (float)i * (360.0f / (float)ERROR_LUT_SIZE);
 3007              		.loc 1 412 5 view .LVU822
 3008 0022 10E0     		b	.L187
 3009              	.LVL287:
 3010              	.L189:
 3011              	.LBB11:
 429:Core/Src/foc_utils.c ****         }
 3012              		.loc 1 429 9 is_stmt 1 view .LVU823
 429:Core/Src/foc_utils.c ****         }
 3013              		.loc 1 429 15 is_stmt 0 view .LVU824
 3014 0024 03F58063 		add	r3, r3, #1024
 3015              	.LVL288:
 3016              	.L188:
 428:Core/Src/foc_utils.c ****         index += ERROR_LUT_SIZE;
 3017              		.loc 1 428 15 is_stmt 1 view .LVU825
 3018 0028 002B     		cmp	r3, #0
 3019 002a FBDB     		blt	.L189
 431:Core/Src/foc_utils.c **** 
 3020              		.loc 1 431 9 discriminator 2 view .LVU826
 431:Core/Src/foc_utils.c **** 
 3021              		.loc 1 431 15 is_stmt 0 discriminator 2 view .LVU827
 3022 002c 5A42     		rsbs	r2, r3, #0
 3023 002e C3F30903 		ubfx	r3, r3, #0, #10
 3024              	.LVL289:
 431:Core/Src/foc_utils.c **** 
 3025              		.loc 1 431 15 discriminator 2 view .LVU828
 3026 0032 C2F30902 		ubfx	r2, r2, #0, #10
 3027 0036 58BF     		it	pl
 3028 0038 5342     		rsbpl	r3, r2, #0
ARM GAS  /tmp/ccdi9tlu.s 			page 71


 3029              	.LVL290:
 433:Core/Src/foc_utils.c ****     
 3030              		.loc 1 433 9 is_stmt 1 discriminator 2 view .LVU829
 433:Core/Src/foc_utils.c ****     
 3031              		.loc 1 433 27 is_stmt 0 discriminator 2 view .LVU830
 3032 003a 454A     		ldr	r2, .L200
 3033 003c 02EB8303 		add	r3, r2, r3, lsl #2
 3034              	.LVL291:
 433:Core/Src/foc_utils.c ****     
 3035              		.loc 1 433 27 discriminator 2 view .LVU831
 3036 0040 83ED008A 		vstr.32	s16, [r3]
 3037              	.LBE11:
 412:Core/Src/foc_utils.c ****         float mech_deg = (float)i * (360.0f / (float)ERROR_LUT_SIZE);
 3038              		.loc 1 412 41 is_stmt 1 discriminator 2 view .LVU832
 412:Core/Src/foc_utils.c ****         float mech_deg = (float)i * (360.0f / (float)ERROR_LUT_SIZE);
 3039              		.loc 1 412 42 is_stmt 0 discriminator 2 view .LVU833
 3040 0044 0134     		adds	r4, r4, #1
 3041              	.LVL292:
 3042              	.L187:
 412:Core/Src/foc_utils.c ****         float mech_deg = (float)i * (360.0f / (float)ERROR_LUT_SIZE);
 3043              		.loc 1 412 21 is_stmt 1 discriminator 1 view .LVU834
 412:Core/Src/foc_utils.c ****         float mech_deg = (float)i * (360.0f / (float)ERROR_LUT_SIZE);
 3044              		.loc 1 412 5 is_stmt 0 discriminator 1 view .LVU835
 3045 0046 B4F5806F 		cmp	r4, #1024
 3046 004a 3DDA     		bge	.L197
 3047              	.LBB12:
 413:Core/Src/foc_utils.c ****         float elec_rad = DEG_TO_RAD(mech_deg * PPAIRS);
 3048              		.loc 1 413 9 is_stmt 1 view .LVU836
 413:Core/Src/foc_utils.c ****         float elec_rad = DEG_TO_RAD(mech_deg * PPAIRS);
 3049              		.loc 1 413 26 is_stmt 0 view .LVU837
 3050 004c 07EE904A 		vmov	s15, r4	@ int
 3051 0050 B8EEE78A 		vcvt.f32.s32	s16, s15
 413:Core/Src/foc_utils.c ****         float elec_rad = DEG_TO_RAD(mech_deg * PPAIRS);
 3052              		.loc 1 413 15 view .LVU838
 3053 0054 DFED407A 		vldr.32	s15, .L200+8
 3054 0058 68EE277A 		vmul.f32	s15, s16, s15
 3055              	.LVL293:
 414:Core/Src/foc_utils.c ****         open_loop_voltage_control(hfoc, VD_CAL, VQ_CAL, elec_rad);
 3056              		.loc 1 414 9 is_stmt 1 view .LVU839
 414:Core/Src/foc_utils.c ****         open_loop_voltage_control(hfoc, VD_CAL, VQ_CAL, elec_rad);
 3057              		.loc 1 414 26 is_stmt 0 view .LVU840
 3058 005c 3F4B     		ldr	r3, .L200+12
 3059 005e 93F88C20 		ldrb	r2, [r3, #140]	@ zero_extendqisi2
 3060 0062 08EE102A 		vmov	s16, r2	@ int
 3061 0066 B8EEC88A 		vcvt.f32.s32	s16, s16
 3062 006a 28EE278A 		vmul.f32	s16, s16, s15
 414:Core/Src/foc_utils.c ****         open_loop_voltage_control(hfoc, VD_CAL, VQ_CAL, elec_rad);
 3063              		.loc 1 414 15 view .LVU841
 3064 006e DFED3C7A 		vldr.32	s15, .L200+16
 3065              	.LVL294:
 414:Core/Src/foc_utils.c ****         open_loop_voltage_control(hfoc, VD_CAL, VQ_CAL, elec_rad);
 3066              		.loc 1 414 15 view .LVU842
 3067 0072 28EE278A 		vmul.f32	s16, s16, s15
 3068              	.LVL295:
 415:Core/Src/foc_utils.c ****         osDelay(5);
 3069              		.loc 1 415 9 is_stmt 1 view .LVU843
 3070 0076 B0EE481A 		vmov.f32	s2, s16
ARM GAS  /tmp/ccdi9tlu.s 			page 72


 3071 007a DFED3A0A 		vldr.32	s1, .L200+20
 3072 007e 93ED220A 		vldr.32	s0, [r3, #136]
 3073 0082 2846     		mov	r0, r5
 3074 0084 FFF7FEFF 		bl	open_loop_voltage_control
 3075              	.LVL296:
 416:Core/Src/foc_utils.c **** 
 3076              		.loc 1 416 9 view .LVU844
 3077 0088 0520     		movs	r0, #5
 3078 008a FFF7FEFF 		bl	osDelay
 3079              	.LVL297:
 418:Core/Src/foc_utils.c ****         float raw_delta = elec_rad - hfoc->e_angle_rad;
 3080              		.loc 1 418 9 view .LVU845
 418:Core/Src/foc_utils.c ****         float raw_delta = elec_rad - hfoc->e_angle_rad;
 3081              		.loc 1 418 15 is_stmt 0 view .LVU846
 3082 008e 95ED159A 		vldr.32	s18, [r5, #84]
 3083              	.LVL298:
 419:Core/Src/foc_utils.c ****         float delta = elec_rad - hfoc->e_angle_rad_comp;
 3084              		.loc 1 419 9 is_stmt 1 view .LVU847
 419:Core/Src/foc_utils.c ****         float delta = elec_rad - hfoc->e_angle_rad_comp;
 3085              		.loc 1 419 42 is_stmt 0 view .LVU848
 3086 0092 D5ED167A 		vldr.32	s15, [r5, #88]
 419:Core/Src/foc_utils.c ****         float delta = elec_rad - hfoc->e_angle_rad_comp;
 3087              		.loc 1 419 15 view .LVU849
 3088 0096 38EE678A 		vsub.f32	s16, s16, s15
 3089              	.LVL299:
 420:Core/Src/foc_utils.c ****         
 3090              		.loc 1 420 9 is_stmt 1 view .LVU850
 422:Core/Src/foc_utils.c ****         delta -= TWO_PI * floorf((delta + PI) / TWO_PI);
 3091              		.loc 1 422 9 view .LVU851
 422:Core/Src/foc_utils.c ****         delta -= TWO_PI * floorf((delta + PI) / TWO_PI);
 3092              		.loc 1 422 49 is_stmt 0 view .LVU852
 3093 009a 9FED330A 		vldr.32	s0, .L200+24
 3094 009e 38EE000A 		vadd.f32	s0, s16, s0
 422:Core/Src/foc_utils.c ****         delta -= TWO_PI * floorf((delta + PI) / TWO_PI);
 3095              		.loc 1 422 31 view .LVU853
 3096 00a2 DFED328A 		vldr.32	s17, .L200+28
 3097 00a6 80EE280A 		vdiv.f32	s0, s0, s17
 3098 00aa FFF7FEFF 		bl	floorf
 3099              	.LVL300:
 422:Core/Src/foc_utils.c ****         delta -= TWO_PI * floorf((delta + PI) / TWO_PI);
 3100              		.loc 1 422 29 view .LVU854
 3101 00ae 20EE280A 		vmul.f32	s0, s0, s17
 422:Core/Src/foc_utils.c ****         delta -= TWO_PI * floorf((delta + PI) / TWO_PI);
 3102              		.loc 1 422 19 view .LVU855
 3103 00b2 38EE408A 		vsub.f32	s16, s16, s0
 3104              	.LVL301:
 423:Core/Src/foc_utils.c ****         
 3105              		.loc 1 423 9 is_stmt 1 view .LVU856
 425:Core/Src/foc_utils.c ****         int index = (int)(lut_pos);
 3106              		.loc 1 425 9 view .LVU857
 425:Core/Src/foc_utils.c ****         int index = (int)(lut_pos);
 3107              		.loc 1 425 35 is_stmt 0 view .LVU858
 3108 00b6 C9EE287A 		vdiv.f32	s15, s18, s17
 3109              	.LVL302:
 426:Core/Src/foc_utils.c **** 
 3110              		.loc 1 426 9 is_stmt 1 view .LVU859
 426:Core/Src/foc_utils.c **** 
ARM GAS  /tmp/ccdi9tlu.s 			page 73


 3111              		.loc 1 426 13 is_stmt 0 view .LVU860
 3112 00ba B0EE677A 		vmov.f32	s14, s15
 3113 00be BEEECB7A 		vcvt.s32.f32	s14, s14, #10
 3114 00c2 17EE103A 		vmov	r3, s14	@ int
 3115              	.LVL303:
 428:Core/Src/foc_utils.c ****         index += ERROR_LUT_SIZE;
 3116              		.loc 1 428 9 is_stmt 1 view .LVU861
 428:Core/Src/foc_utils.c ****         index += ERROR_LUT_SIZE;
 3117              		.loc 1 428 15 is_stmt 0 view .LVU862
 3118 00c6 AFE7     		b	.L188
 3119              	.LVL304:
 3120              	.L197:
 428:Core/Src/foc_utils.c ****         index += ERROR_LUT_SIZE;
 3121              		.loc 1 428 15 view .LVU863
 3122              	.LBE12:
 3123              	.LBE10:
 3124              	.LBB13:
 438:Core/Src/foc_utils.c ****         if (error_temp[i] == 0) {
 3125              		.loc 1 438 14 view .LVU864
 3126 00c8 0023     		movs	r3, #0
 3127 00ca 16E0     		b	.L191
 3128              	.LVL305:
 3129              	.L193:
 3130              	.LBB14:
 443:Core/Src/foc_utils.c ****         error_temp[i] = (error_temp[last_i] + error_temp[next_i]) / 2.0f;
 3131              		.loc 1 443 9 is_stmt 1 view .LVU865
 443:Core/Src/foc_utils.c ****         error_temp[i] = (error_temp[last_i] + error_temp[next_i]) / 2.0f;
 3132              		.loc 1 443 12 is_stmt 0 view .LVU866
 3133 00cc B1F5806F 		cmp	r1, #1024
 3134 00d0 26DC     		bgt	.L198
 3135              	.L194:
 444:Core/Src/foc_utils.c ****         }
 3136              		.loc 1 444 9 is_stmt 1 view .LVU867
 444:Core/Src/foc_utils.c ****         }
 3137              		.loc 1 444 36 is_stmt 0 view .LVU868
 3138 00d2 1F4A     		ldr	r2, .L200
 3139 00d4 02EB8000 		add	r0, r2, r0, lsl #2
 3140              	.LVL306:
 444:Core/Src/foc_utils.c ****         }
 3141              		.loc 1 444 36 view .LVU869
 3142 00d8 D0ED007A 		vldr.32	s15, [r0]
 444:Core/Src/foc_utils.c ****         }
 3143              		.loc 1 444 57 view .LVU870
 3144 00dc 02EB8101 		add	r1, r2, r1, lsl #2
 3145              	.LVL307:
 444:Core/Src/foc_utils.c ****         }
 3146              		.loc 1 444 57 view .LVU871
 3147 00e0 91ED007A 		vldr.32	s14, [r1]
 444:Core/Src/foc_utils.c ****         }
 3148              		.loc 1 444 45 view .LVU872
 3149 00e4 77EE877A 		vadd.f32	s15, s15, s14
 444:Core/Src/foc_utils.c ****         }
 3150              		.loc 1 444 67 view .LVU873
 3151 00e8 B6EE007A 		vmov.f32	s14, #5.0e-1
 3152 00ec 67EE877A 		vmul.f32	s15, s15, s14
 444:Core/Src/foc_utils.c ****         }
 3153              		.loc 1 444 23 view .LVU874
ARM GAS  /tmp/ccdi9tlu.s 			page 74


 3154 00f0 02EB8302 		add	r2, r2, r3, lsl #2
 3155 00f4 C2ED007A 		vstr.32	s15, [r2]
 3156              	.L192:
 444:Core/Src/foc_utils.c ****         }
 3157              		.loc 1 444 23 view .LVU875
 3158              	.LBE14:
 438:Core/Src/foc_utils.c ****         if (error_temp[i] == 0) {
 3159              		.loc 1 438 41 is_stmt 1 discriminator 2 view .LVU876
 438:Core/Src/foc_utils.c ****         if (error_temp[i] == 0) {
 3160              		.loc 1 438 42 is_stmt 0 discriminator 2 view .LVU877
 3161 00f8 0133     		adds	r3, r3, #1
 3162              	.LVL308:
 3163              	.L191:
 438:Core/Src/foc_utils.c ****         if (error_temp[i] == 0) {
 3164              		.loc 1 438 21 is_stmt 1 discriminator 1 view .LVU878
 438:Core/Src/foc_utils.c ****         if (error_temp[i] == 0) {
 3165              		.loc 1 438 5 is_stmt 0 discriminator 1 view .LVU879
 3166 00fa B3F5806F 		cmp	r3, #1024
 3167 00fe 12DA     		bge	.L199
 439:Core/Src/foc_utils.c ****         int last_i = i - 1;
 3168              		.loc 1 439 9 is_stmt 1 view .LVU880
 439:Core/Src/foc_utils.c ****         int last_i = i - 1;
 3169              		.loc 1 439 23 is_stmt 0 view .LVU881
 3170 0100 134A     		ldr	r2, .L200
 3171 0102 02EB8302 		add	r2, r2, r3, lsl #2
 3172 0106 D2ED007A 		vldr.32	s15, [r2]
 439:Core/Src/foc_utils.c ****         int last_i = i - 1;
 3173              		.loc 1 439 12 view .LVU882
 3174 010a F5EE407A 		vcmp.f32	s15, #0
 3175 010e F1EE10FA 		vmrs	APSR_nzcv, FPSCR
 3176 0112 F1D1     		bne	.L192
 3177              	.LBB15:
 440:Core/Src/foc_utils.c ****         int next_i = i + 1;
 3178              		.loc 1 440 9 is_stmt 1 view .LVU883
 3179              	.LVL309:
 441:Core/Src/foc_utils.c ****         if (last_i < 0) last_i += ERROR_LUT_SIZE;
 3180              		.loc 1 441 9 view .LVU884
 441:Core/Src/foc_utils.c ****         if (last_i < 0) last_i += ERROR_LUT_SIZE;
 3181              		.loc 1 441 13 is_stmt 0 view .LVU885
 3182 0114 591C     		adds	r1, r3, #1
 3183              	.LVL310:
 442:Core/Src/foc_utils.c ****         if (next_i > ERROR_LUT_SIZE) next_i -= ERROR_LUT_SIZE;
 3184              		.loc 1 442 9 is_stmt 1 view .LVU886
 442:Core/Src/foc_utils.c ****         if (next_i > ERROR_LUT_SIZE) next_i -= ERROR_LUT_SIZE;
 3185              		.loc 1 442 12 is_stmt 0 view .LVU887
 3186 0116 581E     		subs	r0, r3, #1
 3187              	.LVL311:
 442:Core/Src/foc_utils.c ****         if (next_i > ERROR_LUT_SIZE) next_i -= ERROR_LUT_SIZE;
 3188              		.loc 1 442 12 view .LVU888
 3189 0118 D8D5     		bpl	.L193
 442:Core/Src/foc_utils.c ****         if (next_i > ERROR_LUT_SIZE) next_i -= ERROR_LUT_SIZE;
 3190              		.loc 1 442 25 is_stmt 1 discriminator 1 view .LVU889
 442:Core/Src/foc_utils.c ****         if (next_i > ERROR_LUT_SIZE) next_i -= ERROR_LUT_SIZE;
 3191              		.loc 1 442 32 is_stmt 0 discriminator 1 view .LVU890
 3192 011a 03F2FF30 		addw	r0, r3, #1023
 3193              	.LVL312:
 442:Core/Src/foc_utils.c ****         if (next_i > ERROR_LUT_SIZE) next_i -= ERROR_LUT_SIZE;
ARM GAS  /tmp/ccdi9tlu.s 			page 75


 3194              		.loc 1 442 32 discriminator 1 view .LVU891
 3195 011e D5E7     		b	.L193
 3196              	.L198:
 443:Core/Src/foc_utils.c ****         error_temp[i] = (error_temp[last_i] + error_temp[next_i]) / 2.0f;
 3197              		.loc 1 443 38 is_stmt 1 discriminator 1 view .LVU892
 443:Core/Src/foc_utils.c ****         error_temp[i] = (error_temp[last_i] + error_temp[next_i]) / 2.0f;
 3198              		.loc 1 443 45 is_stmt 0 discriminator 1 view .LVU893
 3199 0120 A3F2FF31 		subw	r1, r3, #1023
 3200              	.LVL313:
 443:Core/Src/foc_utils.c ****         error_temp[i] = (error_temp[last_i] + error_temp[next_i]) / 2.0f;
 3201              		.loc 1 443 45 discriminator 1 view .LVU894
 3202 0124 D5E7     		b	.L194
 3203              	.LVL314:
 3204              	.L199:
 443:Core/Src/foc_utils.c ****         error_temp[i] = (error_temp[last_i] + error_temp[next_i]) / 2.0f;
 3205              		.loc 1 443 45 discriminator 1 view .LVU895
 3206              	.LBE15:
 3207              	.LBE13:
 448:Core/Src/foc_utils.c **** 
 3208              		.loc 1 448 5 is_stmt 1 view .LVU896
 3209 0126 4FF48052 		mov	r2, #4096
 3210 012a 0949     		ldr	r1, .L200
 3211 012c 1048     		ldr	r0, .L200+32
 3212 012e FFF7FEFF 		bl	memcpy
 3213              	.LVL315:
 450:Core/Src/foc_utils.c **** 
 3214              		.loc 1 450 5 view .LVU897
 3215 0132 9FED0C0A 		vldr.32	s0, .L200+20
 3216 0136 B0EE401A 		vmov.f32	s2, s0
 3217 013a F0EE400A 		vmov.f32	s1, s0
 3218 013e 2846     		mov	r0, r5
 3219 0140 FFF7FEFF 		bl	open_loop_voltage_control
 3220              	.LVL316:
 452:Core/Src/foc_utils.c **** }
 3221              		.loc 1 452 5 view .LVU898
 452:Core/Src/foc_utils.c **** }
 3222              		.loc 1 452 28 is_stmt 0 view .LVU899
 3223 0144 0123     		movs	r3, #1
 3224 0146 85F84D32 		strb	r3, [r5, #589]
 453:Core/Src/foc_utils.c **** //
 3225              		.loc 1 453 1 view .LVU900
 3226 014a BDEC048B 		vldm	sp!, {d8-d9}
 3227              	.LCFI47:
 3228              		.cfi_restore 82
 3229              		.cfi_restore 83
 3230              		.cfi_restore 80
 3231              		.cfi_restore 81
 3232              		.cfi_def_cfa_offset 16
 3233 014e 38BD     		pop	{r3, r4, r5, pc}
 3234              	.LVL317:
 3235              	.L201:
 453:Core/Src/foc_utils.c **** //
 3236              		.loc 1 453 1 view .LVU901
 3237              		.align	2
 3238              	.L200:
 3239 0150 00000000 		.word	error_temp
 3240 0154 00000000 		.word	.LC3
ARM GAS  /tmp/ccdi9tlu.s 			page 76


 3241 0158 0000B43E 		.word	1051983872
 3242 015c 00100000 		.word	m_config+4096
 3243 0160 35FA8E3C 		.word	1016003125
 3244 0164 00000000 		.word	0
 3245 0168 DA0F4940 		.word	1078530010
 3246 016c DB0FC940 		.word	1086918619
 3247 0170 84000000 		.word	m_config+132
 3248              		.cfi_endproc
 3249              	.LFE161:
 3251              		.section	.rodata.foc_auto_calibration.str1.4,"aMS",%progbits,1
 3252              		.align	2
 3253              	.LC4:
 3254 0000 53746172 		.ascii	"Starting Pole Pairs And Order Phase...\015\000"
 3254      74696E67 
 3254      20506F6C 
 3254      65205061 
 3254      69727320 
 3255              		.global	__aeabi_ddiv
 3256              		.global	__aeabi_d2uiz
 3257              		.align	2
 3258              	.LC5:
 3259 0028 506F6C65 		.ascii	"Pole Pairs: %d\015\012\000"
 3259      20506169 
 3259      72733A20 
 3259      25640D0A 
 3259      00
 3260 0039 000000   		.align	2
 3261              	.LC6:
 3262 003c 50686173 		.ascii	"Phase order & Sensor match (NORMAL)\015\000"
 3262      65206F72 
 3262      64657220 
 3262      26205365 
 3262      6E736F72 
 3263 0061 000000   		.align	2
 3264              	.LC7:
 3265 0064 50686173 		.ascii	"Phase order & Sensor mismatched! Swapping (REVERSE)"
 3265      65206F72 
 3265      64657220 
 3265      26205365 
 3265      6E736F72 
 3266 0097 0D00     		.ascii	"\015\000"
 3267              		.section	.text.foc_auto_calibration,"ax",%progbits
 3268              		.align	1
 3269              		.global	foc_auto_calibration
 3270              		.syntax unified
 3271              		.thumb
 3272              		.thumb_func
 3273              		.fpu fpv4-sp-d16
 3275              	foc_auto_calibration:
 3276              	.LVL318:
 3277              	.LFB163:
 463:Core/Src/foc_utils.c ****     printf("Starting Pole Pairs And Order Phase...\r\n");
 3278              		.loc 1 463 40 is_stmt 1 view -0
 3279              		.cfi_startproc
 3280              		@ args = 0, pretend = 0, frame = 0
 3281              		@ frame_needed = 0, uses_anonymous_args = 0
 463:Core/Src/foc_utils.c ****     printf("Starting Pole Pairs And Order Phase...\r\n");
ARM GAS  /tmp/ccdi9tlu.s 			page 77


 3282              		.loc 1 463 40 is_stmt 0 view .LVU903
 3283 0000 38B5     		push	{r3, r4, r5, lr}
 3284              	.LCFI48:
 3285              		.cfi_def_cfa_offset 16
 3286              		.cfi_offset 3, -16
 3287              		.cfi_offset 4, -12
 3288              		.cfi_offset 5, -8
 3289              		.cfi_offset 14, -4
 3290 0002 2DED028B 		vpush.64	{d8}
 3291              	.LCFI49:
 3292              		.cfi_def_cfa_offset 24
 3293              		.cfi_offset 80, -24
 3294              		.cfi_offset 81, -20
 3295 0006 0546     		mov	r5, r0
 464:Core/Src/foc_utils.c **** 
 3296              		.loc 1 464 5 is_stmt 1 view .LVU904
 3297 0008 4F48     		ldr	r0, .L217+8
 3298              	.LVL319:
 464:Core/Src/foc_utils.c **** 
 3299              		.loc 1 464 5 is_stmt 0 view .LVU905
 3300 000a FFF7FEFF 		bl	puts
 3301              	.LVL320:
 466:Core/Src/foc_utils.c ****     const float W_CAL = TWO_PI / 0.2f; 
 3302              		.loc 1 466 5 is_stmt 1 view .LVU906
 467:Core/Src/foc_utils.c ****     const float SWEEP_TIME_SEC = (SWEEP_CYCLES * TWO_PI) / W_CAL; 
 3303              		.loc 1 467 5 view .LVU907
 468:Core/Src/foc_utils.c ****     const uint32_t step_delay_ms = 5; 
 3304              		.loc 1 468 5 view .LVU908
 469:Core/Src/foc_utils.c ****     const uint32_t total_steps = (uint32_t)(SWEEP_TIME_SEC * 1000.0f / step_delay_ms);
 3305              		.loc 1 469 5 view .LVU909
 470:Core/Src/foc_utils.c **** 
 3306              		.loc 1 470 5 view .LVU910
 473:Core/Src/foc_utils.c ****         ENCODER_GetActualDegree(&encoder);
 3307              		.loc 1 473 4 view .LVU911
 3308              	.LBB16:
 473:Core/Src/foc_utils.c ****         ENCODER_GetActualDegree(&encoder);
 3309              		.loc 1 473 8 view .LVU912
 473:Core/Src/foc_utils.c ****         ENCODER_GetActualDegree(&encoder);
 3310              		.loc 1 473 12 is_stmt 0 view .LVU913
 3311 000e 0024     		movs	r4, #0
 473:Core/Src/foc_utils.c ****         ENCODER_GetActualDegree(&encoder);
 3312              		.loc 1 473 4 view .LVU914
 3313 0010 06E0     		b	.L203
 3314              	.LVL321:
 3315              	.L204:
 474:Core/Src/foc_utils.c ****         osDelay(1); 
 3316              		.loc 1 474 9 is_stmt 1 discriminator 3 view .LVU915
 3317 0012 4E48     		ldr	r0, .L217+12
 3318 0014 FFF7FEFF 		bl	ENCODER_GetActualDegree
 3319              	.LVL322:
 475:Core/Src/foc_utils.c ****     }
 3320              		.loc 1 475 9 discriminator 3 view .LVU916
 3321 0018 0120     		movs	r0, #1
 3322 001a FFF7FEFF 		bl	osDelay
 3323              	.LVL323:
 473:Core/Src/foc_utils.c ****         ENCODER_GetActualDegree(&encoder);
 3324              		.loc 1 473 27 discriminator 3 view .LVU917
ARM GAS  /tmp/ccdi9tlu.s 			page 78


 473:Core/Src/foc_utils.c ****         ENCODER_GetActualDegree(&encoder);
 3325              		.loc 1 473 28 is_stmt 0 discriminator 3 view .LVU918
 3326 001e 0134     		adds	r4, r4, #1
 3327              	.LVL324:
 3328              	.L203:
 473:Core/Src/foc_utils.c ****         ENCODER_GetActualDegree(&encoder);
 3329              		.loc 1 473 19 is_stmt 1 discriminator 1 view .LVU919
 473:Core/Src/foc_utils.c ****         ENCODER_GetActualDegree(&encoder);
 3330              		.loc 1 473 4 is_stmt 0 discriminator 1 view .LVU920
 3331 0020 312C     		cmp	r4, #49
 3332 0022 F6DD     		ble	.L204
 3333              	.LBE16:
 478:Core/Src/foc_utils.c **** 
 3334              		.loc 1 478 5 is_stmt 1 view .LVU921
 3335 0024 9FED4A8A 		vldr.32	s16, .L217+16
 3336 0028 B0EE481A 		vmov.f32	s2, s16
 3337 002c F0EE480A 		vmov.f32	s1, s16
 3338 0030 484B     		ldr	r3, .L217+20
 3339 0032 93ED220A 		vldr.32	s0, [r3, #136]
 3340 0036 2846     		mov	r0, r5
 3341 0038 FFF7FEFF 		bl	open_loop_voltage_control
 3342              	.LVL325:
 480:Core/Src/foc_utils.c ****     
 3343              		.loc 1 480 5 view .LVU922
 3344 003c 4FF47A70 		mov	r0, #1000
 3345 0040 FFF7FEFF 		bl	osDelay
 3346              	.LVL326:
 483:Core/Src/foc_utils.c ****     encoder.output_prev_angle = encoder.angle_filtered; // Góc thô sau khi lọc nội bộ
 3347              		.loc 1 483 5 view .LVU923
 483:Core/Src/foc_utils.c ****     encoder.output_prev_angle = encoder.angle_filtered; // Góc thô sau khi lọc nội bộ
 3348              		.loc 1 483 30 is_stmt 0 view .LVU924
 3349 0044 4148     		ldr	r0, .L217+12
 3350 0046 80ED178A 		vstr.32	s16, [r0, #92]
 484:Core/Src/foc_utils.c ****     encoder.output_angle_filtered = encoder.angle_filtered; // Ép biến actual nhảy thẳng đ�
 3351              		.loc 1 484 5 is_stmt 1 view .LVU925
 484:Core/Src/foc_utils.c ****     encoder.output_angle_filtered = encoder.angle_filtered; // Ép biến actual nhảy thẳng đ�
 3352              		.loc 1 484 40 is_stmt 0 view .LVU926
 3353 004a 436B     		ldr	r3, [r0, #52]	@ float
 484:Core/Src/foc_utils.c ****     encoder.output_angle_filtered = encoder.angle_filtered; // Ép biến actual nhảy thẳng đ�
 3354              		.loc 1 484 31 view .LVU927
 3355 004c 8365     		str	r3, [r0, #88]	@ float
 485:Core/Src/foc_utils.c **** 
 3356              		.loc 1 485 5 is_stmt 1 view .LVU928
 485:Core/Src/foc_utils.c **** 
 3357              		.loc 1 485 35 is_stmt 0 view .LVU929
 3358 004e 0366     		str	r3, [r0, #96]	@ float
 488:Core/Src/foc_utils.c ****     
 3359              		.loc 1 488 5 is_stmt 1 view .LVU930
 488:Core/Src/foc_utils.c ****     
 3360              		.loc 1 488 32 is_stmt 0 view .LVU931
 3361 0050 FFF7FEFF 		bl	ENCODER_GetActualDegree
 3362              	.LVL327:
 3363 0054 F0EE408A 		vmov.f32	s17, s0
 3364              	.LVL328:
 493:Core/Src/foc_utils.c ****         float elapsed_sec = (float)i * step_delay_ms / 1000.0f; 
 3365              		.loc 1 493 5 is_stmt 1 view .LVU932
 3366              	.LBB17:
ARM GAS  /tmp/ccdi9tlu.s 			page 79


 493:Core/Src/foc_utils.c ****         float elapsed_sec = (float)i * step_delay_ms / 1000.0f; 
 3367              		.loc 1 493 10 view .LVU933
 493:Core/Src/foc_utils.c ****         float elapsed_sec = (float)i * step_delay_ms / 1000.0f; 
 3368              		.loc 1 493 19 is_stmt 0 view .LVU934
 3369 0058 0024     		movs	r4, #0
 3370              	.LVL329:
 493:Core/Src/foc_utils.c ****         float elapsed_sec = (float)i * step_delay_ms / 1000.0f; 
 3371              		.loc 1 493 5 view .LVU935
 3372 005a 1EE0     		b	.L205
 3373              	.LVL330:
 3374              	.L206:
 3375              	.LBB18:
 494:Core/Src/foc_utils.c ****         float elec_angle = W_CAL * elapsed_sec;
 3376              		.loc 1 494 9 is_stmt 1 discriminator 3 view .LVU936
 494:Core/Src/foc_utils.c ****         float elec_angle = W_CAL * elapsed_sec;
 3377              		.loc 1 494 29 is_stmt 0 discriminator 3 view .LVU937
 3378 005c 07EE904A 		vmov	s15, r4	@ int
 3379 0060 F8EE677A 		vcvt.f32.u32	s15, s15
 494:Core/Src/foc_utils.c ****         float elec_angle = W_CAL * elapsed_sec;
 3380              		.loc 1 494 38 discriminator 3 view .LVU938
 3381 0064 B1EE047A 		vmov.f32	s14, #5.0e+0
 3382 0068 67EE877A 		vmul.f32	s15, s15, s14
 494:Core/Src/foc_utils.c ****         float elec_angle = W_CAL * elapsed_sec;
 3383              		.loc 1 494 15 discriminator 3 view .LVU939
 3384 006c 9FED3A7A 		vldr.32	s14, .L217+24
 3385 0070 87EE871A 		vdiv.f32	s2, s15, s14
 3386              	.LVL331:
 495:Core/Src/foc_utils.c ****         open_loop_voltage_control(hfoc, VD_CAL, 0.0f, elec_angle);
 3387              		.loc 1 495 9 is_stmt 1 discriminator 3 view .LVU940
 496:Core/Src/foc_utils.c ****         ENCODER_GetActualDegree(&encoder); 
 3388              		.loc 1 496 9 discriminator 3 view .LVU941
 3389 0074 DFED397A 		vldr.32	s15, .L217+28
 3390 0078 21EE271A 		vmul.f32	s2, s2, s15
 3391              	.LVL332:
 496:Core/Src/foc_utils.c ****         ENCODER_GetActualDegree(&encoder); 
 3392              		.loc 1 496 9 is_stmt 0 discriminator 3 view .LVU942
 3393 007c DFED340A 		vldr.32	s1, .L217+16
 3394 0080 344B     		ldr	r3, .L217+20
 3395 0082 93ED220A 		vldr.32	s0, [r3, #136]
 3396 0086 2846     		mov	r0, r5
 3397 0088 FFF7FEFF 		bl	open_loop_voltage_control
 3398              	.LVL333:
 497:Core/Src/foc_utils.c ****         osDelay(step_delay_ms); 
 3399              		.loc 1 497 9 is_stmt 1 discriminator 3 view .LVU943
 3400 008c 2F48     		ldr	r0, .L217+12
 3401 008e FFF7FEFF 		bl	ENCODER_GetActualDegree
 3402              	.LVL334:
 498:Core/Src/foc_utils.c ****     }
 3403              		.loc 1 498 9 discriminator 3 view .LVU944
 3404 0092 0520     		movs	r0, #5
 3405 0094 FFF7FEFF 		bl	osDelay
 3406              	.LVL335:
 3407              	.LBE18:
 493:Core/Src/foc_utils.c ****         float elapsed_sec = (float)i * step_delay_ms / 1000.0f; 
 3408              		.loc 1 493 43 discriminator 3 view .LVU945
 493:Core/Src/foc_utils.c ****         float elapsed_sec = (float)i * step_delay_ms / 1000.0f; 
 3409              		.loc 1 493 44 is_stmt 0 discriminator 3 view .LVU946
ARM GAS  /tmp/ccdi9tlu.s 			page 80


 3410 0098 0134     		adds	r4, r4, #1
 3411              	.LVL336:
 3412              	.L205:
 493:Core/Src/foc_utils.c ****         float elapsed_sec = (float)i * step_delay_ms / 1000.0f; 
 3413              		.loc 1 493 26 is_stmt 1 discriminator 1 view .LVU947
 493:Core/Src/foc_utils.c ****         float elapsed_sec = (float)i * step_delay_ms / 1000.0f; 
 3414              		.loc 1 493 5 is_stmt 0 discriminator 1 view .LVU948
 3415 009a B4F5487F 		cmp	r4, #800
 3416 009e DDD3     		bcc	.L206
 3417              	.LBE17:
 502:Core/Src/foc_utils.c ****     
 3418              		.loc 1 502 5 is_stmt 1 view .LVU949
 502:Core/Src/foc_utils.c ****     
 3419              		.loc 1 502 30 is_stmt 0 view .LVU950
 3420 00a0 2A48     		ldr	r0, .L217+12
 3421 00a2 FFF7FEFF 		bl	ENCODER_GetActualDegree
 3422              	.LVL337:
 3423 00a6 B0EE408A 		vmov.f32	s16, s0
 3424              	.LVL338:
 506:Core/Src/foc_utils.c ****     
 3425              		.loc 1 506 5 is_stmt 1 view .LVU951
 3426 00aa 9FED290A 		vldr.32	s0, .L217+16
 3427              	.LVL339:
 506:Core/Src/foc_utils.c ****     
 3428              		.loc 1 506 5 is_stmt 0 view .LVU952
 3429 00ae B0EE401A 		vmov.f32	s2, s0
 3430 00b2 F0EE400A 		vmov.f32	s1, s0
 3431 00b6 2846     		mov	r0, r5
 3432 00b8 FFF7FEFF 		bl	open_loop_voltage_control
 3433              	.LVL340:
 509:Core/Src/foc_utils.c ****     
 3434              		.loc 1 509 5 is_stmt 1 view .LVU953
 509:Core/Src/foc_utils.c ****     
 3435              		.loc 1 509 11 is_stmt 0 view .LVU954
 3436 00bc 38EE688A 		vsub.f32	s16, s16, s17
 3437              	.LVL341:
 511:Core/Src/foc_utils.c ****         PPAIRS = round((SWEEP_CYCLES * 360.0f) / fabs(delta_mech));
 3438              		.loc 1 511 5 is_stmt 1 view .LVU955
 511:Core/Src/foc_utils.c ****         PPAIRS = round((SWEEP_CYCLES * 360.0f) / fabs(delta_mech));
 3439              		.loc 1 511 9 is_stmt 0 view .LVU956
 3440 00c0 F0EEC87A 		vabs.f32	s15, s16
 511:Core/Src/foc_utils.c ****         PPAIRS = round((SWEEP_CYCLES * 360.0f) / fabs(delta_mech));
 3441              		.loc 1 511 8 view .LVU957
 3442 00c4 9FED267A 		vldr.32	s14, .L217+32
 3443 00c8 F4EEC77A 		vcmpe.f32	s15, s14
 3444 00cc F1EE10FA 		vmrs	APSR_nzcv, FPSCR
 3445 00d0 11DC     		bgt	.L216
 3446              	.L207:
 517:Core/Src/foc_utils.c ****         DIR_PHASE = NORMAL_DIR;
 3447              		.loc 1 517 5 is_stmt 1 view .LVU958
 517:Core/Src/foc_utils.c ****         DIR_PHASE = NORMAL_DIR;
 3448              		.loc 1 517 8 is_stmt 0 view .LVU959
 3449 00d2 B5EEC08A 		vcmpe.f32	s16, #0
 3450 00d6 F1EE10FA 		vmrs	APSR_nzcv, FPSCR
 3451 00da 27DD     		ble	.L214
 518:Core/Src/foc_utils.c ****         printf("Phase order & Sensor match (NORMAL)\r\n");
 3452              		.loc 1 518 9 is_stmt 1 view .LVU960
ARM GAS  /tmp/ccdi9tlu.s 			page 81


 518:Core/Src/foc_utils.c ****         printf("Phase order & Sensor match (NORMAL)\r\n");
 3453              		.loc 1 518 19 is_stmt 0 view .LVU961
 3454 00dc 1D4B     		ldr	r3, .L217+20
 3455 00de 0022     		movs	r2, #0
 3456 00e0 83F88D20 		strb	r2, [r3, #141]
 519:Core/Src/foc_utils.c ****     } else {
 3457              		.loc 1 519 9 is_stmt 1 view .LVU962
 3458 00e4 1F48     		ldr	r0, .L217+36
 3459 00e6 FFF7FEFF 		bl	puts
 3460              	.LVL342:
 3461              	.L211:
 525:Core/Src/foc_utils.c ****     
 3462              		.loc 1 525 5 view .LVU963
 525:Core/Src/foc_utils.c ****     
 3463              		.loc 1 525 27 is_stmt 0 view .LVU964
 3464 00ea 0123     		movs	r3, #1
 3465 00ec 85F84C32 		strb	r3, [r5, #588]
 527:Core/Src/foc_utils.c **** //
 3466              		.loc 1 527 1 view .LVU965
 3467 00f0 BDEC028B 		vldm	sp!, {d8}
 3468              	.LCFI50:
 3469              		.cfi_remember_state
 3470              		.cfi_restore 80
 3471              		.cfi_restore 81
 3472              		.cfi_def_cfa_offset 16
 3473              	.LVL343:
 527:Core/Src/foc_utils.c **** //
 3474              		.loc 1 527 1 view .LVU966
 3475 00f4 38BD     		pop	{r3, r4, r5, pc}
 3476              	.LVL344:
 3477              	.L216:
 3478              	.LCFI51:
 3479              		.cfi_restore_state
 512:Core/Src/foc_utils.c ****         printf("Pole Pairs: %d\r\n", PPAIRS);
 3480              		.loc 1 512 9 is_stmt 1 view .LVU967
 512:Core/Src/foc_utils.c ****         printf("Pole Pairs: %d\r\n", PPAIRS);
 3481              		.loc 1 512 50 is_stmt 0 view .LVU968
 3482 00f6 17EE900A 		vmov	r0, s15
 3483 00fa FFF7FEFF 		bl	__aeabi_f2d
 3484              	.LVL345:
 3485 00fe 0246     		mov	r2, r0
 3486 0100 0B46     		mov	r3, r1
 512:Core/Src/foc_utils.c ****         printf("Pole Pairs: %d\r\n", PPAIRS);
 3487              		.loc 1 512 18 view .LVU969
 3488 0102 0FA1     		adr	r1, .L217
 3489 0104 D1E90001 		ldrd	r0, [r1]
 3490 0108 FFF7FEFF 		bl	__aeabi_ddiv
 3491              	.LVL346:
 3492 010c 41EC100B 		vmov	d0, r0, r1
 3493 0110 FFF7FEFF 		bl	round
 3494              	.LVL347:
 3495 0114 51EC100B 		vmov	r0, r1, d0
 512:Core/Src/foc_utils.c ****         printf("Pole Pairs: %d\r\n", PPAIRS);
 3496              		.loc 1 512 16 view .LVU970
 3497 0118 FFF7FEFF 		bl	__aeabi_d2uiz
 3498              	.LVL348:
 3499 011c C1B2     		uxtb	r1, r0
ARM GAS  /tmp/ccdi9tlu.s 			page 82


 3500 011e 0D4B     		ldr	r3, .L217+20
 3501 0120 83F88C10 		strb	r1, [r3, #140]
 513:Core/Src/foc_utils.c ****     }
 3502              		.loc 1 513 9 is_stmt 1 view .LVU971
 3503 0124 1048     		ldr	r0, .L217+40
 3504 0126 FFF7FEFF 		bl	printf
 3505              	.LVL349:
 3506 012a D2E7     		b	.L207
 3507              	.L214:
 521:Core/Src/foc_utils.c ****         printf("Phase order & Sensor mismatched! Swapping (REVERSE)\r\n");
 3508              		.loc 1 521 9 view .LVU972
 521:Core/Src/foc_utils.c ****         printf("Phase order & Sensor mismatched! Swapping (REVERSE)\r\n");
 3509              		.loc 1 521 19 is_stmt 0 view .LVU973
 3510 012c 094B     		ldr	r3, .L217+20
 3511 012e 0122     		movs	r2, #1
 3512 0130 83F88D20 		strb	r2, [r3, #141]
 522:Core/Src/foc_utils.c ****     }
 3513              		.loc 1 522 9 is_stmt 1 view .LVU974
 3514 0134 0D48     		ldr	r0, .L217+44
 3515 0136 FFF7FEFF 		bl	puts
 3516              	.LVL350:
 3517 013a D6E7     		b	.L211
 3518              	.L218:
 3519 013c AFF30080 		.align	3
 3520              	.L217:
 3521 0140 00000000 		.word	0
 3522 0144 0020BC40 		.word	1086070784
 3523 0148 00000000 		.word	.LC4
 3524 014c 00000000 		.word	encoder
 3525 0150 00000000 		.word	0
 3526 0154 00100000 		.word	m_config+4096
 3527 0158 00007A44 		.word	1148846080
 3528 015c D253FB41 		.word	1106990034
 3529 0160 CDCCCC3D 		.word	1036831949
 3530 0164 3C000000 		.word	.LC6
 3531 0168 28000000 		.word	.LC5
 3532 016c 64000000 		.word	.LC7
 3533              		.cfi_endproc
 3534              	.LFE163:
 3536              		.section	.text.meas_inj_dq_process,"ax",%progbits
 3537              		.align	1
 3538              		.global	meas_inj_dq_process
 3539              		.syntax unified
 3540              		.thumb
 3541              		.thumb_func
 3542              		.fpu fpv4-sp-d16
 3544              	meas_inj_dq_process:
 3545              	.LVL351:
 3546              	.LFB164:
 530:Core/Src/foc_utils.c ****     const uint32_t wt = 256; // waiting time
 3547              		.loc 1 530 49 view -0
 3548              		.cfi_startproc
 3549              		@ args = 0, pretend = 0, frame = 16
 3550              		@ frame_needed = 0, uses_anonymous_args = 0
 531:Core/Src/foc_utils.c **** 
 3551              		.loc 1 531 5 view .LVU976
 533:Core/Src/foc_utils.c ****         float vd = 0.0f, vq = 0.0f;
ARM GAS  /tmp/ccdi9tlu.s 			page 83


 3552              		.loc 1 533 5 view .LVU977
 533:Core/Src/foc_utils.c ****         float vd = 0.0f, vq = 0.0f;
 3553              		.loc 1 533 13 is_stmt 0 view .LVU978
 3554 0000 90F85030 		ldrb	r3, [r0, #80]	@ zero_extendqisi2
 533:Core/Src/foc_utils.c ****         float vd = 0.0f, vq = 0.0f;
 3555              		.loc 1 533 8 view .LVU979
 3556 0004 002B     		cmp	r3, #0
 3557 0006 00F09680 		beq	.L229
 530:Core/Src/foc_utils.c ****     const uint32_t wt = 256; // waiting time
 3558              		.loc 1 530 49 view .LVU980
 3559 000a 10B5     		push	{r4, lr}
 3560              	.LCFI52:
 3561              		.cfi_def_cfa_offset 8
 3562              		.cfi_offset 4, -8
 3563              		.cfi_offset 14, -4
 3564 000c 2DED048B 		vpush.64	{d8, d9}
 3565              	.LCFI53:
 3566              		.cfi_def_cfa_offset 24
 3567              		.cfi_offset 80, -24
 3568              		.cfi_offset 81, -20
 3569              		.cfi_offset 82, -16
 3570              		.cfi_offset 83, -12
 3571 0010 84B0     		sub	sp, sp, #16
 3572              	.LCFI54:
 3573              		.cfi_def_cfa_offset 40
 3574 0012 0446     		mov	r4, r0
 3575              	.LBB19:
 534:Core/Src/foc_utils.c ****         if (hfoc->meas_inj_target == RS) {
 3576              		.loc 1 534 9 is_stmt 1 view .LVU981
 3577              	.LVL352:
 535:Core/Src/foc_utils.c ****             vd = hfoc->meas_inj_amp;
 3578              		.loc 1 535 9 view .LVU982
 535:Core/Src/foc_utils.c ****             vd = hfoc->meas_inj_amp;
 3579              		.loc 1 535 17 is_stmt 0 view .LVU983
 3580 0014 90F84830 		ldrb	r3, [r0, #72]	@ zero_extendqisi2
 535:Core/Src/foc_utils.c ****             vd = hfoc->meas_inj_amp;
 3581              		.loc 1 535 12 view .LVU984
 3582 0018 002B     		cmp	r3, #0
 3583 001a 42D1     		bne	.L221
 536:Core/Src/foc_utils.c ****             vq = 0.0f;
 3584              		.loc 1 536 13 is_stmt 1 view .LVU985
 536:Core/Src/foc_utils.c ****             vq = 0.0f;
 3585              		.loc 1 536 16 is_stmt 0 view .LVU986
 3586 001c 90ED108A 		vldr.32	s16, [r0, #64]
 3587              	.LVL353:
 537:Core/Src/foc_utils.c ****         }
 3588              		.loc 1 537 13 is_stmt 1 view .LVU987
 537:Core/Src/foc_utils.c ****         }
 3589              		.loc 1 537 16 is_stmt 0 view .LVU988
 3590 0020 9FED459A 		vldr.32	s18, .L234
 3591              	.LVL354:
 3592              	.L222:
 553:Core/Src/foc_utils.c **** 
 3593              		.loc 1 553 9 is_stmt 1 view .LVU989
 555:Core/Src/foc_utils.c **** 
 3594              		.loc 1 555 9 view .LVU990
 3595 0024 DFED448A 		vldr.32	s17, .L234
ARM GAS  /tmp/ccdi9tlu.s 			page 84


 3596 0028 B0EE681A 		vmov.f32	s2, s17
 3597 002c F0EE490A 		vmov.f32	s1, s18
 3598 0030 B0EE480A 		vmov.f32	s0, s16
 3599 0034 2046     		mov	r0, r4
 3600 0036 FFF7FEFF 		bl	open_loop_voltage_control
 3601              	.LVL355:
 557:Core/Src/foc_utils.c **** 
 3602              		.loc 1 557 9 view .LVU991
 3603 003a 04F1A403 		add	r3, r4, #164
 3604 003e 04F1A002 		add	r2, r4, #160
 3605 0042 04F19C01 		add	r1, r4, #156
 3606 0046 2046     		mov	r0, r4
 3607 0048 FFF7FEFF 		bl	DRV8323_Get_Current
 3608              	.LVL356:
 559:Core/Src/foc_utils.c ****         float id, iq;
 3609              		.loc 1 559 9 view .LVU992
 560:Core/Src/foc_utils.c ****         pre_calc_sin_cos(theta_e, &sin_theta, &cos_theta);
 3610              		.loc 1 560 9 view .LVU993
 561:Core/Src/foc_utils.c ****         clarke_park_transform(hfoc->ia, hfoc->ib, sin_theta, cos_theta, &id, &iq);
 3611              		.loc 1 561 9 view .LVU994
 3612 004c 01A9     		add	r1, sp, #4
 3613 004e 6846     		mov	r0, sp
 3614 0050 B0EE680A 		vmov.f32	s0, s17
 3615 0054 FFF7FEFF 		bl	pre_calc_sin_cos
 3616              	.LVL357:
 562:Core/Src/foc_utils.c **** 
 3617              		.loc 1 562 9 view .LVU995
 3618 0058 03A9     		add	r1, sp, #12
 3619 005a 02A8     		add	r0, sp, #8
 3620 005c DDED011A 		vldr.32	s3, [sp, #4]
 3621 0060 9DED001A 		vldr.32	s2, [sp]
 3622 0064 D4ED280A 		vldr.32	s1, [r4, #160]
 3623 0068 94ED270A 		vldr.32	s0, [r4, #156]
 3624 006c FFF7FEFF 		bl	clarke_park_transform
 3625              	.LVL358:
 564:Core/Src/foc_utils.c ****             if (hfoc->meas_inj_target == RS || hfoc->meas_inj_target == LD) {
 3626              		.loc 1 564 9 view .LVU996
 564:Core/Src/foc_utils.c ****             if (hfoc->meas_inj_target == RS || hfoc->meas_inj_target == LD) {
 3627              		.loc 1 564 17 is_stmt 0 view .LVU997
 3628 0070 E36C     		ldr	r3, [r4, #76]
 564:Core/Src/foc_utils.c ****             if (hfoc->meas_inj_target == RS || hfoc->meas_inj_target == LD) {
 3629              		.loc 1 564 12 view .LVU998
 3630 0072 FF2B     		cmp	r3, #255
 3631 0074 47D9     		bls	.L223
 565:Core/Src/foc_utils.c ****                 Vd_buff[hfoc->meas_inj_n - wt] = vd;
 3632              		.loc 1 565 13 is_stmt 1 view .LVU999
 565:Core/Src/foc_utils.c ****                 Vd_buff[hfoc->meas_inj_n - wt] = vd;
 3633              		.loc 1 565 21 is_stmt 0 view .LVU1000
 3634 0076 94F84820 		ldrb	r2, [r4, #72]	@ zero_extendqisi2
 565:Core/Src/foc_utils.c ****                 Vd_buff[hfoc->meas_inj_n - wt] = vd;
 3635              		.loc 1 565 16 view .LVU1001
 3636 007a 012A     		cmp	r2, #1
 3637 007c 34D9     		bls	.L232
 569:Core/Src/foc_utils.c ****                 Vq_buff[hfoc->meas_inj_n - wt] = vq;
 3638              		.loc 1 569 18 is_stmt 1 view .LVU1002
 569:Core/Src/foc_utils.c ****                 Vq_buff[hfoc->meas_inj_n - wt] = vq;
 3639              		.loc 1 569 21 is_stmt 0 view .LVU1003
ARM GAS  /tmp/ccdi9tlu.s 			page 85


 3640 007e 022A     		cmp	r2, #2
 3641 0080 41D1     		bne	.L223
 570:Core/Src/foc_utils.c ****                 Iq_buff[hfoc->meas_inj_n - wt] = iq;
 3642              		.loc 1 570 17 is_stmt 1 view .LVU1004
 570:Core/Src/foc_utils.c ****                 Iq_buff[hfoc->meas_inj_n - wt] = iq;
 3643              		.loc 1 570 42 is_stmt 0 view .LVU1005
 3644 0082 A3F58073 		sub	r3, r3, #256
 570:Core/Src/foc_utils.c ****                 Iq_buff[hfoc->meas_inj_n - wt] = iq;
 3645              		.loc 1 570 48 view .LVU1006
 3646 0086 2D4A     		ldr	r2, .L234+4
 3647 0088 02EB8303 		add	r3, r2, r3, lsl #2
 3648 008c 83ED009A 		vstr.32	s18, [r3]
 571:Core/Src/foc_utils.c ****             }
 3649              		.loc 1 571 17 is_stmt 1 view .LVU1007
 571:Core/Src/foc_utils.c ****             }
 3650              		.loc 1 571 29 is_stmt 0 view .LVU1008
 3651 0090 E36C     		ldr	r3, [r4, #76]
 571:Core/Src/foc_utils.c ****             }
 3652              		.loc 1 571 42 view .LVU1009
 3653 0092 A3F58072 		sub	r2, r3, #256
 571:Core/Src/foc_utils.c ****             }
 3654              		.loc 1 571 48 view .LVU1010
 3655 0096 2A4B     		ldr	r3, .L234+8
 3656 0098 03EB8203 		add	r3, r3, r2, lsl #2
 3657 009c 039A     		ldr	r2, [sp, #12]	@ float
 3658 009e 1A60     		str	r2, [r3]	@ float
 3659 00a0 31E0     		b	.L223
 3660              	.LVL359:
 3661              	.L221:
 3662              	.LBB20:
 540:Core/Src/foc_utils.c ****             float v_inj = hfoc->meas_inj_amp * fast_sin(angle);
 3663              		.loc 1 540 13 is_stmt 1 view .LVU1011
 540:Core/Src/foc_utils.c ****             float v_inj = hfoc->meas_inj_amp * fast_sin(angle);
 3664              		.loc 1 540 31 is_stmt 0 view .LVU1012
 3665 00a2 90ED117A 		vldr.32	s14, [r0, #68]
 540:Core/Src/foc_utils.c ****             float v_inj = hfoc->meas_inj_amp * fast_sin(angle);
 3666              		.loc 1 540 48 view .LVU1013
 3667 00a6 D0ED137A 		vldr.32	s15, [r0, #76]	@ int
 3668 00aa F8EEE77A 		vcvt.f32.s32	s15, s15
 3669 00ae 67EE877A 		vmul.f32	s15, s15, s14
 3670              	.LVL360:
 541:Core/Src/foc_utils.c ****             if (hfoc->meas_inj_target == LD) {
 3671              		.loc 1 541 13 is_stmt 1 view .LVU1014
 541:Core/Src/foc_utils.c ****             if (hfoc->meas_inj_target == LD) {
 3672              		.loc 1 541 31 is_stmt 0 view .LVU1015
 3673 00b2 90ED108A 		vldr.32	s16, [r0, #64]
 541:Core/Src/foc_utils.c ****             if (hfoc->meas_inj_target == LD) {
 3674              		.loc 1 541 48 view .LVU1016
 3675 00b6 27EE800A 		vmul.f32	s0, s15, s0
 3676              	.LVL361:
 541:Core/Src/foc_utils.c ****             if (hfoc->meas_inj_target == LD) {
 3677              		.loc 1 541 48 view .LVU1017
 3678 00ba FFF7FEFF 		bl	fast_sin
 3679              	.LVL362:
 541:Core/Src/foc_utils.c ****             if (hfoc->meas_inj_target == LD) {
 3680              		.loc 1 541 19 view .LVU1018
 3681 00be 28EE008A 		vmul.f32	s16, s16, s0
ARM GAS  /tmp/ccdi9tlu.s 			page 86


 3682              	.LVL363:
 542:Core/Src/foc_utils.c ****                 vd = v_inj;
 3683              		.loc 1 542 13 is_stmt 1 view .LVU1019
 542:Core/Src/foc_utils.c ****                 vd = v_inj;
 3684              		.loc 1 542 21 is_stmt 0 view .LVU1020
 3685 00c2 94F84830 		ldrb	r3, [r4, #72]	@ zero_extendqisi2
 542:Core/Src/foc_utils.c ****                 vd = v_inj;
 3686              		.loc 1 542 16 view .LVU1021
 3687 00c6 012B     		cmp	r3, #1
 3688 00c8 06D0     		beq	.L226
 546:Core/Src/foc_utils.c ****                 vd = 0.0f;
 3689              		.loc 1 546 18 is_stmt 1 view .LVU1022
 546:Core/Src/foc_utils.c ****                 vd = 0.0f;
 3690              		.loc 1 546 21 is_stmt 0 view .LVU1023
 3691 00ca 022B     		cmp	r3, #2
 3692 00cc 07D0     		beq	.L227
 3693              	.LBE20:
 534:Core/Src/foc_utils.c ****         if (hfoc->meas_inj_target == RS) {
 3694              		.loc 1 534 26 view .LVU1024
 3695 00ce 9FED1A9A 		vldr.32	s18, .L234
 534:Core/Src/foc_utils.c ****         if (hfoc->meas_inj_target == RS) {
 3696              		.loc 1 534 15 view .LVU1025
 3697 00d2 B0EE498A 		vmov.f32	s16, s18
 3698              	.LVL364:
 534:Core/Src/foc_utils.c ****         if (hfoc->meas_inj_target == RS) {
 3699              		.loc 1 534 15 view .LVU1026
 3700 00d6 A5E7     		b	.L222
 3701              	.LVL365:
 3702              	.L226:
 3703              	.LBB21:
 544:Core/Src/foc_utils.c ****             }
 3704              		.loc 1 544 20 view .LVU1027
 3705 00d8 9FED179A 		vldr.32	s18, .L234
 3706 00dc A2E7     		b	.L222
 3707              	.L227:
 548:Core/Src/foc_utils.c ****             }
 3708              		.loc 1 548 20 view .LVU1028
 3709 00de B0EE489A 		vmov.f32	s18, s16
 547:Core/Src/foc_utils.c ****                 vq = v_inj;
 3710              		.loc 1 547 20 view .LVU1029
 3711 00e2 9FED158A 		vldr.32	s16, .L234
 3712              	.LVL366:
 547:Core/Src/foc_utils.c ****                 vq = v_inj;
 3713              		.loc 1 547 20 view .LVU1030
 3714 00e6 9DE7     		b	.L222
 3715              	.LVL367:
 3716              	.L232:
 547:Core/Src/foc_utils.c ****                 vq = v_inj;
 3717              		.loc 1 547 20 view .LVU1031
 3718              	.LBE21:
 566:Core/Src/foc_utils.c ****                 Id_buff[hfoc->meas_inj_n - wt] = id;
 3719              		.loc 1 566 17 is_stmt 1 view .LVU1032
 566:Core/Src/foc_utils.c ****                 Id_buff[hfoc->meas_inj_n - wt] = id;
 3720              		.loc 1 566 42 is_stmt 0 view .LVU1033
 3721 00e8 A3F58073 		sub	r3, r3, #256
 566:Core/Src/foc_utils.c ****                 Id_buff[hfoc->meas_inj_n - wt] = id;
 3722              		.loc 1 566 48 view .LVU1034
ARM GAS  /tmp/ccdi9tlu.s 			page 87


 3723 00ec 154A     		ldr	r2, .L234+12
 3724 00ee 02EB8303 		add	r3, r2, r3, lsl #2
 3725 00f2 83ED008A 		vstr.32	s16, [r3]
 567:Core/Src/foc_utils.c ****             }
 3726              		.loc 1 567 17 is_stmt 1 view .LVU1035
 567:Core/Src/foc_utils.c ****             }
 3727              		.loc 1 567 29 is_stmt 0 view .LVU1036
 3728 00f6 E36C     		ldr	r3, [r4, #76]
 567:Core/Src/foc_utils.c ****             }
 3729              		.loc 1 567 42 view .LVU1037
 3730 00f8 A3F58072 		sub	r2, r3, #256
 567:Core/Src/foc_utils.c ****             }
 3731              		.loc 1 567 48 view .LVU1038
 3732 00fc 124B     		ldr	r3, .L234+16
 3733 00fe 03EB8203 		add	r3, r3, r2, lsl #2
 3734 0102 029A     		ldr	r2, [sp, #8]	@ float
 3735 0104 1A60     		str	r2, [r3]	@ float
 3736              	.L223:
 575:Core/Src/foc_utils.c ****         if (hfoc->meas_inj_n >= (MAX_I_SAMPLE + wt)) {
 3737              		.loc 1 575 9 is_stmt 1 view .LVU1039
 575:Core/Src/foc_utils.c ****         if (hfoc->meas_inj_n >= (MAX_I_SAMPLE + wt)) {
 3738              		.loc 1 575 13 is_stmt 0 view .LVU1040
 3739 0106 E36C     		ldr	r3, [r4, #76]
 575:Core/Src/foc_utils.c ****         if (hfoc->meas_inj_n >= (MAX_I_SAMPLE + wt)) {
 3740              		.loc 1 575 25 view .LVU1041
 3741 0108 0133     		adds	r3, r3, #1
 3742 010a E364     		str	r3, [r4, #76]
 576:Core/Src/foc_utils.c ****             hfoc->meas_inj_n = 0;
 3743              		.loc 1 576 9 is_stmt 1 view .LVU1042
 576:Core/Src/foc_utils.c ****             hfoc->meas_inj_n = 0;
 3744              		.loc 1 576 12 is_stmt 0 view .LVU1043
 3745 010c B3F5C07F 		cmp	r3, #384
 3746 0110 03D2     		bcs	.L233
 3747              	.L219:
 3748              	.LBE19:
 582:Core/Src/foc_utils.c **** 
 3749              		.loc 1 582 1 view .LVU1044
 3750 0112 04B0     		add	sp, sp, #16
 3751              	.LCFI55:
 3752              		.cfi_remember_state
 3753              		.cfi_def_cfa_offset 24
 3754              		@ sp needed
 3755 0114 BDEC048B 		vldm	sp!, {d8-d9}
 3756              	.LCFI56:
 3757              		.cfi_restore 82
 3758              		.cfi_restore 83
 3759              		.cfi_restore 80
 3760              		.cfi_restore 81
 3761              		.cfi_def_cfa_offset 8
 3762              	.LVL368:
 582:Core/Src/foc_utils.c **** 
 3763              		.loc 1 582 1 view .LVU1045
 3764 0118 10BD     		pop	{r4, pc}
 3765              	.LVL369:
 3766              	.L233:
 3767              	.LCFI57:
 3768              		.cfi_restore_state
ARM GAS  /tmp/ccdi9tlu.s 			page 88


 3769              	.LBB22:
 577:Core/Src/foc_utils.c ****             hfoc->meas_inj_start_flag = 0;
 3770              		.loc 1 577 13 is_stmt 1 view .LVU1046
 577:Core/Src/foc_utils.c ****             hfoc->meas_inj_start_flag = 0;
 3771              		.loc 1 577 30 is_stmt 0 view .LVU1047
 3772 011a 0023     		movs	r3, #0
 3773 011c E364     		str	r3, [r4, #76]
 578:Core/Src/foc_utils.c ****             open_loop_voltage_control(hfoc, 0, 0, 0);
 3774              		.loc 1 578 13 is_stmt 1 view .LVU1048
 578:Core/Src/foc_utils.c ****             open_loop_voltage_control(hfoc, 0, 0, 0);
 3775              		.loc 1 578 39 is_stmt 0 view .LVU1049
 3776 011e 84F85030 		strb	r3, [r4, #80]
 579:Core/Src/foc_utils.c ****         }
 3777              		.loc 1 579 13 is_stmt 1 view .LVU1050
 3778 0122 9FED050A 		vldr.32	s0, .L234
 3779 0126 B0EE401A 		vmov.f32	s2, s0
 3780 012a F0EE400A 		vmov.f32	s1, s0
 3781 012e 2046     		mov	r0, r4
 3782 0130 FFF7FEFF 		bl	open_loop_voltage_control
 3783              	.LVL370:
 3784              	.LBE22:
 582:Core/Src/foc_utils.c **** 
 3785              		.loc 1 582 1 is_stmt 0 view .LVU1051
 3786 0134 EDE7     		b	.L219
 3787              	.LVL371:
 3788              	.L229:
 3789              	.LCFI58:
 3790              		.cfi_def_cfa_offset 0
 3791              		.cfi_restore 4
 3792              		.cfi_restore 14
 3793              		.cfi_restore 80
 3794              		.cfi_restore 81
 3795              		.cfi_restore 82
 3796              		.cfi_restore 83
 582:Core/Src/foc_utils.c **** 
 3797              		.loc 1 582 1 view .LVU1052
 3798 0136 7047     		bx	lr
 3799              	.L235:
 3800              		.align	2
 3801              	.L234:
 3802 0138 00000000 		.word	0
 3803 013c 00000000 		.word	.LANCHOR4
 3804 0140 00000000 		.word	.LANCHOR5
 3805 0144 00000000 		.word	.LANCHOR2
 3806 0148 00000000 		.word	.LANCHOR3
 3807              		.cfi_endproc
 3808              	.LFE164:
 3810              		.global	error_temp
 3811              		.global	Iq_buff
 3812              		.global	Id_buff
 3813              		.global	Vq_buff
 3814              		.global	Vd_buff
 3815              		.global	foc_ready
 3816              		.section	.bss.Id_buff,"aw",%nobits
 3817              		.align	2
 3818              		.set	.LANCHOR3,. + 0
 3821              	Id_buff:
ARM GAS  /tmp/ccdi9tlu.s 			page 89


 3822 0000 00000000 		.space	512
 3822      00000000 
 3822      00000000 
 3822      00000000 
 3822      00000000 
 3823              		.section	.bss.Iq_buff,"aw",%nobits
 3824              		.align	2
 3825              		.set	.LANCHOR5,. + 0
 3828              	Iq_buff:
 3829 0000 00000000 		.space	512
 3829      00000000 
 3829      00000000 
 3829      00000000 
 3829      00000000 
 3830              		.section	.bss.Vd_buff,"aw",%nobits
 3831              		.align	2
 3832              		.set	.LANCHOR2,. + 0
 3835              	Vd_buff:
 3836 0000 00000000 		.space	512
 3836      00000000 
 3836      00000000 
 3836      00000000 
 3836      00000000 
 3837              		.section	.bss.Vq_buff,"aw",%nobits
 3838              		.align	2
 3839              		.set	.LANCHOR4,. + 0
 3842              	Vq_buff:
 3843 0000 00000000 		.space	512
 3843      00000000 
 3843      00000000 
 3843      00000000 
 3843      00000000 
 3844              		.section	.bss.error_temp,"aw",%nobits
 3845              		.align	2
 3848              	error_temp:
 3849 0000 00000000 		.space	4096
 3849      00000000 
 3849      00000000 
 3849      00000000 
 3849      00000000 
 3850              		.section	.bss.event_speed_loop_count.0,"aw",%nobits
 3851              		.set	.LANCHOR0,. + 0
 3854              	event_speed_loop_count.0:
 3855 0000 00       		.space	1
 3856              		.section	.bss.foc_ready,"aw",%nobits
 3857              		.set	.LANCHOR1,. + 0
 3860              	foc_ready:
 3861 0000 00       		.space	1
 3862              		.text
 3863              	.Letext0:
 3864              		.file 2 "/usr/lib/gcc/arm-none-eabi/10.3.1/include/stdint.h"
 3865              		.file 3 "Drivers/CMSIS/Device/ST/STM32F4xx/Include/stm32f405xx.h"
 3866              		.file 4 "Drivers/STM32F4xx_HAL_Driver/Inc/stm32f4xx_hal_def.h"
 3867              		.file 5 "Drivers/STM32F4xx_HAL_Driver/Inc/stm32f4xx_hal_dma.h"
 3868              		.file 6 "Drivers/STM32F4xx_HAL_Driver/Inc/stm32f4xx_hal_i2c.h"
 3869              		.file 7 "Drivers/STM32F4xx_HAL_Driver/Inc/stm32f4xx_hal_spi.h"
 3870              		.file 8 "Core/Inc/drv8323s.h"
ARM GAS  /tmp/ccdi9tlu.s 			page 90


 3871              		.file 9 "Core/Inc/encoder.h"
 3872              		.file 10 "Core/Inc/pid_utils.h"
 3873              		.file 11 "Core/Inc/joint_acc.h"
 3874              		.file 12 "Core/Inc/lpf.h"
 3875              		.file 13 "Core/Inc/foc_utils.h"
 3876              		.file 14 "Core/Inc/flash.h"
 3877              		.file 15 "Core/Inc/user_config.h"
 3878              		.file 16 "Core/Inc/foc_math.h"
 3879              		.file 17 "/usr/include/newlib/stdio.h"
 3880              		.file 18 "Middlewares/Third_Party/FreeRTOS/Source/CMSIS_RTOS_V2/cmsis_os2.h"
 3881              		.file 19 "/usr/include/newlib/math.h"
 3882              		.file 20 "<built-in>"
ARM GAS  /tmp/ccdi9tlu.s 			page 91


DEFINED SYMBOLS
                            *ABS*:0000000000000000 foc_utils.c
     /tmp/ccdi9tlu.s:18     .text.foc_pwm_init:0000000000000000 $t
     /tmp/ccdi9tlu.s:26     .text.foc_pwm_init:0000000000000000 foc_pwm_init
     /tmp/ccdi9tlu.s:82     .text.foc_motor_init:0000000000000000 $t
     /tmp/ccdi9tlu.s:89     .text.foc_motor_init:0000000000000000 foc_motor_init
     /tmp/ccdi9tlu.s:104    .text.foc_sensor_init:0000000000000000 $t
     /tmp/ccdi9tlu.s:111    .text.foc_sensor_init:0000000000000000 foc_sensor_init
     /tmp/ccdi9tlu.s:126    .text.foc_get_power_voltage:0000000000000000 $t
     /tmp/ccdi9tlu.s:133    .text.foc_get_power_voltage:0000000000000000 foc_get_power_voltage
     /tmp/ccdi9tlu.s:233    .text.foc_get_power_voltage:0000000000000088 $d
     /tmp/ccdi9tlu.s:241    .text.foc_get_v_phase:0000000000000000 $t
     /tmp/ccdi9tlu.s:248    .text.foc_get_v_phase:0000000000000000 foc_get_v_phase
     /tmp/ccdi9tlu.s:333    .text.foc_get_v_phase:0000000000000080 $d
     /tmp/ccdi9tlu.s:341    .text.foc_set_limit_current:0000000000000000 $t
     /tmp/ccdi9tlu.s:348    .text.foc_set_limit_current:0000000000000000 foc_set_limit_current
     /tmp/ccdi9tlu.s:369    .text.foc_MTPA:0000000000000000 $t
     /tmp/ccdi9tlu.s:376    .text.foc_MTPA:0000000000000000 foc_MTPA
     /tmp/ccdi9tlu.s:505    .text.foc_MTPA:0000000000000094 $d
     /tmp/ccdi9tlu.s:510    .text.foc_fw_set_vs_ref:0000000000000000 $t
     /tmp/ccdi9tlu.s:517    .text.foc_fw_set_vs_ref:0000000000000000 foc_fw_set_vs_ref
     /tmp/ccdi9tlu.s:534    .text.foc_fw_update:0000000000000000 $t
     /tmp/ccdi9tlu.s:541    .text.foc_fw_update:0000000000000000 foc_fw_update
     /tmp/ccdi9tlu.s:588    .text.foc_current_limit:0000000000000000 $t
     /tmp/ccdi9tlu.s:595    .text.foc_current_limit:0000000000000000 foc_current_limit
     /tmp/ccdi9tlu.s:678    .text.foc_current_control_update:0000000000000000 $t
     /tmp/ccdi9tlu.s:685    .text.foc_current_control_update:0000000000000000 foc_current_control_update
     /tmp/ccdi9tlu.s:925    .text.foc_current_control_update:0000000000000174 $d
     /tmp/ccdi9tlu.s:930    .text.foc_speed_control_update:0000000000000000 $t
     /tmp/ccdi9tlu.s:937    .text.foc_speed_control_update:0000000000000000 foc_speed_control_update
     /tmp/ccdi9tlu.s:1000   .text.foc_position_control_update:0000000000000000 $t
     /tmp/ccdi9tlu.s:1007   .text.foc_position_control_update:0000000000000000 foc_position_control_update
     /tmp/ccdi9tlu.s:1069   .text.foc_sensored_calc_electric_angle:0000000000000000 $t
     /tmp/ccdi9tlu.s:1076   .text.foc_sensored_calc_electric_angle:0000000000000000 foc_sensored_calc_electric_angle
     /tmp/ccdi9tlu.s:1267   .text.foc_sensored_calc_electric_angle:0000000000000104 $d
     /tmp/ccdi9tlu.s:1277   .text.foc_calc_mech_rpm_encoder:0000000000000000 $t
     /tmp/ccdi9tlu.s:1284   .text.foc_calc_mech_rpm_encoder:0000000000000000 foc_calc_mech_rpm_encoder
     /tmp/ccdi9tlu.s:1302   .text.foc_torque_control_update:0000000000000000 $t
     /tmp/ccdi9tlu.s:1309   .text.foc_torque_control_update:0000000000000000 foc_torque_control_update
     /tmp/ccdi9tlu.s:1379   .text.foc_torque_control_update:0000000000000040 $d
     /tmp/ccdi9tlu.s:1387   .text.foc_impedance_control:0000000000000000 $t
     /tmp/ccdi9tlu.s:1394   .text.foc_impedance_control:0000000000000000 foc_impedance_control
     /tmp/ccdi9tlu.s:1477   .text.foc_impedance_control:0000000000000074 $d
     /tmp/ccdi9tlu.s:1484   .text.foc_calc_mech_pos_encoder:0000000000000000 $t
     /tmp/ccdi9tlu.s:1491   .text.foc_calc_mech_pos_encoder:0000000000000000 foc_calc_mech_pos_encoder
     /tmp/ccdi9tlu.s:1515   .text.foc_calc_mech_pos_encoder:0000000000000010 $d
     /tmp/ccdi9tlu.s:1520   .text.foc_control_loop:0000000000000000 $t
     /tmp/ccdi9tlu.s:1527   .text.foc_control_loop:0000000000000000 foc_control_loop
     /tmp/ccdi9tlu.s:1566   .text.foc_control_loop:0000000000000026 $d
     /tmp/ccdi9tlu.s:1570   .text.foc_control_loop:000000000000002a $t
     /tmp/ccdi9tlu.s:1674   .text.foc_control_loop:00000000000000a0 $d
     /tmp/ccdi9tlu.s:1681   .text.foc_start_calibration:0000000000000000 $t
     /tmp/ccdi9tlu.s:1688   .text.foc_start_calibration:0000000000000000 foc_start_calibration
     /tmp/ccdi9tlu.s:1709   .text.estimate_resistance:0000000000000000 $t
     /tmp/ccdi9tlu.s:1716   .text.estimate_resistance:0000000000000000 estimate_resistance
     /tmp/ccdi9tlu.s:1791   .text.estimate_resistance:000000000000004c $d
     /tmp/ccdi9tlu.s:1800   .text.estimate_inductance:0000000000000000 $t
ARM GAS  /tmp/ccdi9tlu.s 			page 92


     /tmp/ccdi9tlu.s:1807   .text.estimate_inductance:0000000000000000 estimate_inductance
     /tmp/ccdi9tlu.s:2290   .text.estimate_inductance:0000000000000270 $d
     /tmp/ccdi9tlu.s:2302   .text.start_measure:0000000000000000 $t
     /tmp/ccdi9tlu.s:2309   .text.start_measure:0000000000000000 start_measure
     /tmp/ccdi9tlu.s:2357   .text.start_measure:0000000000000028 $d
     /tmp/ccdi9tlu.s:2363   .rodata.measure_R.str1.4:0000000000000000 $d
     /tmp/ccdi9tlu.s:2368   .text.measure_R:0000000000000000 $t
     /tmp/ccdi9tlu.s:2375   .text.measure_R:0000000000000000 measure_R
     /tmp/ccdi9tlu.s:2470   .text.measure_R:0000000000000074 $d
     /tmp/ccdi9tlu.s:2479   .rodata.measure_L.str1.4:0000000000000000 $d
     /tmp/ccdi9tlu.s:2484   .text.measure_L:0000000000000000 $t
     /tmp/ccdi9tlu.s:2491   .text.measure_L:0000000000000000 measure_L
     /tmp/ccdi9tlu.s:2621   .text.measure_L:00000000000000b0 $d
     /tmp/ccdi9tlu.s:2634   .text.calibration_seq:0000000000000000 $t
     /tmp/ccdi9tlu.s:2641   .text.calibration_seq:0000000000000000 calibration_seq
     /tmp/ccdi9tlu.s:2692   .text.calibration_seq:000000000000003c $d
     /tmp/ccdi9tlu.s:2700   .text.open_loop_voltage_control:0000000000000000 $t
     /tmp/ccdi9tlu.s:2707   .text.open_loop_voltage_control:0000000000000000 open_loop_voltage_control
     /tmp/ccdi9tlu.s:2825   .rodata.foc_cal_encoder_misalignment.str1.4:0000000000000000 $d
     /tmp/ccdi9tlu.s:2829   .text.foc_cal_encoder_misalignment:0000000000000000 $t
     /tmp/ccdi9tlu.s:2836   .text.foc_cal_encoder_misalignment:0000000000000000 foc_cal_encoder_misalignment
     /tmp/ccdi9tlu.s:2942   .text.foc_cal_encoder_misalignment:0000000000000084 $d
     /tmp/ccdi9tlu.s:2952   .rodata.foc_cal_encoder.str1.4:0000000000000000 $d
     /tmp/ccdi9tlu.s:2956   .text.foc_cal_encoder:0000000000000000 $t
     /tmp/ccdi9tlu.s:2963   .text.foc_cal_encoder:0000000000000000 foc_cal_encoder
     /tmp/ccdi9tlu.s:3239   .text.foc_cal_encoder:0000000000000150 $d
     /tmp/ccdi9tlu.s:3848   .bss.error_temp:0000000000000000 error_temp
     /tmp/ccdi9tlu.s:3252   .rodata.foc_auto_calibration.str1.4:0000000000000000 $d
     /tmp/ccdi9tlu.s:3268   .text.foc_auto_calibration:0000000000000000 $t
     /tmp/ccdi9tlu.s:3275   .text.foc_auto_calibration:0000000000000000 foc_auto_calibration
     /tmp/ccdi9tlu.s:3521   .text.foc_auto_calibration:0000000000000140 $d
     /tmp/ccdi9tlu.s:3537   .text.meas_inj_dq_process:0000000000000000 $t
     /tmp/ccdi9tlu.s:3544   .text.meas_inj_dq_process:0000000000000000 meas_inj_dq_process
     /tmp/ccdi9tlu.s:3802   .text.meas_inj_dq_process:0000000000000138 $d
     /tmp/ccdi9tlu.s:3828   .bss.Iq_buff:0000000000000000 Iq_buff
     /tmp/ccdi9tlu.s:3821   .bss.Id_buff:0000000000000000 Id_buff
     /tmp/ccdi9tlu.s:3842   .bss.Vq_buff:0000000000000000 Vq_buff
     /tmp/ccdi9tlu.s:3835   .bss.Vd_buff:0000000000000000 Vd_buff
     /tmp/ccdi9tlu.s:3860   .bss.foc_ready:0000000000000000 foc_ready
     /tmp/ccdi9tlu.s:3817   .bss.Id_buff:0000000000000000 $d
     /tmp/ccdi9tlu.s:3824   .bss.Iq_buff:0000000000000000 $d
     /tmp/ccdi9tlu.s:3831   .bss.Vd_buff:0000000000000000 $d
     /tmp/ccdi9tlu.s:3838   .bss.Vq_buff:0000000000000000 $d
     /tmp/ccdi9tlu.s:3845   .bss.error_temp:0000000000000000 $d
     /tmp/ccdi9tlu.s:3854   .bss.event_speed_loop_count.0:0000000000000000 event_speed_loop_count.0
     /tmp/ccdi9tlu.s:3855   .bss.event_speed_loop_count.0:0000000000000000 $d
     /tmp/ccdi9tlu.s:3861   .bss.foc_ready:0000000000000000 $d

UNDEFINED SYMBOLS
m_config
sqrtf
pi_control
DRV8323_Get_Current
pre_calc_sin_cos
clarke_park_transform
second_order_lpf_update
inverse_park_transform
ARM GAS  /tmp/ccdi9tlu.s 			page 93


svpwm
pid_control
ENCODER_GetDegree
norm_angle_rad
fmodf
encoder
encd_get_val_flag
ENCODER_GetRPM
DRV8323_Set_PWM
ENCODER_GetActualDegree
joint_cmd
fast_cos
fast_sin
atan2f
sinf
osDelay
hfoc
__aeabi_f2d
memset
printf
flash_auto_tuning_torque_control
puts
floorf
memcpy
__aeabi_ddiv
__aeabi_d2uiz
round
