ARM GAS  /tmp/cceP7lds.s 			page 1


   1              		.cpu cortex-m4
   2              		.eabi_attribute 27, 1
   3              		.eabi_attribute 28, 1
   4              		.eabi_attribute 20, 1
   5              		.eabi_attribute 21, 1
   6              		.eabi_attribute 23, 3
   7              		.eabi_attribute 24, 1
   8              		.eabi_attribute 25, 1
   9              		.eabi_attribute 26, 1
  10              		.eabi_attribute 30, 1
  11              		.eabi_attribute 34, 1
  12              		.eabi_attribute 18, 4
  13              		.file	"main.c"
  14              		.text
  15              	.Ltext0:
  16              		.cfi_sections	.debug_frame
  17              		.section	.text.MX_GPIO_Init,"ax",%progbits
  18              		.align	1
  19              		.arch armv7e-m
  20              		.syntax unified
  21              		.thumb
  22              		.thumb_func
  23              		.fpu fpv4-sp-d16
  25              	MX_GPIO_Init:
  26              	.LFB140:
  27              		.file 1 "Core/Src/main.c"
   1:Core/Src/main.c **** /* USER CODE BEGIN Header */
   2:Core/Src/main.c **** /**
   3:Core/Src/main.c ****   ******************************************************************************
   4:Core/Src/main.c ****   * @file           : main.c
   5:Core/Src/main.c ****   * @brief          : Main program body
   6:Core/Src/main.c ****   ******************************************************************************
   7:Core/Src/main.c ****   * @attention
   8:Core/Src/main.c ****   *
   9:Core/Src/main.c ****   * Copyright (c) 2026 STMicroelectronics.
  10:Core/Src/main.c ****   * All rights reserved.
  11:Core/Src/main.c ****   *
  12:Core/Src/main.c ****   * This software is licensed under terms that can be found in the LICENSE file
  13:Core/Src/main.c ****   * in the root directory of this software component.
  14:Core/Src/main.c ****   * If no LICENSE file comes with this software, it is provided AS-IS.
  15:Core/Src/main.c ****   *
  16:Core/Src/main.c ****   ******************************************************************************
  17:Core/Src/main.c ****   */
  18:Core/Src/main.c **** /* USER CODE END Header */
  19:Core/Src/main.c **** /* Includes ------------------------------------------------------------------*/
  20:Core/Src/main.c **** #include "main.h"
  21:Core/Src/main.c **** 
  22:Core/Src/main.c **** /* Private includes ----------------------------------------------------------*/
  23:Core/Src/main.c **** /* USER CODE BEGIN Includes */
  24:Core/Src/main.c **** 
  25:Core/Src/main.c **** 
  26:Core/Src/main.c **** #include "uart.h"
  27:Core/Src/main.c **** #include "hw_config.h"
  28:Core/Src/main.c **** #include "user_config.h"
  29:Core/Src/main.c **** #include "spi.h"
  30:Core/Src/main.c **** #include "as5048a.h"
  31:Core/Src/main.c **** #include "drv8323s.h"
ARM GAS  /tmp/cceP7lds.s 			page 2


  32:Core/Src/main.c **** #include "flash.h"
  33:Core/Src/main.c **** #include "foc_utils.h"
  34:Core/Src/main.c **** #include "can.h"
  35:Core/Src/main.c **** 
  36:Core/Src/main.c **** #include "encoder.h"
  37:Core/Src/main.c **** #include "fsm.h"
  38:Core/Src/main.c **** 
  39:Core/Src/main.c **** /* USER CODE END Includes */
  40:Core/Src/main.c **** 
  41:Core/Src/main.c **** /* Private typedef -----------------------------------------------------------*/
  42:Core/Src/main.c **** /* USER CODE BEGIN PTD */
  43:Core/Src/main.c **** 
  44:Core/Src/main.c **** /* USER CODE END PTD */
  45:Core/Src/main.c **** 
  46:Core/Src/main.c **** /* Private define ------------------------------------------------------------*/
  47:Core/Src/main.c **** /* USER CODE BEGIN PD */
  48:Core/Src/main.c **** 
  49:Core/Src/main.c **** /* USER CODE END PD */
  50:Core/Src/main.c **** 
  51:Core/Src/main.c **** /* Private macro -------------------------------------------------------------*/
  52:Core/Src/main.c **** /* USER CODE BEGIN PM */
  53:Core/Src/main.c **** 
  54:Core/Src/main.c **** /* USER CODE END PM */
  55:Core/Src/main.c **** 
  56:Core/Src/main.c **** /* Private variables ---------------------------------------------------------*/
  57:Core/Src/main.c **** 
  58:Core/Src/main.c **** /* USER CODE BEGIN PV */
  59:Core/Src/main.c **** FSMStruct state;
  60:Core/Src/main.c **** /* foc control setup*/
  61:Core/Src/main.c **** foc_t hfoc;
  62:Core/Src/main.c **** 
  63:Core/Src/main.c **** /* drv8323rs setup*/
  64:Core/Src/main.c **** DRV8323_t bldc;
  65:Core/Src/main.c **** 
  66:Core/Src/main.c **** motor_config_t m_config;
  67:Core/Src/main.c **** 
  68:Core/Src/main.c **** /* usart setup*/
  69:Core/Src/main.c **** 
  70:Core/Src/main.c **** 
  71:Core/Src/main.c **** /* can setup*/
  72:Core/Src/main.c **** CANTxMessage can_tx;
  73:Core/Src/main.c **** CANRxMessage can_rx;
  74:Core/Src/main.c **** 
  75:Core/Src/main.c **** /* joint setup*/
  76:Core/Src/main.c **** JointRobot_t robot_joints;
  77:Core/Src/main.c **** 
  78:Core/Src/main.c **** 
  79:Core/Src/main.c **** // test 
  80:Core/Src/main.c **** AS5048A_t my_as5048a_hw;
  81:Core/Src/main.c **** 
  82:Core/Src/main.c **** 
  83:Core/Src/main.c **** 
  84:Core/Src/main.c **** uint32_t get_dt_us(void) {
  85:Core/Src/main.c **** #if 0
  86:Core/Src/main.c ****   static uint32_t last_us = 0;
  87:Core/Src/main.c **** 
  88:Core/Src/main.c ****   // Get current time (µs)
ARM GAS  /tmp/cceP7lds.s 			page 3


  89:Core/Src/main.c ****   uint32_t now_us = TIM10->CNT;
  90:Core/Src/main.c ****   uint32_t elapsed_us = now_us - last_us;
  91:Core/Src/main.c ****   last_us = now_us;
  92:Core/Src/main.c **** #else
  93:Core/Src/main.c ****   // Get current time (µs)
  94:Core/Src/main.c ****   uint32_t elapsed_us = TIM10->CNT;
  95:Core/Src/main.c ****   TIM10->CNT = 0;
  96:Core/Src/main.c **** #endif
  97:Core/Src/main.c ****   return elapsed_us;
  98:Core/Src/main.c **** }
  99:Core/Src/main.c **** uint32_t dt_us;
 100:Core/Src/main.c **** 
 101:Core/Src/main.c **** int torque_control_update(void) {
 102:Core/Src/main.c ****   int ret = 0;
 103:Core/Src/main.c ****   static uint8_t event_speed_loop_count = 0;
 104:Core/Src/main.c **** 	static float rpm_temp = 0.0f;
 105:Core/Src/main.c **** 	
 106:Core/Src/main.c ****   DRV8323_Get_Current(&bldc, &hfoc.ia, &hfoc.ib,&hfoc.ic);
 107:Core/Src/main.c **** 	foc_current_control_update(&hfoc);
 108:Core/Src/main.c **** //	foc_get_mech_degree(&hfoc);
 109:Core/Src/main.c **** 
 110:Core/Src/main.c ****   if (event_speed_loop_count > SPEED_CONTROL_CYCLE) {
 111:Core/Src/main.c ****     event_speed_loop_count = 0;
 112:Core/Src/main.c ****     dt_us = get_dt_us();
 113:Core/Src/main.c ****     float rpm_encd = ENCODER_GetRPM(&encoder, dt_us);
 114:Core/Src/main.c ****     foc_calc_mech_rpm_encoder(&hfoc, rpm_encd);
 115:Core/Src/main.c ****     foc_set_flag();
 116:Core/Src/main.c ****     ret = 1;
 117:Core/Src/main.c ****   }
 118:Core/Src/main.c **** 
 119:Core/Src/main.c ****   event_speed_loop_count++;
 120:Core/Src/main.c **** 
 121:Core/Src/main.c ****   return ret;
 122:Core/Src/main.c **** }
 123:Core/Src/main.c **** 
 124:Core/Src/main.c **** void control_init(void) {
 125:Core/Src/main.c **** 	hfoc.angle_filtered = &encoder.angle_filtered;
 126:Core/Src/main.c **** 
 127:Core/Src/main.c **** 	
 128:Core/Src/main.c ****   // pid_init(&hfoc.id_ctrl, m_config.id_kp, m_config.id_ki, 0.0f, FOC_TS, m_config.id_out_max, m_c
 129:Core/Src/main.c ****   // pid_init(&hfoc.iq_ctrl, m_config.iq_kp, m_config.iq_ki, 0.0f, FOC_TS, m_config.iq_out_max, m_c
 130:Core/Src/main.c ****   // pid_init(&hfoc.speed_ctrl, m_config.speed_kp, m_config.speed_ki, 0.0f, FOC_TS * SPEED_CONTROL_
 131:Core/Src/main.c **** 	// pid_init(&hfoc.pos_ctrl, m_config.pos_kp, m_config.pos_ki, m_config.pos_kd, FOC_TS * SPEED_CONT
 132:Core/Src/main.c ****   // hfoc.pos_ctrl.d_alpha_filter = 0.85;
 133:Core/Src/main.c **** 
 134:Core/Src/main.c ****   // Id PI parameter
 135:Core/Src/main.c ****   pid_reset(&hfoc.id_ctrl);
 136:Core/Src/main.c ****   pid_set_ts(&hfoc.id_ctrl, FOC_TS);
 137:Core/Src/main.c ****   pid_set_kp(&hfoc.id_ctrl, m_config.id_kp);
 138:Core/Src/main.c ****   pid_set_ki(&hfoc.id_ctrl, m_config.id_ki);
 139:Core/Src/main.c ****   pid_set_out_constraint(&hfoc.id_ctrl, m_config.id_out_max, -m_config.id_out_max);
 140:Core/Src/main.c ****   pid_set_deadband(&hfoc.id_ctrl, m_config.id_e_deadband);
 141:Core/Src/main.c ****   // Id PI parameter
 142:Core/Src/main.c ****   pid_reset(&hfoc.iq_ctrl);
 143:Core/Src/main.c ****   pid_set_ts(&hfoc.iq_ctrl, FOC_TS);
 144:Core/Src/main.c ****   pid_set_kp(&hfoc.iq_ctrl, m_config.iq_kp);
 145:Core/Src/main.c ****   pid_set_ki(&hfoc.iq_ctrl, m_config.iq_ki);
ARM GAS  /tmp/cceP7lds.s 			page 4


 146:Core/Src/main.c ****   pid_set_out_constraint(&hfoc.iq_ctrl, m_config.iq_out_max, -m_config.iq_out_max);
 147:Core/Src/main.c ****   pid_set_deadband(&hfoc.iq_ctrl, m_config.iq_e_deadband);
 148:Core/Src/main.c ****   // Speed PID parameter
 149:Core/Src/main.c ****   pid_reset(&hfoc.speed_ctrl);
 150:Core/Src/main.c ****   pid_set_ts(&hfoc.speed_ctrl, FOC_TS * SPEED_CONTROL_CYCLE);
 151:Core/Src/main.c ****   pid_set_kp(&hfoc.speed_ctrl, m_config.speed_kp);
 152:Core/Src/main.c ****   pid_set_ki(&hfoc.speed_ctrl, m_config.speed_ki);
 153:Core/Src/main.c ****   pid_set_kd(&hfoc.speed_ctrl, 0.0001f);
 154:Core/Src/main.c ****   pid_set_d_filter_fc(&hfoc.speed_ctrl, 100.0f);
 155:Core/Src/main.c ****   pid_set_max_d(&hfoc.speed_ctrl, 10.0f);
 156:Core/Src/main.c ****   pid_set_out_constraint(&hfoc.speed_ctrl, m_config.speed_out_max, -m_config.speed_out_max);
 157:Core/Src/main.c ****   pid_set_deadband(&hfoc.speed_ctrl, m_config.speed_e_deadband);
 158:Core/Src/main.c ****   // Position PID parameter
 159:Core/Src/main.c ****   pid_reset(&hfoc.pos_ctrl);
 160:Core/Src/main.c ****   pid_set_ts(&hfoc.pos_ctrl, FOC_TS * SPEED_CONTROL_CYCLE);
 161:Core/Src/main.c ****   pid_set_kp(&hfoc.pos_ctrl, m_config.pos_kp);
 162:Core/Src/main.c ****   pid_set_ki(&hfoc.pos_ctrl, m_config.pos_ki);
 163:Core/Src/main.c ****   pid_set_kd(&hfoc.pos_ctrl, m_config.pos_kd);
 164:Core/Src/main.c ****   pid_set_d_filter_fc(&hfoc.pos_ctrl, 20.0f);
 165:Core/Src/main.c ****   pid_set_max_d(&hfoc.pos_ctrl, 100.0f);
 166:Core/Src/main.c ****   pid_set_out_constraint(&hfoc.pos_ctrl, m_config.pos_out_max, -m_config.pos_out_max);
 167:Core/Src/main.c ****   pid_set_deadband(&hfoc.pos_ctrl, m_config.pos_e_deadband);
 168:Core/Src/main.c **** 
 169:Core/Src/main.c **** 
 170:Core/Src/main.c **** 	
 171:Core/Src/main.c **** 	foc_pwm_init(&hfoc, &(TIM1->CCR1), &(TIM1->CCR2), &(TIM1->CCR3), bldc.pwm_resolution);
 172:Core/Src/main.c ****   foc_motor_init(&hfoc, POLE_PAIR, 750);
 173:Core/Src/main.c ****   foc_sensor_init(&hfoc, m_config.encd_offset, REVERSE_DIR);
 174:Core/Src/main.c ****   foc_gear_reducer_init(&hfoc, 1.0);
 175:Core/Src/main.c ****   foc_set_limit_current(&hfoc, 10.0);
 176:Core/Src/main.c ****  
 177:Core/Src/main.c **** }
 178:Core/Src/main.c **** uint8_t Serial2RxBuffer[1];
 179:Core/Src/main.c **** 
 180:Core/Src/main.c **** float __float_reg[64];
 181:Core/Src/main.c **** int __int_reg[256];
 182:Core/Src/main.c **** 
 183:Core/Src/main.c **** float sPoint_Vel = 50.0f;
 184:Core/Src/main.c **** float sPoint_Pos = 0;
 185:Core/Src/main.c **** float sPoint_Tor = 0;
 186:Core/Src/main.c **** volatile uint8_t is_calibrating = 0;
 187:Core/Src/main.c **** /* USER CODE END PV */
 188:Core/Src/main.c **** 
 189:Core/Src/main.c **** /* Private function prototypes -----------------------------------------------*/
 190:Core/Src/main.c **** void SystemClock_Config(void);
 191:Core/Src/main.c **** static void MX_DMA_Init(void);
 192:Core/Src/main.c **** static void MX_GPIO_Init(void);
 193:Core/Src/main.c **** /* USER CODE BEGIN PFP */
 194:Core/Src/main.c **** 
 195:Core/Src/main.c **** /* USER CODE END PFP */
 196:Core/Src/main.c **** 
 197:Core/Src/main.c **** /* Private user code ---------------------------------------------------------*/
 198:Core/Src/main.c **** /* USER CODE BEGIN 0 */
 199:Core/Src/main.c **** 
 200:Core/Src/main.c **** /* USER CODE END 0 */
 201:Core/Src/main.c **** 
 202:Core/Src/main.c **** /**
ARM GAS  /tmp/cceP7lds.s 			page 5


 203:Core/Src/main.c ****   * @brief  The application entry point.
 204:Core/Src/main.c ****   * @retval int
 205:Core/Src/main.c ****   */
 206:Core/Src/main.c **** int main(void)
 207:Core/Src/main.c **** {
 208:Core/Src/main.c **** 
 209:Core/Src/main.c ****   /* USER CODE BEGIN 1 */
 210:Core/Src/main.c **** 
 211:Core/Src/main.c ****   /* USER CODE END 1 */
 212:Core/Src/main.c **** 
 213:Core/Src/main.c ****   /* MCU Configuration--------------------------------------------------------*/
 214:Core/Src/main.c **** 
 215:Core/Src/main.c ****   /* Reset of all peripherals, Initializes the Flash interface and the Systick. */
 216:Core/Src/main.c ****   HAL_Init();
 217:Core/Src/main.c **** 
 218:Core/Src/main.c ****   /* USER CODE BEGIN Init */
 219:Core/Src/main.c **** 
 220:Core/Src/main.c ****   /* USER CODE END Init */
 221:Core/Src/main.c **** 
 222:Core/Src/main.c ****   /* Configure the system clock */
 223:Core/Src/main.c ****   SystemClock_Config();
 224:Core/Src/main.c **** 
 225:Core/Src/main.c ****   /* USER CODE BEGIN SysInit */
 226:Core/Src/main.c **** 
 227:Core/Src/main.c ****   /* USER CODE END SysInit */
 228:Core/Src/main.c **** 
 229:Core/Src/main.c ****   /* Initialize all configured peripherals */
 230:Core/Src/main.c ****   MX_GPIO_Init();
 231:Core/Src/main.c ****   MX_DMA_Init();
 232:Core/Src/main.c **** 
 233:Core/Src/main.c **** 	MX_SPI1_Init();
 234:Core/Src/main.c **** 	MX_SPI2_Init();
 235:Core/Src/main.c ****   MX_USART6_UART_Init();
 236:Core/Src/main.c **** 
 237:Core/Src/main.c **** 
 238:Core/Src/main.c ****   ADC1_DMA_CONFIG3();
 239:Core/Src/main.c **** 
 240:Core/Src/main.c ****   TIM1_PWM_DMA_CONFIG();
 241:Core/Src/main.c **** 	TIM_IQR_MS_CONGFIG();
 242:Core/Src/main.c ****   TIM_COUNT_US_CONFIG();
 243:Core/Src/main.c **** 
 244:Core/Src/main.c **** 
 245:Core/Src/main.c ****   /* Sanitize configs in case flash is empty*/
 246:Core/Src/main.c ****   if(E_ZERO==-1){E_ZERO = 0;}
 247:Core/Src/main.c ****   if(M_ZERO==-1){M_ZERO = 0;}
 248:Core/Src/main.c ****   if(isnan(I_BW) || I_BW==-1){I_BW = 1000;}
 249:Core/Src/main.c ****   if(isnan(I_MAX) || I_MAX ==-1){I_MAX=40;}
 250:Core/Src/main.c ****   if(isnan(I_FW_MAX) || I_FW_MAX ==-1){I_FW_MAX=0;}
 251:Core/Src/main.c ****   if(CAN_ID==-1){CAN_ID = 1;}
 252:Core/Src/main.c ****   if(CAN_MASTER==-1){CAN_MASTER = 0;}
 253:Core/Src/main.c ****   if(CAN_TIMEOUT==-1){CAN_TIMEOUT = 1000;}
 254:Core/Src/main.c ****   if(isnan(R_NOMINAL) || R_NOMINAL==-1){R_NOMINAL = 0.0f;}
 255:Core/Src/main.c ****   if(isnan(TEMP_MAX) || TEMP_MAX==-1){TEMP_MAX = 125.0f;}
 256:Core/Src/main.c ****   if(isnan(I_MAX_CONT) || I_MAX_CONT==-1){I_MAX_CONT = 14.0f;}
 257:Core/Src/main.c ****   if(isnan(I_CAL)||I_CAL==-1){I_CAL = 5.0f;}
 258:Core/Src/main.c ****   if(isnan(PPAIRS) || PPAIRS==-1){PPAIRS = 21.0f;}
 259:Core/Src/main.c ****   if(isnan(GR) || GR==-1){GR = 1.0f;}
ARM GAS  /tmp/cceP7lds.s 			page 6


 260:Core/Src/main.c ****   if(isnan(KT) || KT==-1){KT = 1.0f;}
 261:Core/Src/main.c ****   if(isnan(KP_MAX) || KP_MAX==-1){KP_MAX = 500.0f;}
 262:Core/Src/main.c ****   if(isnan(KP_MIN) || KP_MIN==-1){KP_MIN = 0.0f;}
 263:Core/Src/main.c ****   if(isnan(KD_MAX) || KD_MAX==-1){KD_MAX = 5.0f;}
 264:Core/Src/main.c ****   if(isnan(KD_MIN) || KD_MIN==-1){KD_MIN = 0.0f;}
 265:Core/Src/main.c ****   if(isnan(P_MAX)){P_MAX = 12.5f;}
 266:Core/Src/main.c ****   if(isnan(P_MIN)){P_MIN = -12.5f;}
 267:Core/Src/main.c ****   if(isnan(V_MAX)){V_MAX = 65.0f;}
 268:Core/Src/main.c ****   if(isnan(V_MIN)){V_MIN = -65.0f;}
 269:Core/Src/main.c **** 
 270:Core/Src/main.c ****   
 271:Core/Src/main.c ****   // Load Config 
 272:Core/Src/main.c ****   flash_read_config(&m_config);
 273:Core/Src/main.c **** 
 274:Core/Src/main.c ****   init_trig_lut();
 275:Core/Src/main.c **** 
 276:Core/Src/main.c **** 	bldc_config(&bldc); 
 277:Core/Src/main.c **** 	control_init();
 278:Core/Src/main.c **** 	
 279:Core/Src/main.c **** 	/*AS5048A setup   */
 280:Core/Src/main.c **** //	Encoder_Init_Manual_Test();
 281:Core/Src/main.c **** 
 282:Core/Src/main.c **** 	ENCODER_Setup();
 283:Core/Src/main.c **** 	ENCODER_AutoDetect();
 284:Core/Src/main.c **** 	
 285:Core/Src/main.c ****   /* Start the FSM */
 286:Core/Src/main.c ****   state.state = MENU_MODE;
 287:Core/Src/main.c ****   state.next_state = MENU_MODE;
 288:Core/Src/main.c ****   state.ready = 1;
 289:Core/Src/main.c **** 
 290:Core/Src/main.c ****   HAL_UART_Receive_IT(&huart, (uint8_t *)Serial2RxBuffer, 1);
 291:Core/Src/main.c **** 
 292:Core/Src/main.c ****   // Enable Timer
 293:Core/Src/main.c ****   TIM_COUNTER_ENABLE(TIM10);
 294:Core/Src/main.c **** 	TIM_COUNTER_ENABLE(TIM3);
 295:Core/Src/main.c ****   TIM_COUNTER_ENABLE(TIM1); 
 296:Core/Src/main.c **** 
 297:Core/Src/main.c **** 
 298:Core/Src/main.c ****   // Output PWM
 299:Core/Src/main.c ****   DRV8323_Start_PWM(&bldc); //  MOE và CCxE
 300:Core/Src/main.c **** 
 301:Core/Src/main.c ****   // Calibration
 302:Core/Src/main.c ****   // hfoc.control_mode = CALIBRATION_MODE;
 303:Core/Src/main.c **** 	is_calibrating = 1;
 304:Core/Src/main.c ****   foc_cal_encoder(&hfoc);
 305:Core/Src/main.c **** 	is_calibrating = 0;
 306:Core/Src/main.c **** 	hfoc.control_mode = POSITION_CONTROL_MODE;
 307:Core/Src/main.c **** 
 308:Core/Src/main.c **** 
 309:Core/Src/main.c **** 
 310:Core/Src/main.c ****   /* USER CODE BEGIN 2 */
 311:Core/Src/main.c **** 
 312:Core/Src/main.c ****   /* USER CODE END 2 */
 313:Core/Src/main.c **** 
 314:Core/Src/main.c ****   /* Infinite loop */
 315:Core/Src/main.c ****   /* USER CODE BEGIN WHILE */
 316:Core/Src/main.c ****   while (1)
ARM GAS  /tmp/cceP7lds.s 			page 7


 317:Core/Src/main.c ****   {
 318:Core/Src/main.c ****     /* USER CODE END WHILE */
 319:Core/Src/main.c **** 
 320:Core/Src/main.c ****     /* USER CODE BEGIN 3 */
 321:Core/Src/main.c ****   }
 322:Core/Src/main.c ****   /* USER CODE END 3 */
 323:Core/Src/main.c **** }
 324:Core/Src/main.c **** static void MX_DMA_Init(void)
 325:Core/Src/main.c **** {
 326:Core/Src/main.c **** 
 327:Core/Src/main.c ****   /* DMA controller clock enable */
 328:Core/Src/main.c ****   __HAL_RCC_DMA2_CLK_ENABLE();
 329:Core/Src/main.c ****   __HAL_RCC_DMA1_CLK_ENABLE();
 330:Core/Src/main.c **** 
 331:Core/Src/main.c ****   /* DMA interrupt init spi2*/
 332:Core/Src/main.c ****   /* DMA1_Stream3_IRQn interrupt configuration */
 333:Core/Src/main.c ****   HAL_NVIC_SetPriority(DMA1_Stream3_IRQn, 0, 0);
 334:Core/Src/main.c ****   HAL_NVIC_EnableIRQ(DMA1_Stream3_IRQn);
 335:Core/Src/main.c ****   /* DMA1_Stream4_IRQn interrupt configuration */
 336:Core/Src/main.c ****   HAL_NVIC_SetPriority(DMA1_Stream4_IRQn, 0, 0);
 337:Core/Src/main.c ****   HAL_NVIC_EnableIRQ(DMA1_Stream4_IRQn);
 338:Core/Src/main.c **** 	
 339:Core/Src/main.c **** 	/* DMA interrupt init spi1 */
 340:Core/Src/main.c ****   /* DMA1_Stream3_IRQn interrupt configuration */
 341:Core/Src/main.c ****   HAL_NVIC_SetPriority(DMA2_Stream0_IRQn, 0, 0);
 342:Core/Src/main.c ****   HAL_NVIC_EnableIRQ(DMA2_Stream0_IRQn);
 343:Core/Src/main.c ****   /* DMA1_Stream4_IRQn interrupt configuration */
 344:Core/Src/main.c ****   HAL_NVIC_SetPriority(DMA2_Stream3_IRQn, 0, 0);
 345:Core/Src/main.c ****   HAL_NVIC_EnableIRQ(DMA2_Stream3_IRQn);
 346:Core/Src/main.c **** 	
 347:Core/Src/main.c **** 	/* DMA interrupt init uart*/
 348:Core/Src/main.c ****   /* DMA1_Stream3_IRQn interrupt configuration */
 349:Core/Src/main.c ****   HAL_NVIC_SetPriority(DMA2_Stream2_IRQn, 0, 0);
 350:Core/Src/main.c ****   HAL_NVIC_EnableIRQ(DMA2_Stream2_IRQn);
 351:Core/Src/main.c ****   /* DMA1_Stream4_IRQn interrupt configuration */
 352:Core/Src/main.c ****   HAL_NVIC_SetPriority(DMA2_Stream7_IRQn, 0, 0);
 353:Core/Src/main.c ****   HAL_NVIC_EnableIRQ(DMA2_Stream7_IRQn);
 354:Core/Src/main.c **** 
 355:Core/Src/main.c **** }
 356:Core/Src/main.c **** /**
 357:Core/Src/main.c ****   * @brief System Clock Configuration
 358:Core/Src/main.c ****   * @retval None
 359:Core/Src/main.c ****   */
 360:Core/Src/main.c **** void SystemClock_Config(void)
 361:Core/Src/main.c **** {
 362:Core/Src/main.c ****   RCC_OscInitTypeDef RCC_OscInitStruct = {0};
 363:Core/Src/main.c ****   RCC_ClkInitTypeDef RCC_ClkInitStruct = {0};
 364:Core/Src/main.c **** 
 365:Core/Src/main.c ****   /** Configure the main internal regulator output voltage
 366:Core/Src/main.c ****   */
 367:Core/Src/main.c ****   __HAL_RCC_PWR_CLK_ENABLE();
 368:Core/Src/main.c ****   __HAL_PWR_VOLTAGESCALING_CONFIG(PWR_REGULATOR_VOLTAGE_SCALE1);
 369:Core/Src/main.c **** 
 370:Core/Src/main.c ****   /** Initializes the RCC Oscillators according to the specified parameters
 371:Core/Src/main.c ****   * in the RCC_OscInitTypeDef structure.
 372:Core/Src/main.c ****   */
 373:Core/Src/main.c ****   RCC_OscInitStruct.OscillatorType = RCC_OSCILLATORTYPE_HSE;
ARM GAS  /tmp/cceP7lds.s 			page 8


 374:Core/Src/main.c ****   RCC_OscInitStruct.HSEState = RCC_HSE_ON;
 375:Core/Src/main.c ****   RCC_OscInitStruct.PLL.PLLState = RCC_PLL_ON;
 376:Core/Src/main.c ****   RCC_OscInitStruct.PLL.PLLSource = RCC_PLLSOURCE_HSE;
 377:Core/Src/main.c ****   RCC_OscInitStruct.PLL.PLLM = 4;
 378:Core/Src/main.c ****   RCC_OscInitStruct.PLL.PLLN = 168;
 379:Core/Src/main.c ****   RCC_OscInitStruct.PLL.PLLP = RCC_PLLP_DIV2;
 380:Core/Src/main.c ****   RCC_OscInitStruct.PLL.PLLQ = 4;
 381:Core/Src/main.c ****   if (HAL_RCC_OscConfig(&RCC_OscInitStruct) != HAL_OK)
 382:Core/Src/main.c ****   {
 383:Core/Src/main.c ****     Error_Handler();
 384:Core/Src/main.c ****   }
 385:Core/Src/main.c **** 
 386:Core/Src/main.c ****   /** Initializes the CPU, AHB and APB buses clocks
 387:Core/Src/main.c ****   */
 388:Core/Src/main.c ****   RCC_ClkInitStruct.ClockType = RCC_CLOCKTYPE_HCLK|RCC_CLOCKTYPE_SYSCLK
 389:Core/Src/main.c ****                               |RCC_CLOCKTYPE_PCLK1|RCC_CLOCKTYPE_PCLK2;
 390:Core/Src/main.c ****   RCC_ClkInitStruct.SYSCLKSource = RCC_SYSCLKSOURCE_PLLCLK;
 391:Core/Src/main.c ****   RCC_ClkInitStruct.AHBCLKDivider = RCC_SYSCLK_DIV1;
 392:Core/Src/main.c ****   RCC_ClkInitStruct.APB1CLKDivider = RCC_HCLK_DIV4;
 393:Core/Src/main.c ****   RCC_ClkInitStruct.APB2CLKDivider = RCC_HCLK_DIV2;
 394:Core/Src/main.c **** 
 395:Core/Src/main.c ****   if (HAL_RCC_ClockConfig(&RCC_ClkInitStruct, FLASH_LATENCY_5) != HAL_OK)
 396:Core/Src/main.c ****   {
 397:Core/Src/main.c ****     Error_Handler();
 398:Core/Src/main.c ****   }
 399:Core/Src/main.c **** }
 400:Core/Src/main.c **** 
 401:Core/Src/main.c **** 
 402:Core/Src/main.c **** /**
 403:Core/Src/main.c ****   * @brief GPIO Initialization Function
 404:Core/Src/main.c ****   * @param None
 405:Core/Src/main.c ****   * @retval None
 406:Core/Src/main.c ****   */
 407:Core/Src/main.c **** static void MX_GPIO_Init(void)
 408:Core/Src/main.c **** {
  28              		.loc 1 408 1 view -0
  29              		.cfi_startproc
  30              		@ args = 0, pretend = 0, frame = 16
  31              		@ frame_needed = 0, uses_anonymous_args = 0
  32              		@ link register save eliminated.
  33 0000 84B0     		sub	sp, sp, #16
  34              	.LCFI0:
  35              		.cfi_def_cfa_offset 16
 409:Core/Src/main.c ****   /* USER CODE BEGIN MX_GPIO_Init_1 */
 410:Core/Src/main.c **** 
 411:Core/Src/main.c ****   /* USER CODE END MX_GPIO_Init_1 */
 412:Core/Src/main.c **** 
 413:Core/Src/main.c ****   /* GPIO Ports Clock Enable */
 414:Core/Src/main.c ****   __HAL_RCC_GPIOH_CLK_ENABLE();
  36              		.loc 1 414 3 view .LVU1
  37              	.LBB4:
  38              		.loc 1 414 3 view .LVU2
  39 0002 0022     		movs	r2, #0
  40 0004 0092     		str	r2, [sp]
  41              		.loc 1 414 3 view .LVU3
  42 0006 154B     		ldr	r3, .L3
  43 0008 196B     		ldr	r1, [r3, #48]
ARM GAS  /tmp/cceP7lds.s 			page 9


  44 000a 41F08001 		orr	r1, r1, #128
  45 000e 1963     		str	r1, [r3, #48]
  46              		.loc 1 414 3 view .LVU4
  47 0010 196B     		ldr	r1, [r3, #48]
  48 0012 01F08001 		and	r1, r1, #128
  49 0016 0091     		str	r1, [sp]
  50              		.loc 1 414 3 view .LVU5
  51 0018 0099     		ldr	r1, [sp]
  52              	.LBE4:
  53              		.loc 1 414 3 view .LVU6
 415:Core/Src/main.c ****   __HAL_RCC_GPIOA_CLK_ENABLE();
  54              		.loc 1 415 3 view .LVU7
  55              	.LBB5:
  56              		.loc 1 415 3 view .LVU8
  57 001a 0192     		str	r2, [sp, #4]
  58              		.loc 1 415 3 view .LVU9
  59 001c 196B     		ldr	r1, [r3, #48]
  60 001e 41F00101 		orr	r1, r1, #1
  61 0022 1963     		str	r1, [r3, #48]
  62              		.loc 1 415 3 view .LVU10
  63 0024 196B     		ldr	r1, [r3, #48]
  64 0026 01F00101 		and	r1, r1, #1
  65 002a 0191     		str	r1, [sp, #4]
  66              		.loc 1 415 3 view .LVU11
  67 002c 0199     		ldr	r1, [sp, #4]
  68              	.LBE5:
  69              		.loc 1 415 3 view .LVU12
 416:Core/Src/main.c ****   __HAL_RCC_GPIOC_CLK_ENABLE();
  70              		.loc 1 416 3 view .LVU13
  71              	.LBB6:
  72              		.loc 1 416 3 view .LVU14
  73 002e 0292     		str	r2, [sp, #8]
  74              		.loc 1 416 3 view .LVU15
  75 0030 196B     		ldr	r1, [r3, #48]
  76 0032 41F00401 		orr	r1, r1, #4
  77 0036 1963     		str	r1, [r3, #48]
  78              		.loc 1 416 3 view .LVU16
  79 0038 196B     		ldr	r1, [r3, #48]
  80 003a 01F00401 		and	r1, r1, #4
  81 003e 0291     		str	r1, [sp, #8]
  82              		.loc 1 416 3 view .LVU17
  83 0040 0299     		ldr	r1, [sp, #8]
  84              	.LBE6:
  85              		.loc 1 416 3 view .LVU18
 417:Core/Src/main.c ****   __HAL_RCC_GPIOB_CLK_ENABLE();
  86              		.loc 1 417 3 view .LVU19
  87              	.LBB7:
  88              		.loc 1 417 3 view .LVU20
  89 0042 0392     		str	r2, [sp, #12]
  90              		.loc 1 417 3 view .LVU21
  91 0044 1A6B     		ldr	r2, [r3, #48]
  92 0046 42F00202 		orr	r2, r2, #2
  93 004a 1A63     		str	r2, [r3, #48]
  94              		.loc 1 417 3 view .LVU22
  95 004c 1B6B     		ldr	r3, [r3, #48]
  96 004e 03F00203 		and	r3, r3, #2
  97 0052 0393     		str	r3, [sp, #12]
ARM GAS  /tmp/cceP7lds.s 			page 10


  98              		.loc 1 417 3 view .LVU23
  99 0054 039B     		ldr	r3, [sp, #12]
 100              	.LBE7:
 101              		.loc 1 417 3 view .LVU24
 418:Core/Src/main.c **** 
 419:Core/Src/main.c ****   /* USER CODE BEGIN MX_GPIO_Init_2 */
 420:Core/Src/main.c **** 
 421:Core/Src/main.c ****   /* USER CODE END MX_GPIO_Init_2 */
 422:Core/Src/main.c **** }
 102              		.loc 1 422 1 is_stmt 0 view .LVU25
 103 0056 04B0     		add	sp, sp, #16
 104              	.LCFI1:
 105              		.cfi_def_cfa_offset 0
 106              		@ sp needed
 107 0058 7047     		bx	lr
 108              	.L4:
 109 005a 00BF     		.align	2
 110              	.L3:
 111 005c 00380240 		.word	1073887232
 112              		.cfi_endproc
 113              	.LFE140:
 115              		.section	.text.MX_DMA_Init,"ax",%progbits
 116              		.align	1
 117              		.syntax unified
 118              		.thumb
 119              		.thumb_func
 120              		.fpu fpv4-sp-d16
 122              	MX_DMA_Init:
 123              	.LFB138:
 325:Core/Src/main.c **** 
 124              		.loc 1 325 1 is_stmt 1 view -0
 125              		.cfi_startproc
 126              		@ args = 0, pretend = 0, frame = 8
 127              		@ frame_needed = 0, uses_anonymous_args = 0
 128 0000 10B5     		push	{r4, lr}
 129              	.LCFI2:
 130              		.cfi_def_cfa_offset 8
 131              		.cfi_offset 4, -8
 132              		.cfi_offset 14, -4
 133 0002 82B0     		sub	sp, sp, #8
 134              	.LCFI3:
 135              		.cfi_def_cfa_offset 16
 328:Core/Src/main.c ****   __HAL_RCC_DMA1_CLK_ENABLE();
 136              		.loc 1 328 3 view .LVU27
 137              	.LBB8:
 328:Core/Src/main.c ****   __HAL_RCC_DMA1_CLK_ENABLE();
 138              		.loc 1 328 3 view .LVU28
 139 0004 0024     		movs	r4, #0
 140 0006 0094     		str	r4, [sp]
 328:Core/Src/main.c ****   __HAL_RCC_DMA1_CLK_ENABLE();
 141              		.loc 1 328 3 view .LVU29
 142 0008 224B     		ldr	r3, .L7
 143 000a 1A6B     		ldr	r2, [r3, #48]
 144 000c 42F48002 		orr	r2, r2, #4194304
 145 0010 1A63     		str	r2, [r3, #48]
 328:Core/Src/main.c ****   __HAL_RCC_DMA1_CLK_ENABLE();
 146              		.loc 1 328 3 view .LVU30
ARM GAS  /tmp/cceP7lds.s 			page 11


 147 0012 1A6B     		ldr	r2, [r3, #48]
 148 0014 02F48002 		and	r2, r2, #4194304
 149 0018 0092     		str	r2, [sp]
 328:Core/Src/main.c ****   __HAL_RCC_DMA1_CLK_ENABLE();
 150              		.loc 1 328 3 view .LVU31
 151 001a 009A     		ldr	r2, [sp]
 152              	.LBE8:
 328:Core/Src/main.c ****   __HAL_RCC_DMA1_CLK_ENABLE();
 153              		.loc 1 328 3 view .LVU32
 329:Core/Src/main.c **** 
 154              		.loc 1 329 3 view .LVU33
 155              	.LBB9:
 329:Core/Src/main.c **** 
 156              		.loc 1 329 3 view .LVU34
 157 001c 0194     		str	r4, [sp, #4]
 329:Core/Src/main.c **** 
 158              		.loc 1 329 3 view .LVU35
 159 001e 1A6B     		ldr	r2, [r3, #48]
 160 0020 42F40012 		orr	r2, r2, #2097152
 161 0024 1A63     		str	r2, [r3, #48]
 329:Core/Src/main.c **** 
 162              		.loc 1 329 3 view .LVU36
 163 0026 1B6B     		ldr	r3, [r3, #48]
 164 0028 03F40013 		and	r3, r3, #2097152
 165 002c 0193     		str	r3, [sp, #4]
 329:Core/Src/main.c **** 
 166              		.loc 1 329 3 view .LVU37
 167 002e 019B     		ldr	r3, [sp, #4]
 168              	.LBE9:
 329:Core/Src/main.c **** 
 169              		.loc 1 329 3 view .LVU38
 333:Core/Src/main.c ****   HAL_NVIC_EnableIRQ(DMA1_Stream3_IRQn);
 170              		.loc 1 333 3 view .LVU39
 171 0030 2246     		mov	r2, r4
 172 0032 2146     		mov	r1, r4
 173 0034 0E20     		movs	r0, #14
 174 0036 FFF7FEFF 		bl	HAL_NVIC_SetPriority
 175              	.LVL0:
 334:Core/Src/main.c ****   /* DMA1_Stream4_IRQn interrupt configuration */
 176              		.loc 1 334 3 view .LVU40
 177 003a 0E20     		movs	r0, #14
 178 003c FFF7FEFF 		bl	HAL_NVIC_EnableIRQ
 179              	.LVL1:
 336:Core/Src/main.c ****   HAL_NVIC_EnableIRQ(DMA1_Stream4_IRQn);
 180              		.loc 1 336 3 view .LVU41
 181 0040 2246     		mov	r2, r4
 182 0042 2146     		mov	r1, r4
 183 0044 0F20     		movs	r0, #15
 184 0046 FFF7FEFF 		bl	HAL_NVIC_SetPriority
 185              	.LVL2:
 337:Core/Src/main.c **** 	
 186              		.loc 1 337 3 view .LVU42
 187 004a 0F20     		movs	r0, #15
 188 004c FFF7FEFF 		bl	HAL_NVIC_EnableIRQ
 189              	.LVL3:
 341:Core/Src/main.c ****   HAL_NVIC_EnableIRQ(DMA2_Stream0_IRQn);
 190              		.loc 1 341 3 view .LVU43
ARM GAS  /tmp/cceP7lds.s 			page 12


 191 0050 2246     		mov	r2, r4
 192 0052 2146     		mov	r1, r4
 193 0054 3820     		movs	r0, #56
 194 0056 FFF7FEFF 		bl	HAL_NVIC_SetPriority
 195              	.LVL4:
 342:Core/Src/main.c ****   /* DMA1_Stream4_IRQn interrupt configuration */
 196              		.loc 1 342 3 view .LVU44
 197 005a 3820     		movs	r0, #56
 198 005c FFF7FEFF 		bl	HAL_NVIC_EnableIRQ
 199              	.LVL5:
 344:Core/Src/main.c ****   HAL_NVIC_EnableIRQ(DMA2_Stream3_IRQn);
 200              		.loc 1 344 3 view .LVU45
 201 0060 2246     		mov	r2, r4
 202 0062 2146     		mov	r1, r4
 203 0064 3B20     		movs	r0, #59
 204 0066 FFF7FEFF 		bl	HAL_NVIC_SetPriority
 205              	.LVL6:
 345:Core/Src/main.c **** 	
 206              		.loc 1 345 3 view .LVU46
 207 006a 3B20     		movs	r0, #59
 208 006c FFF7FEFF 		bl	HAL_NVIC_EnableIRQ
 209              	.LVL7:
 349:Core/Src/main.c ****   HAL_NVIC_EnableIRQ(DMA2_Stream2_IRQn);
 210              		.loc 1 349 3 view .LVU47
 211 0070 2246     		mov	r2, r4
 212 0072 2146     		mov	r1, r4
 213 0074 3A20     		movs	r0, #58
 214 0076 FFF7FEFF 		bl	HAL_NVIC_SetPriority
 215              	.LVL8:
 350:Core/Src/main.c ****   /* DMA1_Stream4_IRQn interrupt configuration */
 216              		.loc 1 350 3 view .LVU48
 217 007a 3A20     		movs	r0, #58
 218 007c FFF7FEFF 		bl	HAL_NVIC_EnableIRQ
 219              	.LVL9:
 352:Core/Src/main.c ****   HAL_NVIC_EnableIRQ(DMA2_Stream7_IRQn);
 220              		.loc 1 352 3 view .LVU49
 221 0080 2246     		mov	r2, r4
 222 0082 2146     		mov	r1, r4
 223 0084 4620     		movs	r0, #70
 224 0086 FFF7FEFF 		bl	HAL_NVIC_SetPriority
 225              	.LVL10:
 353:Core/Src/main.c **** 
 226              		.loc 1 353 3 view .LVU50
 227 008a 4620     		movs	r0, #70
 228 008c FFF7FEFF 		bl	HAL_NVIC_EnableIRQ
 229              	.LVL11:
 355:Core/Src/main.c **** /**
 230              		.loc 1 355 1 is_stmt 0 view .LVU51
 231 0090 02B0     		add	sp, sp, #8
 232              	.LCFI4:
 233              		.cfi_def_cfa_offset 8
 234              		@ sp needed
 235 0092 10BD     		pop	{r4, pc}
 236              	.L8:
 237              		.align	2
 238              	.L7:
 239 0094 00380240 		.word	1073887232
ARM GAS  /tmp/cceP7lds.s 			page 13


 240              		.cfi_endproc
 241              	.LFE138:
 243              		.section	.text.get_dt_us,"ax",%progbits
 244              		.align	1
 245              		.global	get_dt_us
 246              		.syntax unified
 247              		.thumb
 248              		.thumb_func
 249              		.fpu fpv4-sp-d16
 251              	get_dt_us:
 252              	.LFB134:
  84:Core/Src/main.c **** #if 0
 253              		.loc 1 84 26 is_stmt 1 view -0
 254              		.cfi_startproc
 255              		@ args = 0, pretend = 0, frame = 0
 256              		@ frame_needed = 0, uses_anonymous_args = 0
 257              		@ link register save eliminated.
  94:Core/Src/main.c ****   TIM10->CNT = 0;
 258              		.loc 1 94 3 view .LVU53
  94:Core/Src/main.c ****   TIM10->CNT = 0;
 259              		.loc 1 94 12 is_stmt 0 view .LVU54
 260 0000 024B     		ldr	r3, .L10
 261 0002 586A     		ldr	r0, [r3, #36]
 262              	.LVL12:
  95:Core/Src/main.c **** #endif
 263              		.loc 1 95 3 is_stmt 1 view .LVU55
  95:Core/Src/main.c **** #endif
 264              		.loc 1 95 14 is_stmt 0 view .LVU56
 265 0004 0022     		movs	r2, #0
 266 0006 5A62     		str	r2, [r3, #36]
  97:Core/Src/main.c **** }
 267              		.loc 1 97 3 is_stmt 1 view .LVU57
  98:Core/Src/main.c **** uint32_t dt_us;
 268              		.loc 1 98 1 is_stmt 0 view .LVU58
 269 0008 7047     		bx	lr
 270              	.L11:
 271 000a 00BF     		.align	2
 272              	.L10:
 273 000c 00440140 		.word	1073824768
 274              		.cfi_endproc
 275              	.LFE134:
 277              		.section	.text.torque_control_update,"ax",%progbits
 278              		.align	1
 279              		.global	torque_control_update
 280              		.syntax unified
 281              		.thumb
 282              		.thumb_func
 283              		.fpu fpv4-sp-d16
 285              	torque_control_update:
 286              	.LFB135:
 101:Core/Src/main.c ****   int ret = 0;
 287              		.loc 1 101 33 is_stmt 1 view -0
 288              		.cfi_startproc
 289              		@ args = 0, pretend = 0, frame = 0
 290              		@ frame_needed = 0, uses_anonymous_args = 0
 291 0000 10B5     		push	{r4, lr}
 292              	.LCFI5:
ARM GAS  /tmp/cceP7lds.s 			page 14


 293              		.cfi_def_cfa_offset 8
 294              		.cfi_offset 4, -8
 295              		.cfi_offset 14, -4
 102:Core/Src/main.c ****   static uint8_t event_speed_loop_count = 0;
 296              		.loc 1 102 3 view .LVU60
 297              	.LVL13:
 103:Core/Src/main.c **** 	static float rpm_temp = 0.0f;
 298              		.loc 1 103 3 view .LVU61
 104:Core/Src/main.c **** 	
 299              		.loc 1 104 2 view .LVU62
 106:Core/Src/main.c **** 	foc_current_control_update(&hfoc);
 300              		.loc 1 106 3 view .LVU63
 301 0002 144C     		ldr	r4, .L17
 302 0004 04F16C03 		add	r3, r4, #108
 303 0008 04F16802 		add	r2, r4, #104
 304 000c 04F16401 		add	r1, r4, #100
 305 0010 1148     		ldr	r0, .L17+4
 306 0012 FFF7FEFF 		bl	DRV8323_Get_Current
 307              	.LVL14:
 107:Core/Src/main.c **** //	foc_get_mech_degree(&hfoc);
 308              		.loc 1 107 2 view .LVU64
 309 0016 2046     		mov	r0, r4
 310 0018 FFF7FEFF 		bl	foc_current_control_update
 311              	.LVL15:
 110:Core/Src/main.c ****     event_speed_loop_count = 0;
 312              		.loc 1 110 3 view .LVU65
 110:Core/Src/main.c ****     event_speed_loop_count = 0;
 313              		.loc 1 110 30 is_stmt 0 view .LVU66
 314 001c 0F4B     		ldr	r3, .L17+8
 315 001e 1B78     		ldrb	r3, [r3]	@ zero_extendqisi2
 110:Core/Src/main.c ****     event_speed_loop_count = 0;
 316              		.loc 1 110 6 view .LVU67
 317 0020 0A2B     		cmp	r3, #10
 318 0022 05D8     		bhi	.L16
 102:Core/Src/main.c ****   static uint8_t event_speed_loop_count = 0;
 319              		.loc 1 102 7 view .LVU68
 320 0024 0020     		movs	r0, #0
 321              	.LVL16:
 322              	.L13:
 119:Core/Src/main.c **** 
 323              		.loc 1 119 3 is_stmt 1 view .LVU69
 119:Core/Src/main.c **** 
 324              		.loc 1 119 25 is_stmt 0 view .LVU70
 325 0026 0D4A     		ldr	r2, .L17+8
 326 0028 1378     		ldrb	r3, [r2]	@ zero_extendqisi2
 327 002a 0133     		adds	r3, r3, #1
 328 002c 1370     		strb	r3, [r2]
 121:Core/Src/main.c **** }
 329              		.loc 1 121 3 is_stmt 1 view .LVU71
 122:Core/Src/main.c **** 
 330              		.loc 1 122 1 is_stmt 0 view .LVU72
 331 002e 10BD     		pop	{r4, pc}
 332              	.LVL17:
 333              	.L16:
 334              	.LBB10:
 111:Core/Src/main.c ****     dt_us = get_dt_us();
 335              		.loc 1 111 5 is_stmt 1 view .LVU73
ARM GAS  /tmp/cceP7lds.s 			page 15


 111:Core/Src/main.c ****     dt_us = get_dt_us();
 336              		.loc 1 111 28 is_stmt 0 view .LVU74
 337 0030 0A4B     		ldr	r3, .L17+8
 338 0032 0022     		movs	r2, #0
 339 0034 1A70     		strb	r2, [r3]
 112:Core/Src/main.c ****     float rpm_encd = ENCODER_GetRPM(&encoder, dt_us);
 340              		.loc 1 112 5 is_stmt 1 view .LVU75
 112:Core/Src/main.c ****     float rpm_encd = ENCODER_GetRPM(&encoder, dt_us);
 341              		.loc 1 112 13 is_stmt 0 view .LVU76
 342 0036 FFF7FEFF 		bl	get_dt_us
 343              	.LVL18:
 344 003a 0146     		mov	r1, r0
 112:Core/Src/main.c ****     float rpm_encd = ENCODER_GetRPM(&encoder, dt_us);
 345              		.loc 1 112 11 view .LVU77
 346 003c 084B     		ldr	r3, .L17+12
 347 003e 1860     		str	r0, [r3]
 113:Core/Src/main.c ****     foc_calc_mech_rpm_encoder(&hfoc, rpm_encd);
 348              		.loc 1 113 5 is_stmt 1 view .LVU78
 113:Core/Src/main.c ****     foc_calc_mech_rpm_encoder(&hfoc, rpm_encd);
 349              		.loc 1 113 22 is_stmt 0 view .LVU79
 350 0040 0848     		ldr	r0, .L17+16
 351 0042 FFF7FEFF 		bl	ENCODER_GetRPM
 352              	.LVL19:
 114:Core/Src/main.c ****     foc_set_flag();
 353              		.loc 1 114 5 is_stmt 1 view .LVU80
 354 0046 2046     		mov	r0, r4
 355 0048 FFF7FEFF 		bl	foc_calc_mech_rpm_encoder
 356              	.LVL20:
 115:Core/Src/main.c ****     ret = 1;
 357              		.loc 1 115 5 view .LVU81
 358 004c 0120     		movs	r0, #1
 359 004e 064B     		ldr	r3, .L17+20
 360 0050 1870     		strb	r0, [r3]
 116:Core/Src/main.c ****   }
 361              		.loc 1 116 5 view .LVU82
 362              	.LVL21:
 116:Core/Src/main.c ****   }
 363              		.loc 1 116 5 is_stmt 0 view .LVU83
 364 0052 E8E7     		b	.L13
 365              	.L18:
 366              		.align	2
 367              	.L17:
 368 0054 00000000 		.word	.LANCHOR0
 369 0058 00000000 		.word	.LANCHOR1
 370 005c 00000000 		.word	.LANCHOR2
 371 0060 00000000 		.word	.LANCHOR3
 372 0064 00000000 		.word	encoder
 373 0068 00000000 		.word	foc_ready
 374              	.LBE10:
 375              		.cfi_endproc
 376              	.LFE135:
 378              		.section	.text.control_init,"ax",%progbits
 379              		.align	1
 380              		.global	control_init
 381              		.syntax unified
 382              		.thumb
 383              		.thumb_func
ARM GAS  /tmp/cceP7lds.s 			page 16


 384              		.fpu fpv4-sp-d16
 386              	control_init:
 387              	.LFB136:
 124:Core/Src/main.c **** 	hfoc.angle_filtered = &encoder.angle_filtered;
 388              		.loc 1 124 25 is_stmt 1 view -0
 389              		.cfi_startproc
 390              		@ args = 0, pretend = 0, frame = 0
 391              		@ frame_needed = 0, uses_anonymous_args = 0
 392 0000 70B5     		push	{r4, r5, r6, lr}
 393              	.LCFI6:
 394              		.cfi_def_cfa_offset 16
 395              		.cfi_offset 4, -16
 396              		.cfi_offset 5, -12
 397              		.cfi_offset 6, -8
 398              		.cfi_offset 14, -4
 399 0002 2DED028B 		vpush.64	{d8}
 400              	.LCFI7:
 401              		.cfi_def_cfa_offset 24
 402              		.cfi_offset 80, -24
 403              		.cfi_offset 81, -20
 404 0006 82B0     		sub	sp, sp, #8
 405              	.LCFI8:
 406              		.cfi_def_cfa_offset 32
 125:Core/Src/main.c **** 
 407              		.loc 1 125 2 view .LVU85
 125:Core/Src/main.c **** 
 408              		.loc 1 125 22 is_stmt 0 view .LVU86
 409 0008 654D     		ldr	r5, .L21
 410 000a 664B     		ldr	r3, .L21+4
 411 000c C5F89831 		str	r3, [r5, #408]
 135:Core/Src/main.c ****   pid_set_ts(&hfoc.id_ctrl, FOC_TS);
 412              		.loc 1 135 3 is_stmt 1 view .LVU87
 413 0010 05F1A806 		add	r6, r5, #168
 414 0014 3046     		mov	r0, r6
 415 0016 FFF7FEFF 		bl	pid_reset
 416              	.LVL22:
 136:Core/Src/main.c ****   pid_set_kp(&hfoc.id_ctrl, m_config.id_kp);
 417              		.loc 1 136 3 view .LVU88
 418 001a 9FED638A 		vldr.32	s16, .L21+8
 419 001e B0EE480A 		vmov.f32	s0, s16
 420 0022 3046     		mov	r0, r6
 421 0024 FFF7FEFF 		bl	pid_set_ts
 422              	.LVL23:
 137:Core/Src/main.c ****   pid_set_ki(&hfoc.id_ctrl, m_config.id_ki);
 423              		.loc 1 137 3 view .LVU89
 424 0028 604C     		ldr	r4, .L21+12
 425 002a 94ED010A 		vldr.32	s0, [r4, #4]
 426 002e 3046     		mov	r0, r6
 427 0030 FFF7FEFF 		bl	pid_set_kp
 428              	.LVL24:
 138:Core/Src/main.c ****   pid_set_out_constraint(&hfoc.id_ctrl, m_config.id_out_max, -m_config.id_out_max);
 429              		.loc 1 138 3 view .LVU90
 430 0034 94ED020A 		vldr.32	s0, [r4, #8]
 431 0038 3046     		mov	r0, r6
 432 003a FFF7FEFF 		bl	pid_set_ki
 433              	.LVL25:
 139:Core/Src/main.c ****   pid_set_deadband(&hfoc.id_ctrl, m_config.id_e_deadband);
ARM GAS  /tmp/cceP7lds.s 			page 17


 434              		.loc 1 139 3 view .LVU91
 435 003e 94ED030A 		vldr.32	s0, [r4, #12]
 436 0042 F1EE400A 		vneg.f32	s1, s0
 437 0046 3046     		mov	r0, r6
 438 0048 FFF7FEFF 		bl	pid_set_out_constraint
 439              	.LVL26:
 140:Core/Src/main.c ****   // Id PI parameter
 440              		.loc 1 140 3 view .LVU92
 441 004c 94ED040A 		vldr.32	s0, [r4, #16]
 442 0050 3046     		mov	r0, r6
 443 0052 FFF7FEFF 		bl	pid_set_deadband
 444              	.LVL27:
 142:Core/Src/main.c ****   pid_set_ts(&hfoc.iq_ctrl, FOC_TS);
 445              		.loc 1 142 3 view .LVU93
 446 0056 05F1DC06 		add	r6, r5, #220
 447 005a 3046     		mov	r0, r6
 448 005c FFF7FEFF 		bl	pid_reset
 449              	.LVL28:
 143:Core/Src/main.c ****   pid_set_kp(&hfoc.iq_ctrl, m_config.iq_kp);
 450              		.loc 1 143 3 view .LVU94
 451 0060 B0EE480A 		vmov.f32	s0, s16
 452 0064 3046     		mov	r0, r6
 453 0066 FFF7FEFF 		bl	pid_set_ts
 454              	.LVL29:
 144:Core/Src/main.c ****   pid_set_ki(&hfoc.iq_ctrl, m_config.iq_ki);
 455              		.loc 1 144 3 view .LVU95
 456 006a 94ED050A 		vldr.32	s0, [r4, #20]
 457 006e 3046     		mov	r0, r6
 458 0070 FFF7FEFF 		bl	pid_set_kp
 459              	.LVL30:
 145:Core/Src/main.c ****   pid_set_out_constraint(&hfoc.iq_ctrl, m_config.iq_out_max, -m_config.iq_out_max);
 460              		.loc 1 145 3 view .LVU96
 461 0074 94ED060A 		vldr.32	s0, [r4, #24]
 462 0078 3046     		mov	r0, r6
 463 007a FFF7FEFF 		bl	pid_set_ki
 464              	.LVL31:
 146:Core/Src/main.c ****   pid_set_deadband(&hfoc.iq_ctrl, m_config.iq_e_deadband);
 465              		.loc 1 146 3 view .LVU97
 466 007e 94ED070A 		vldr.32	s0, [r4, #28]
 467 0082 F1EE400A 		vneg.f32	s1, s0
 468 0086 3046     		mov	r0, r6
 469 0088 FFF7FEFF 		bl	pid_set_out_constraint
 470              	.LVL32:
 147:Core/Src/main.c ****   // Speed PID parameter
 471              		.loc 1 147 3 view .LVU98
 472 008c 94ED080A 		vldr.32	s0, [r4, #32]
 473 0090 3046     		mov	r0, r6
 474 0092 FFF7FEFF 		bl	pid_set_deadband
 475              	.LVL33:
 149:Core/Src/main.c ****   pid_set_ts(&hfoc.speed_ctrl, FOC_TS * SPEED_CONTROL_CYCLE);
 476              		.loc 1 149 3 view .LVU99
 477 0096 05F58876 		add	r6, r5, #272
 478 009a 3046     		mov	r0, r6
 479 009c FFF7FEFF 		bl	pid_reset
 480              	.LVL34:
 150:Core/Src/main.c ****   pid_set_kp(&hfoc.speed_ctrl, m_config.speed_kp);
 481              		.loc 1 150 3 view .LVU100
ARM GAS  /tmp/cceP7lds.s 			page 18


 482 00a0 DFED438A 		vldr.32	s17, .L21+16
 483 00a4 B0EE680A 		vmov.f32	s0, s17
 484 00a8 3046     		mov	r0, r6
 485 00aa FFF7FEFF 		bl	pid_set_ts
 486              	.LVL35:
 151:Core/Src/main.c ****   pid_set_ki(&hfoc.speed_ctrl, m_config.speed_ki);
 487              		.loc 1 151 3 view .LVU101
 488 00ae 94ED0A0A 		vldr.32	s0, [r4, #40]
 489 00b2 3046     		mov	r0, r6
 490 00b4 FFF7FEFF 		bl	pid_set_kp
 491              	.LVL36:
 152:Core/Src/main.c ****   pid_set_kd(&hfoc.speed_ctrl, 0.0001f);
 492              		.loc 1 152 3 view .LVU102
 493 00b8 94ED0B0A 		vldr.32	s0, [r4, #44]
 494 00bc 3046     		mov	r0, r6
 495 00be FFF7FEFF 		bl	pid_set_ki
 496              	.LVL37:
 153:Core/Src/main.c ****   pid_set_d_filter_fc(&hfoc.speed_ctrl, 100.0f);
 497              		.loc 1 153 3 view .LVU103
 498 00c2 9FED3C0A 		vldr.32	s0, .L21+20
 499 00c6 3046     		mov	r0, r6
 500 00c8 FFF7FEFF 		bl	pid_set_kd
 501              	.LVL38:
 154:Core/Src/main.c ****   pid_set_max_d(&hfoc.speed_ctrl, 10.0f);
 502              		.loc 1 154 3 view .LVU104
 503 00cc 9FED3A8A 		vldr.32	s16, .L21+24
 504 00d0 B0EE480A 		vmov.f32	s0, s16
 505 00d4 3046     		mov	r0, r6
 506 00d6 FFF7FEFF 		bl	pid_set_d_filter_fc
 507              	.LVL39:
 155:Core/Src/main.c ****   pid_set_out_constraint(&hfoc.speed_ctrl, m_config.speed_out_max, -m_config.speed_out_max);
 508              		.loc 1 155 3 view .LVU105
 509 00da B2EE040A 		vmov.f32	s0, #1.0e+1
 510 00de 3046     		mov	r0, r6
 511 00e0 FFF7FEFF 		bl	pid_set_max_d
 512              	.LVL40:
 156:Core/Src/main.c ****   pid_set_deadband(&hfoc.speed_ctrl, m_config.speed_e_deadband);
 513              		.loc 1 156 3 view .LVU106
 514 00e4 94ED0C0A 		vldr.32	s0, [r4, #48]
 515 00e8 F1EE400A 		vneg.f32	s1, s0
 516 00ec 3046     		mov	r0, r6
 517 00ee FFF7FEFF 		bl	pid_set_out_constraint
 518              	.LVL41:
 157:Core/Src/main.c ****   // Position PID parameter
 519              		.loc 1 157 3 view .LVU107
 520 00f2 94ED0D0A 		vldr.32	s0, [r4, #52]
 521 00f6 3046     		mov	r0, r6
 522 00f8 FFF7FEFF 		bl	pid_set_deadband
 523              	.LVL42:
 159:Core/Src/main.c ****   pid_set_ts(&hfoc.pos_ctrl, FOC_TS * SPEED_CONTROL_CYCLE);
 524              		.loc 1 159 3 view .LVU108
 525 00fc 05F5A276 		add	r6, r5, #324
 526 0100 3046     		mov	r0, r6
 527 0102 FFF7FEFF 		bl	pid_reset
 528              	.LVL43:
 160:Core/Src/main.c ****   pid_set_kp(&hfoc.pos_ctrl, m_config.pos_kp);
 529              		.loc 1 160 3 view .LVU109
ARM GAS  /tmp/cceP7lds.s 			page 19


 530 0106 B0EE680A 		vmov.f32	s0, s17
 531 010a 3046     		mov	r0, r6
 532 010c FFF7FEFF 		bl	pid_set_ts
 533              	.LVL44:
 161:Core/Src/main.c ****   pid_set_ki(&hfoc.pos_ctrl, m_config.pos_ki);
 534              		.loc 1 161 3 view .LVU110
 535 0110 94ED0E0A 		vldr.32	s0, [r4, #56]
 536 0114 3046     		mov	r0, r6
 537 0116 FFF7FEFF 		bl	pid_set_kp
 538              	.LVL45:
 162:Core/Src/main.c ****   pid_set_kd(&hfoc.pos_ctrl, m_config.pos_kd);
 539              		.loc 1 162 3 view .LVU111
 540 011a 94ED0F0A 		vldr.32	s0, [r4, #60]
 541 011e 3046     		mov	r0, r6
 542 0120 FFF7FEFF 		bl	pid_set_ki
 543              	.LVL46:
 163:Core/Src/main.c ****   pid_set_d_filter_fc(&hfoc.pos_ctrl, 20.0f);
 544              		.loc 1 163 3 view .LVU112
 545 0124 94ED100A 		vldr.32	s0, [r4, #64]
 546 0128 3046     		mov	r0, r6
 547 012a FFF7FEFF 		bl	pid_set_kd
 548              	.LVL47:
 164:Core/Src/main.c ****   pid_set_max_d(&hfoc.pos_ctrl, 100.0f);
 549              		.loc 1 164 3 view .LVU113
 550 012e B3EE040A 		vmov.f32	s0, #2.0e+1
 551 0132 3046     		mov	r0, r6
 552 0134 FFF7FEFF 		bl	pid_set_d_filter_fc
 553              	.LVL48:
 165:Core/Src/main.c ****   pid_set_out_constraint(&hfoc.pos_ctrl, m_config.pos_out_max, -m_config.pos_out_max);
 554              		.loc 1 165 3 view .LVU114
 555 0138 B0EE480A 		vmov.f32	s0, s16
 556 013c 3046     		mov	r0, r6
 557 013e FFF7FEFF 		bl	pid_set_max_d
 558              	.LVL49:
 166:Core/Src/main.c ****   pid_set_deadband(&hfoc.pos_ctrl, m_config.pos_e_deadband);
 559              		.loc 1 166 3 view .LVU115
 560 0142 94ED110A 		vldr.32	s0, [r4, #68]
 561 0146 F1EE400A 		vneg.f32	s1, s0
 562 014a 3046     		mov	r0, r6
 563 014c FFF7FEFF 		bl	pid_set_out_constraint
 564              	.LVL50:
 167:Core/Src/main.c **** 
 565              		.loc 1 167 3 view .LVU116
 566 0150 94ED120A 		vldr.32	s0, [r4, #72]
 567 0154 3046     		mov	r0, r6
 568 0156 FFF7FEFF 		bl	pid_set_deadband
 569              	.LVL51:
 171:Core/Src/main.c ****   foc_motor_init(&hfoc, POLE_PAIR, 750);
 570              		.loc 1 171 2 view .LVU117
 571 015a 184B     		ldr	r3, .L21+28
 572 015c 9B68     		ldr	r3, [r3, #8]
 573 015e 0093     		str	r3, [sp]
 574 0160 174B     		ldr	r3, .L21+32
 575 0162 184A     		ldr	r2, .L21+36
 576 0164 1849     		ldr	r1, .L21+40
 577 0166 2846     		mov	r0, r5
 578 0168 FFF7FEFF 		bl	foc_pwm_init
ARM GAS  /tmp/cceP7lds.s 			page 20


 579              	.LVL52:
 172:Core/Src/main.c ****   foc_sensor_init(&hfoc, m_config.encd_offset, REVERSE_DIR);
 580              		.loc 1 172 3 view .LVU118
 581 016c 9FED170A 		vldr.32	s0, .L21+44
 582 0170 0721     		movs	r1, #7
 583 0172 2846     		mov	r0, r5
 584 0174 FFF7FEFF 		bl	foc_motor_init
 585              	.LVL53:
 173:Core/Src/main.c ****   foc_gear_reducer_init(&hfoc, 1.0);
 586              		.loc 1 173 3 view .LVU119
 587 0178 0121     		movs	r1, #1
 588 017a 94ED150A 		vldr.32	s0, [r4, #84]
 589 017e 2846     		mov	r0, r5
 590 0180 FFF7FEFF 		bl	foc_sensor_init
 591              	.LVL54:
 174:Core/Src/main.c ****   foc_set_limit_current(&hfoc, 10.0);
 592              		.loc 1 174 3 view .LVU120
 593 0184 B7EE000A 		vmov.f32	s0, #1.0e+0
 594 0188 2846     		mov	r0, r5
 595 018a FFF7FEFF 		bl	foc_gear_reducer_init
 596              	.LVL55:
 175:Core/Src/main.c ****  
 597              		.loc 1 175 3 view .LVU121
 598 018e B2EE040A 		vmov.f32	s0, #1.0e+1
 599 0192 2846     		mov	r0, r5
 600 0194 FFF7FEFF 		bl	foc_set_limit_current
 601              	.LVL56:
 177:Core/Src/main.c **** uint8_t Serial2RxBuffer[1];
 602              		.loc 1 177 1 is_stmt 0 view .LVU122
 603 0198 02B0     		add	sp, sp, #8
 604              	.LCFI9:
 605              		.cfi_def_cfa_offset 24
 606              		@ sp needed
 607 019a BDEC028B 		vldm	sp!, {d8}
 608              	.LCFI10:
 609              		.cfi_restore 80
 610              		.cfi_restore 81
 611              		.cfi_def_cfa_offset 16
 612 019e 70BD     		pop	{r4, r5, r6, pc}
 613              	.L22:
 614              		.align	2
 615              	.L21:
 616 01a0 00000000 		.word	.LANCHOR0
 617 01a4 28000000 		.word	encoder+40
 618 01a8 ACC52738 		.word	942130604
 619 01ac 00000000 		.word	m_config
 620 01b0 17B7D139 		.word	970045207
 621 01b4 17B7D138 		.word	953267991
 622 01b8 0000C842 		.word	1120403456
 623 01bc 00000000 		.word	.LANCHOR1
 624 01c0 3C000140 		.word	1073807420
 625 01c4 38000140 		.word	1073807416
 626 01c8 34000140 		.word	1073807412
 627 01cc 00803B44 		.word	1144750080
 628              		.cfi_endproc
 629              	.LFE136:
 631              		.section	.text.TIM3_IRQHandler,"ax",%progbits
ARM GAS  /tmp/cceP7lds.s 			page 21


 632              		.align	1
 633              		.global	TIM3_IRQHandler
 634              		.syntax unified
 635              		.thumb
 636              		.thumb_func
 637              		.fpu fpv4-sp-d16
 639              	TIM3_IRQHandler:
 640              	.LFB141:
 423:Core/Src/main.c **** 
 424:Core/Src/main.c **** /* USER CODE BEGIN 4 */
 425:Core/Src/main.c **** 
 426:Core/Src/main.c **** void TIM3_IRQHandler(void){
 641              		.loc 1 426 27 is_stmt 1 view -0
 642              		.cfi_startproc
 643              		@ args = 0, pretend = 0, frame = 0
 644              		@ frame_needed = 0, uses_anonymous_args = 0
 645              		@ link register save eliminated.
 427:Core/Src/main.c **** 	TIM3->SR &= ~TIM_SR_UIF;
 646              		.loc 1 427 2 view .LVU124
 647              		.loc 1 427 11 is_stmt 0 view .LVU125
 648 0000 024A     		ldr	r2, .L24
 649 0002 1369     		ldr	r3, [r2, #16]
 650 0004 23F00103 		bic	r3, r3, #1
 651 0008 1361     		str	r3, [r2, #16]
 428:Core/Src/main.c **** //	DRV8323_Get_Current(&bldc, &hfoc.ia, &hfoc.ib,&hfoc.ic);
 429:Core/Src/main.c **** //	USART_Get_Angle(&usart_tx, hfoc.actual_angle);
 430:Core/Src/main.c **** //	USART_Get_Vel(&usart_tx, hfoc.actual_rpm);
 431:Core/Src/main.c **** //	USART_Get_Pos(&usart_tx, hfoc.actual_angle);
 432:Core/Src/main.c **** //	USART_Get_Current(&usart_tx, hfoc.ia, hfoc.ib, hfoc.ic);	
 433:Core/Src/main.c **** //	USART_TRANSMIT(&usart_tx);
 434:Core/Src/main.c **** 	
 435:Core/Src/main.c **** 	
 436:Core/Src/main.c **** }
 652              		.loc 1 436 1 view .LVU126
 653 000a 7047     		bx	lr
 654              	.L25:
 655              		.align	2
 656              	.L24:
 657 000c 00040040 		.word	1073742848
 658              		.cfi_endproc
 659              	.LFE141:
 661              		.section	.text.HAL_SPI_TxRxCpltCallback,"ax",%progbits
 662              		.align	1
 663              		.global	HAL_SPI_TxRxCpltCallback
 664              		.syntax unified
 665              		.thumb
 666              		.thumb_func
 667              		.fpu fpv4-sp-d16
 669              	HAL_SPI_TxRxCpltCallback:
 670              	.LVL57:
 671              	.LFB142:
 437:Core/Src/main.c **** //
 438:Core/Src/main.c **** /*===========================================================*/
 439:Core/Src/main.c **** uint32_t crc_check, crc_rev;
 440:Core/Src/main.c **** float k = -1.0f, p = 0.1f ;
 441:Core/Src/main.c **** //void USART6_IRQHandler(void){
 442:Core/Src/main.c **** //	HAL_UART_IRQHandler(&huart);
ARM GAS  /tmp/cceP7lds.s 			page 22


 443:Core/Src/main.c **** 	
 444:Core/Src/main.c **** //	if(usart_rx.rx_buff[ID_HEADER] == HEADER){
 445:Core/Src/main.c **** 
 446:Core/Src/main.c **** //		memcpy(&crc_rev, &usart_rx.rx_buff[ID_CRC], 4);
 447:Core/Src/main.c **** 
 448:Core/Src/main.c **** //		switch(usart_rx.rx_buff[ID_MODE]){
 449:Core/Src/main.c **** //			case TORQUE_CONTROL_MODE: {
 450:Core/Src/main.c **** //				hfoc.control_mode = TORQUE_CONTROL_MODE;
 451:Core/Src/main.c **** //				memcpy(&sPoint_Tor, &usart_rx.rx_buff[ID_TOR], 4);
 452:Core/Src/main.c **** //			break;
 453:Core/Src/main.c **** //			}
 454:Core/Src/main.c **** //			case SPEED_CONTROL_MODE: {
 455:Core/Src/main.c **** //				hfoc.control_mode = SPEED_CONTROL_MODE;
 456:Core/Src/main.c **** //				memcpy(&sPoint_Vel, &usart_rx.rx_buff[ID_VEL], 4);
 457:Core/Src/main.c **** //				memcpy(&hfoc.iq_ctrl.out_max, &usart_rx.rx_buff[ID_TOR], 4);
 458:Core/Src/main.c **** //				break;
 459:Core/Src/main.c **** //			}
 460:Core/Src/main.c **** //			case POSITION_CONTROL_MODE: {
 461:Core/Src/main.c **** //				hfoc.control_mode = POSITION_CONTROL_MODE;
 462:Core/Src/main.c **** //				memcpy(&sPoint_Pos, &usart_rx.rx_buff[ID_POS], 4);
 463:Core/Src/main.c **** //				memcpy(&hfoc.pos_ctrl.out_max, &usart_rx.rx_buff[ID_VEL], 4);
 464:Core/Src/main.c **** //				memcpy(&hfoc.iq_ctrl.out_max, &usart_rx.rx_buff[ID_TOR], 4);
 465:Core/Src/main.c **** //				break;
 466:Core/Src/main.c **** //			}
 467:Core/Src/main.c **** ////			case POSITION_CONTROL_MODE: {
 468:Core/Src/main.c **** ////				hfoc.control_mode = TORQUE_CONTROL_MODE;
 469:Core/Src/main.c **** ////				memcpy(&sPoint_Pos, &usart_rx.rx_buff[ID_POS], 4);
 470:Core/Src/main.c **** //////				sPoint_Tor = k*(sPoint_Pos - hfoc.actual_angle);
 471:Core/Src/main.c **** ////				
 472:Core/Src/main.c **** ////				break;
 473:Core/Src/main.c **** ////			}
 474:Core/Src/main.c **** //			default:{
 475:Core/Src/main.c **** //				
 476:Core/Src/main.c **** //				break;
 477:Core/Src/main.c **** //			}
 478:Core/Src/main.c **** //		}
 479:Core/Src/main.c **** //	}
 480:Core/Src/main.c **** 
 481:Core/Src/main.c **** 
 482:Core/Src/main.c **** //}
 483:Core/Src/main.c **** //
 484:Core/Src/main.c **** 
 485:Core/Src/main.c **** 
 486:Core/Src/main.c **** /*===========================================================*/
 487:Core/Src/main.c **** 
 488:Core/Src/main.c **** void HAL_SPI_TxRxCpltCallback(SPI_HandleTypeDef *hspi)
 489:Core/Src/main.c **** {
 672              		.loc 1 489 1 is_stmt 1 view -0
 673              		.cfi_startproc
 674              		@ args = 0, pretend = 0, frame = 0
 675              		@ frame_needed = 0, uses_anonymous_args = 0
 676              		.loc 1 489 1 is_stmt 0 view .LVU128
 677 0000 08B5     		push	{r3, lr}
 678              	.LCFI11:
 679              		.cfi_def_cfa_offset 8
 680              		.cfi_offset 3, -8
 681              		.cfi_offset 14, -4
ARM GAS  /tmp/cceP7lds.s 			page 23


 490:Core/Src/main.c **** 	if (hspi->Instance == SPI2)
 682              		.loc 1 490 2 is_stmt 1 view .LVU129
 683              		.loc 1 490 10 is_stmt 0 view .LVU130
 684 0002 0268     		ldr	r2, [r0]
 685              		.loc 1 490 5 view .LVU131
 686 0004 034B     		ldr	r3, .L30
 687 0006 9A42     		cmp	r2, r3
 688 0008 00D0     		beq	.L29
 689              	.LVL58:
 690              	.L26:
 491:Core/Src/main.c **** 	{
 492:Core/Src/main.c **** 		foc_sensored_calc_electric_angle(&hfoc);
 493:Core/Src/main.c **** 
 494:Core/Src/main.c **** 	}
 495:Core/Src/main.c **** }
 691              		.loc 1 495 1 view .LVU132
 692 000a 08BD     		pop	{r3, pc}
 693              	.LVL59:
 694              	.L29:
 492:Core/Src/main.c **** 
 695              		.loc 1 492 3 is_stmt 1 view .LVU133
 696 000c 0248     		ldr	r0, .L30+4
 697              	.LVL60:
 492:Core/Src/main.c **** 
 698              		.loc 1 492 3 is_stmt 0 view .LVU134
 699 000e FFF7FEFF 		bl	foc_sensored_calc_electric_angle
 700              	.LVL61:
 701              		.loc 1 495 1 view .LVU135
 702 0012 FAE7     		b	.L26
 703              	.L31:
 704              		.align	2
 705              	.L30:
 706 0014 00380040 		.word	1073756160
 707 0018 00000000 		.word	.LANCHOR0
 708              		.cfi_endproc
 709              	.LFE142:
 711              		.section	.text.ADC_IRQHandler,"ax",%progbits
 712              		.align	1
 713              		.global	ADC_IRQHandler
 714              		.syntax unified
 715              		.thumb
 716              		.thumb_func
 717              		.fpu fpv4-sp-d16
 719              	ADC_IRQHandler:
 720              	.LFB143:
 496:Core/Src/main.c **** /*===========================================================*/
 497:Core/Src/main.c **** void ADC_IRQHandler(void) {
 721              		.loc 1 497 27 is_stmt 1 view -0
 722              		.cfi_startproc
 723              		@ args = 0, pretend = 0, frame = 0
 724              		@ frame_needed = 0, uses_anonymous_args = 0
 725 0000 08B5     		push	{r3, lr}
 726              	.LCFI12:
 727              		.cfi_def_cfa_offset 8
 728              		.cfi_offset 3, -8
 729              		.cfi_offset 14, -4
 498:Core/Src/main.c **** 
ARM GAS  /tmp/cceP7lds.s 			page 24


 499:Core/Src/main.c **** 	if (ADC1->SR & ADC_SR_JEOC) {
 730              		.loc 1 499 2 view .LVU137
 731              		.loc 1 499 10 is_stmt 0 view .LVU138
 732 0002 0C4B     		ldr	r3, .L36
 733 0004 1B68     		ldr	r3, [r3]
 734              		.loc 1 499 5 view .LVU139
 735 0006 13F0040F 		tst	r3, #4
 736 000a 11D0     		beq	.L32
 500:Core/Src/main.c **** 		ADC1->SR &= ~ADC_SR_JEOC;
 737              		.loc 1 500 3 is_stmt 1 view .LVU140
 738              		.loc 1 500 12 is_stmt 0 view .LVU141
 739 000c 094A     		ldr	r2, .L36
 740 000e 1368     		ldr	r3, [r2]
 741 0010 23F00403 		bic	r3, r3, #4
 742 0014 1360     		str	r3, [r2]
 501:Core/Src/main.c **** 	
 502:Core/Src/main.c **** 
 503:Core/Src/main.c **** 		if (ENCODER_GetFlag()) {
 743              		.loc 1 503 3 is_stmt 1 view .LVU142
 744              		.loc 1 503 7 is_stmt 0 view .LVU143
 745 0016 084B     		ldr	r3, .L36+4
 746 0018 1B78     		ldrb	r3, [r3]	@ zero_extendqisi2
 747              		.loc 1 503 6 view .LVU144
 748 001a 33B1     		cbz	r3, .L34
 504:Core/Src/main.c ****       ENCODER_Reset_Flag();
 749              		.loc 1 504 7 is_stmt 1 view .LVU145
 750 001c 064B     		ldr	r3, .L36+4
 751 001e 0022     		movs	r2, #0
 752 0020 1A70     		strb	r2, [r3]
 505:Core/Src/main.c ****       encoder.start_read(encoder.hw_encoder);
 753              		.loc 1 505 7 view .LVU146
 754              		.loc 1 505 14 is_stmt 0 view .LVU147
 755 0022 064B     		ldr	r3, .L36+8
 756 0024 DA6D     		ldr	r2, [r3, #92]
 757              		.loc 1 505 7 view .LVU148
 758 0026 986D     		ldr	r0, [r3, #88]
 759 0028 9047     		blx	r2
 760              	.LVL62:
 761              	.L34:
 506:Core/Src/main.c **** 		}
 507:Core/Src/main.c ****     run_fsm(&state);
 762              		.loc 1 507 5 is_stmt 1 view .LVU149
 763 002a 0548     		ldr	r0, .L36+12
 764 002c FFF7FEFF 		bl	run_fsm
 765              	.LVL63:
 766              	.L32:
 508:Core/Src/main.c **** 		// if (is_calibrating == 1) {
 509:Core/Src/main.c **** 		// 	return;
 510:Core/Src/main.c **** 		// }
 511:Core/Src/main.c **** 		
 512:Core/Src/main.c **** 		// hfoc.v_bus = 19.420f; 
 513:Core/Src/main.c **** 		// //hfoc.v_bus = 12.4f; 
 514:Core/Src/main.c **** 
 515:Core/Src/main.c **** 		// switch (hfoc.control_mode) {
 516:Core/Src/main.c ****     //   case TORQUE_CONTROL_MODE: {
 517:Core/Src/main.c **** 		// 		float deg_encd = ENCODER_GetActualDegree(&encoder);
 518:Core/Src/main.c ****     //     foc_calc_mech_pos_encoder(&hfoc, deg_encd);
ARM GAS  /tmp/cceP7lds.s 			page 25


 519:Core/Src/main.c **** 		// 		sPoint_Tor = k*(sPoint_Pos - hfoc.actual_angle) + p*hfoc.actual_rpm ;
 520:Core/Src/main.c ****     //     hfoc.id_ref = 0.0f;
 521:Core/Src/main.c ****     //     hfoc.iq_ref = sPoint_Tor;
 522:Core/Src/main.c ****     //     torque_control_update();
 523:Core/Src/main.c ****     //     break;
 524:Core/Src/main.c **** 		// 	}
 525:Core/Src/main.c **** 		// 	case POSITION_CONTROL_MODE: {
 526:Core/Src/main.c ****     //     if (torque_control_update() == 1) {
 527:Core/Src/main.c ****     //       float deg_encd = ENCODER_GetActualDegree(&encoder);
 528:Core/Src/main.c ****     //       foc_calc_mech_pos_encoder(&hfoc, deg_encd);
 529:Core/Src/main.c ****     //       foc_position_control_update(&hfoc, sPoint_Pos);
 530:Core/Src/main.c ****     //     }
 531:Core/Src/main.c ****     //     break;
 532:Core/Src/main.c **** 		// 	}
 533:Core/Src/main.c **** 			
 534:Core/Src/main.c **** 		// 	case SPEED_CONTROL_MODE: {
 535:Core/Src/main.c ****     //     if (torque_control_update() == 1) {
 536:Core/Src/main.c ****     //       foc_speed_control_update(&hfoc, sPoint_Vel);
 537:Core/Src/main.c **** 
 538:Core/Src/main.c ****     //     }
 539:Core/Src/main.c ****     //     break;
 540:Core/Src/main.c ****     //   }
 541:Core/Src/main.c ****     //   // case CALIBRATION_MODE: {
 542:Core/Src/main.c ****     //   //   foc_auto_calibration_update(&hfoc);
 543:Core/Src/main.c ****     //   //   break;
 544:Core/Src/main.c ****     //   // }
 545:Core/Src/main.c **** 		// 	default:
 546:Core/Src/main.c **** 				
 547:Core/Src/main.c **** 		// 		break;
 548:Core/Src/main.c **** 			
 549:Core/Src/main.c **** 		// }
 550:Core/Src/main.c **** 		
 551:Core/Src/main.c **** 		
 552:Core/Src/main.c **** 	}
 553:Core/Src/main.c **** }
 767              		.loc 1 553 1 is_stmt 0 view .LVU150
 768 0030 08BD     		pop	{r3, pc}
 769              	.L37:
 770 0032 00BF     		.align	2
 771              	.L36:
 772 0034 00200140 		.word	1073815552
 773 0038 00000000 		.word	encd_get_val_flag
 774 003c 00000000 		.word	encoder
 775 0040 00000000 		.word	.LANCHOR4
 776              		.cfi_endproc
 777              	.LFE143:
 779              		.section	.text.HAL_TIM_PeriodElapsedCallback,"ax",%progbits
 780              		.align	1
 781              		.global	HAL_TIM_PeriodElapsedCallback
 782              		.syntax unified
 783              		.thumb
 784              		.thumb_func
 785              		.fpu fpv4-sp-d16
 787              	HAL_TIM_PeriodElapsedCallback:
 788              	.LVL64:
 789              	.LFB144:
 554:Core/Src/main.c **** /* USER CODE END 4 */
ARM GAS  /tmp/cceP7lds.s 			page 26


 555:Core/Src/main.c **** 
 556:Core/Src/main.c **** /**
 557:Core/Src/main.c ****   * @brief  Period elapsed callback in non blocking mode
 558:Core/Src/main.c ****   * @note   This function is called  when TIM11 interrupt took place, inside
 559:Core/Src/main.c ****   * HAL_TIM_IRQHandler(). It makes a direct call to HAL_IncTick() to increment
 560:Core/Src/main.c ****   * a global variable "uwTick" used as application time base.
 561:Core/Src/main.c ****   * @param  htim : TIM handle
 562:Core/Src/main.c ****   * @retval None
 563:Core/Src/main.c ****   */
 564:Core/Src/main.c **** void HAL_TIM_PeriodElapsedCallback(TIM_HandleTypeDef *htim)
 565:Core/Src/main.c **** {
 790              		.loc 1 565 1 is_stmt 1 view -0
 791              		.cfi_startproc
 792              		@ args = 0, pretend = 0, frame = 0
 793              		@ frame_needed = 0, uses_anonymous_args = 0
 794              		.loc 1 565 1 is_stmt 0 view .LVU152
 795 0000 08B5     		push	{r3, lr}
 796              	.LCFI13:
 797              		.cfi_def_cfa_offset 8
 798              		.cfi_offset 3, -8
 799              		.cfi_offset 14, -4
 566:Core/Src/main.c ****   /* USER CODE BEGIN Callback 0 */
 567:Core/Src/main.c **** 
 568:Core/Src/main.c ****   /* USER CODE END Callback 0 */
 569:Core/Src/main.c ****   if (htim->Instance == TIM11)
 800              		.loc 1 569 3 is_stmt 1 view .LVU153
 801              		.loc 1 569 11 is_stmt 0 view .LVU154
 802 0002 0268     		ldr	r2, [r0]
 803              		.loc 1 569 6 view .LVU155
 804 0004 034B     		ldr	r3, .L42
 805 0006 9A42     		cmp	r2, r3
 806 0008 00D0     		beq	.L41
 807              	.LVL65:
 808              	.L38:
 570:Core/Src/main.c ****   {
 571:Core/Src/main.c ****     HAL_IncTick();
 572:Core/Src/main.c ****   }
 573:Core/Src/main.c ****   /* USER CODE BEGIN Callback 1 */
 574:Core/Src/main.c **** 
 575:Core/Src/main.c ****   /* USER CODE END Callback 1 */
 576:Core/Src/main.c **** }
 809              		.loc 1 576 1 view .LVU156
 810 000a 08BD     		pop	{r3, pc}
 811              	.LVL66:
 812              	.L41:
 571:Core/Src/main.c ****   }
 813              		.loc 1 571 5 is_stmt 1 view .LVU157
 814 000c FFF7FEFF 		bl	HAL_IncTick
 815              	.LVL67:
 816              		.loc 1 576 1 is_stmt 0 view .LVU158
 817 0010 FBE7     		b	.L38
 818              	.L43:
 819 0012 00BF     		.align	2
 820              	.L42:
 821 0014 00480140 		.word	1073825792
 822              		.cfi_endproc
 823              	.LFE144:
ARM GAS  /tmp/cceP7lds.s 			page 27


 825              		.section	.text.Error_Handler,"ax",%progbits
 826              		.align	1
 827              		.global	Error_Handler
 828              		.syntax unified
 829              		.thumb
 830              		.thumb_func
 831              		.fpu fpv4-sp-d16
 833              	Error_Handler:
 834              	.LFB145:
 577:Core/Src/main.c **** 
 578:Core/Src/main.c **** /**
 579:Core/Src/main.c ****   * @brief  This function is executed in case of error occurrence.
 580:Core/Src/main.c ****   * @retval None
 581:Core/Src/main.c ****   */
 582:Core/Src/main.c **** void Error_Handler(void)
 583:Core/Src/main.c **** {
 835              		.loc 1 583 1 is_stmt 1 view -0
 836              		.cfi_startproc
 837              		@ Volatile: function does not return.
 838              		@ args = 0, pretend = 0, frame = 0
 839              		@ frame_needed = 0, uses_anonymous_args = 0
 840              		@ link register save eliminated.
 584:Core/Src/main.c ****   /* USER CODE BEGIN Error_Handler_Debug */
 585:Core/Src/main.c ****   /* User can add his own implementation to report the HAL error return state */
 586:Core/Src/main.c ****   __disable_irq();
 841              		.loc 1 586 3 view .LVU160
 842              	.LBB11:
 843              	.LBI11:
 844              		.file 2 "Drivers/CMSIS/Include/cmsis_gcc.h"
   1:Drivers/CMSIS/Include/cmsis_gcc.h **** /**************************************************************************//**
   2:Drivers/CMSIS/Include/cmsis_gcc.h ****  * @file     cmsis_gcc.h
   3:Drivers/CMSIS/Include/cmsis_gcc.h ****  * @brief    CMSIS compiler GCC header file
   4:Drivers/CMSIS/Include/cmsis_gcc.h ****  * @version  V5.4.1
   5:Drivers/CMSIS/Include/cmsis_gcc.h ****  * @date     27. May 2021
   6:Drivers/CMSIS/Include/cmsis_gcc.h ****  ******************************************************************************/
   7:Drivers/CMSIS/Include/cmsis_gcc.h **** /*
   8:Drivers/CMSIS/Include/cmsis_gcc.h ****  * Copyright (c) 2009-2021 Arm Limited. All rights reserved.
   9:Drivers/CMSIS/Include/cmsis_gcc.h ****  *
  10:Drivers/CMSIS/Include/cmsis_gcc.h ****  * SPDX-License-Identifier: Apache-2.0
  11:Drivers/CMSIS/Include/cmsis_gcc.h ****  *
  12:Drivers/CMSIS/Include/cmsis_gcc.h ****  * Licensed under the Apache License, Version 2.0 (the License); you may
  13:Drivers/CMSIS/Include/cmsis_gcc.h ****  * not use this file except in compliance with the License.
  14:Drivers/CMSIS/Include/cmsis_gcc.h ****  * You may obtain a copy of the License at
  15:Drivers/CMSIS/Include/cmsis_gcc.h ****  *
  16:Drivers/CMSIS/Include/cmsis_gcc.h ****  * www.apache.org/licenses/LICENSE-2.0
  17:Drivers/CMSIS/Include/cmsis_gcc.h ****  *
  18:Drivers/CMSIS/Include/cmsis_gcc.h ****  * Unless required by applicable law or agreed to in writing, software
  19:Drivers/CMSIS/Include/cmsis_gcc.h ****  * distributed under the License is distributed on an AS IS BASIS, WITHOUT
  20:Drivers/CMSIS/Include/cmsis_gcc.h ****  * WARRANTIES OR CONDITIONS OF ANY KIND, either express or implied.
  21:Drivers/CMSIS/Include/cmsis_gcc.h ****  * See the License for the specific language governing permissions and
  22:Drivers/CMSIS/Include/cmsis_gcc.h ****  * limitations under the License.
  23:Drivers/CMSIS/Include/cmsis_gcc.h ****  */
  24:Drivers/CMSIS/Include/cmsis_gcc.h **** 
  25:Drivers/CMSIS/Include/cmsis_gcc.h **** #ifndef __CMSIS_GCC_H
  26:Drivers/CMSIS/Include/cmsis_gcc.h **** #define __CMSIS_GCC_H
  27:Drivers/CMSIS/Include/cmsis_gcc.h **** 
  28:Drivers/CMSIS/Include/cmsis_gcc.h **** /* ignore some GCC warnings */
ARM GAS  /tmp/cceP7lds.s 			page 28


  29:Drivers/CMSIS/Include/cmsis_gcc.h **** #pragma GCC diagnostic push
  30:Drivers/CMSIS/Include/cmsis_gcc.h **** #pragma GCC diagnostic ignored "-Wsign-conversion"
  31:Drivers/CMSIS/Include/cmsis_gcc.h **** #pragma GCC diagnostic ignored "-Wconversion"
  32:Drivers/CMSIS/Include/cmsis_gcc.h **** #pragma GCC diagnostic ignored "-Wunused-parameter"
  33:Drivers/CMSIS/Include/cmsis_gcc.h **** 
  34:Drivers/CMSIS/Include/cmsis_gcc.h **** /* Fallback for __has_builtin */
  35:Drivers/CMSIS/Include/cmsis_gcc.h **** #ifndef __has_builtin
  36:Drivers/CMSIS/Include/cmsis_gcc.h ****   #define __has_builtin(x) (0)
  37:Drivers/CMSIS/Include/cmsis_gcc.h **** #endif
  38:Drivers/CMSIS/Include/cmsis_gcc.h **** 
  39:Drivers/CMSIS/Include/cmsis_gcc.h **** /* CMSIS compiler specific defines */
  40:Drivers/CMSIS/Include/cmsis_gcc.h **** #ifndef   __ASM
  41:Drivers/CMSIS/Include/cmsis_gcc.h ****   #define __ASM                                  __asm
  42:Drivers/CMSIS/Include/cmsis_gcc.h **** #endif
  43:Drivers/CMSIS/Include/cmsis_gcc.h **** #ifndef   __INLINE
  44:Drivers/CMSIS/Include/cmsis_gcc.h ****   #define __INLINE                               inline
  45:Drivers/CMSIS/Include/cmsis_gcc.h **** #endif
  46:Drivers/CMSIS/Include/cmsis_gcc.h **** #ifndef   __STATIC_INLINE
  47:Drivers/CMSIS/Include/cmsis_gcc.h ****   #define __STATIC_INLINE                        static inline
  48:Drivers/CMSIS/Include/cmsis_gcc.h **** #endif
  49:Drivers/CMSIS/Include/cmsis_gcc.h **** #ifndef   __STATIC_FORCEINLINE
  50:Drivers/CMSIS/Include/cmsis_gcc.h ****   #define __STATIC_FORCEINLINE                   __attribute__((always_inline)) static inline
  51:Drivers/CMSIS/Include/cmsis_gcc.h **** #endif
  52:Drivers/CMSIS/Include/cmsis_gcc.h **** #ifndef   __NO_RETURN
  53:Drivers/CMSIS/Include/cmsis_gcc.h ****   #define __NO_RETURN                            __attribute__((__noreturn__))
  54:Drivers/CMSIS/Include/cmsis_gcc.h **** #endif
  55:Drivers/CMSIS/Include/cmsis_gcc.h **** #ifndef   __USED
  56:Drivers/CMSIS/Include/cmsis_gcc.h ****   #define __USED                                 __attribute__((used))
  57:Drivers/CMSIS/Include/cmsis_gcc.h **** #endif
  58:Drivers/CMSIS/Include/cmsis_gcc.h **** #ifndef   __WEAK
  59:Drivers/CMSIS/Include/cmsis_gcc.h ****   #define __WEAK                                 __attribute__((weak))
  60:Drivers/CMSIS/Include/cmsis_gcc.h **** #endif
  61:Drivers/CMSIS/Include/cmsis_gcc.h **** #ifndef   __PACKED
  62:Drivers/CMSIS/Include/cmsis_gcc.h ****   #define __PACKED                               __attribute__((packed, aligned(1)))
  63:Drivers/CMSIS/Include/cmsis_gcc.h **** #endif
  64:Drivers/CMSIS/Include/cmsis_gcc.h **** #ifndef   __PACKED_STRUCT
  65:Drivers/CMSIS/Include/cmsis_gcc.h ****   #define __PACKED_STRUCT                        struct __attribute__((packed, aligned(1)))
  66:Drivers/CMSIS/Include/cmsis_gcc.h **** #endif
  67:Drivers/CMSIS/Include/cmsis_gcc.h **** #ifndef   __PACKED_UNION
  68:Drivers/CMSIS/Include/cmsis_gcc.h ****   #define __PACKED_UNION                         union __attribute__((packed, aligned(1)))
  69:Drivers/CMSIS/Include/cmsis_gcc.h **** #endif
  70:Drivers/CMSIS/Include/cmsis_gcc.h **** #ifndef   __UNALIGNED_UINT32        /* deprecated */
  71:Drivers/CMSIS/Include/cmsis_gcc.h ****   #pragma GCC diagnostic push
  72:Drivers/CMSIS/Include/cmsis_gcc.h ****   #pragma GCC diagnostic ignored "-Wpacked"
  73:Drivers/CMSIS/Include/cmsis_gcc.h ****   #pragma GCC diagnostic ignored "-Wattributes"
  74:Drivers/CMSIS/Include/cmsis_gcc.h ****   struct __attribute__((packed)) T_UINT32 { uint32_t v; };
  75:Drivers/CMSIS/Include/cmsis_gcc.h ****   #pragma GCC diagnostic pop
  76:Drivers/CMSIS/Include/cmsis_gcc.h ****   #define __UNALIGNED_UINT32(x)                  (((struct T_UINT32 *)(x))->v)
  77:Drivers/CMSIS/Include/cmsis_gcc.h **** #endif
  78:Drivers/CMSIS/Include/cmsis_gcc.h **** #ifndef   __UNALIGNED_UINT16_WRITE
  79:Drivers/CMSIS/Include/cmsis_gcc.h ****   #pragma GCC diagnostic push
  80:Drivers/CMSIS/Include/cmsis_gcc.h ****   #pragma GCC diagnostic ignored "-Wpacked"
  81:Drivers/CMSIS/Include/cmsis_gcc.h ****   #pragma GCC diagnostic ignored "-Wattributes"
  82:Drivers/CMSIS/Include/cmsis_gcc.h ****   __PACKED_STRUCT T_UINT16_WRITE { uint16_t v; };
  83:Drivers/CMSIS/Include/cmsis_gcc.h ****   #pragma GCC diagnostic pop
  84:Drivers/CMSIS/Include/cmsis_gcc.h ****   #define __UNALIGNED_UINT16_WRITE(addr, val)    (void)((((struct T_UINT16_WRITE *)(void *)(addr))-
  85:Drivers/CMSIS/Include/cmsis_gcc.h **** #endif
ARM GAS  /tmp/cceP7lds.s 			page 29


  86:Drivers/CMSIS/Include/cmsis_gcc.h **** #ifndef   __UNALIGNED_UINT16_READ
  87:Drivers/CMSIS/Include/cmsis_gcc.h ****   #pragma GCC diagnostic push
  88:Drivers/CMSIS/Include/cmsis_gcc.h ****   #pragma GCC diagnostic ignored "-Wpacked"
  89:Drivers/CMSIS/Include/cmsis_gcc.h ****   #pragma GCC diagnostic ignored "-Wattributes"
  90:Drivers/CMSIS/Include/cmsis_gcc.h ****   __PACKED_STRUCT T_UINT16_READ { uint16_t v; };
  91:Drivers/CMSIS/Include/cmsis_gcc.h ****   #pragma GCC diagnostic pop
  92:Drivers/CMSIS/Include/cmsis_gcc.h ****   #define __UNALIGNED_UINT16_READ(addr)          (((const struct T_UINT16_READ *)(const void *)(add
  93:Drivers/CMSIS/Include/cmsis_gcc.h **** #endif
  94:Drivers/CMSIS/Include/cmsis_gcc.h **** #ifndef   __UNALIGNED_UINT32_WRITE
  95:Drivers/CMSIS/Include/cmsis_gcc.h ****   #pragma GCC diagnostic push
  96:Drivers/CMSIS/Include/cmsis_gcc.h ****   #pragma GCC diagnostic ignored "-Wpacked"
  97:Drivers/CMSIS/Include/cmsis_gcc.h ****   #pragma GCC diagnostic ignored "-Wattributes"
  98:Drivers/CMSIS/Include/cmsis_gcc.h ****   __PACKED_STRUCT T_UINT32_WRITE { uint32_t v; };
  99:Drivers/CMSIS/Include/cmsis_gcc.h ****   #pragma GCC diagnostic pop
 100:Drivers/CMSIS/Include/cmsis_gcc.h ****   #define __UNALIGNED_UINT32_WRITE(addr, val)    (void)((((struct T_UINT32_WRITE *)(void *)(addr))-
 101:Drivers/CMSIS/Include/cmsis_gcc.h **** #endif
 102:Drivers/CMSIS/Include/cmsis_gcc.h **** #ifndef   __UNALIGNED_UINT32_READ
 103:Drivers/CMSIS/Include/cmsis_gcc.h ****   #pragma GCC diagnostic push
 104:Drivers/CMSIS/Include/cmsis_gcc.h ****   #pragma GCC diagnostic ignored "-Wpacked"
 105:Drivers/CMSIS/Include/cmsis_gcc.h ****   #pragma GCC diagnostic ignored "-Wattributes"
 106:Drivers/CMSIS/Include/cmsis_gcc.h ****   __PACKED_STRUCT T_UINT32_READ { uint32_t v; };
 107:Drivers/CMSIS/Include/cmsis_gcc.h ****   #pragma GCC diagnostic pop
 108:Drivers/CMSIS/Include/cmsis_gcc.h ****   #define __UNALIGNED_UINT32_READ(addr)          (((const struct T_UINT32_READ *)(const void *)(add
 109:Drivers/CMSIS/Include/cmsis_gcc.h **** #endif
 110:Drivers/CMSIS/Include/cmsis_gcc.h **** #ifndef   __ALIGNED
 111:Drivers/CMSIS/Include/cmsis_gcc.h ****   #define __ALIGNED(x)                           __attribute__((aligned(x)))
 112:Drivers/CMSIS/Include/cmsis_gcc.h **** #endif
 113:Drivers/CMSIS/Include/cmsis_gcc.h **** #ifndef   __RESTRICT
 114:Drivers/CMSIS/Include/cmsis_gcc.h ****   #define __RESTRICT                             __restrict
 115:Drivers/CMSIS/Include/cmsis_gcc.h **** #endif
 116:Drivers/CMSIS/Include/cmsis_gcc.h **** #ifndef   __COMPILER_BARRIER
 117:Drivers/CMSIS/Include/cmsis_gcc.h ****   #define __COMPILER_BARRIER()                   __ASM volatile("":::"memory")
 118:Drivers/CMSIS/Include/cmsis_gcc.h **** #endif
 119:Drivers/CMSIS/Include/cmsis_gcc.h **** 
 120:Drivers/CMSIS/Include/cmsis_gcc.h **** /* #########################  Startup and Lowlevel Init  ######################## */
 121:Drivers/CMSIS/Include/cmsis_gcc.h **** 
 122:Drivers/CMSIS/Include/cmsis_gcc.h **** #ifndef __PROGRAM_START
 123:Drivers/CMSIS/Include/cmsis_gcc.h **** 
 124:Drivers/CMSIS/Include/cmsis_gcc.h **** /**
 125:Drivers/CMSIS/Include/cmsis_gcc.h ****   \brief   Initializes data and bss sections
 126:Drivers/CMSIS/Include/cmsis_gcc.h ****   \details This default implementations initialized all data and additional bss
 127:Drivers/CMSIS/Include/cmsis_gcc.h ****            sections relying on .copy.table and .zero.table specified properly
 128:Drivers/CMSIS/Include/cmsis_gcc.h ****            in the used linker script.
 129:Drivers/CMSIS/Include/cmsis_gcc.h **** 
 130:Drivers/CMSIS/Include/cmsis_gcc.h ****  */
 131:Drivers/CMSIS/Include/cmsis_gcc.h **** __STATIC_FORCEINLINE __NO_RETURN void __cmsis_start(void)
 132:Drivers/CMSIS/Include/cmsis_gcc.h **** {
 133:Drivers/CMSIS/Include/cmsis_gcc.h ****   extern void _start(void) __NO_RETURN;
 134:Drivers/CMSIS/Include/cmsis_gcc.h **** 
 135:Drivers/CMSIS/Include/cmsis_gcc.h ****   typedef struct {
 136:Drivers/CMSIS/Include/cmsis_gcc.h ****     uint32_t const* src;
 137:Drivers/CMSIS/Include/cmsis_gcc.h ****     uint32_t* dest;
 138:Drivers/CMSIS/Include/cmsis_gcc.h ****     uint32_t  wlen;
 139:Drivers/CMSIS/Include/cmsis_gcc.h ****   } __copy_table_t;
 140:Drivers/CMSIS/Include/cmsis_gcc.h **** 
 141:Drivers/CMSIS/Include/cmsis_gcc.h ****   typedef struct {
 142:Drivers/CMSIS/Include/cmsis_gcc.h ****     uint32_t* dest;
ARM GAS  /tmp/cceP7lds.s 			page 30


 143:Drivers/CMSIS/Include/cmsis_gcc.h ****     uint32_t  wlen;
 144:Drivers/CMSIS/Include/cmsis_gcc.h ****   } __zero_table_t;
 145:Drivers/CMSIS/Include/cmsis_gcc.h **** 
 146:Drivers/CMSIS/Include/cmsis_gcc.h ****   extern const __copy_table_t __copy_table_start__;
 147:Drivers/CMSIS/Include/cmsis_gcc.h ****   extern const __copy_table_t __copy_table_end__;
 148:Drivers/CMSIS/Include/cmsis_gcc.h ****   extern const __zero_table_t __zero_table_start__;
 149:Drivers/CMSIS/Include/cmsis_gcc.h ****   extern const __zero_table_t __zero_table_end__;
 150:Drivers/CMSIS/Include/cmsis_gcc.h **** 
 151:Drivers/CMSIS/Include/cmsis_gcc.h ****   for (__copy_table_t const* pTable = &__copy_table_start__; pTable < &__copy_table_end__; ++pTable
 152:Drivers/CMSIS/Include/cmsis_gcc.h ****     for(uint32_t i=0u; i<pTable->wlen; ++i) {
 153:Drivers/CMSIS/Include/cmsis_gcc.h ****       pTable->dest[i] = pTable->src[i];
 154:Drivers/CMSIS/Include/cmsis_gcc.h ****     }
 155:Drivers/CMSIS/Include/cmsis_gcc.h ****   }
 156:Drivers/CMSIS/Include/cmsis_gcc.h **** 
 157:Drivers/CMSIS/Include/cmsis_gcc.h ****   for (__zero_table_t const* pTable = &__zero_table_start__; pTable < &__zero_table_end__; ++pTable
 158:Drivers/CMSIS/Include/cmsis_gcc.h ****     for(uint32_t i=0u; i<pTable->wlen; ++i) {
 159:Drivers/CMSIS/Include/cmsis_gcc.h ****       pTable->dest[i] = 0u;
 160:Drivers/CMSIS/Include/cmsis_gcc.h ****     }
 161:Drivers/CMSIS/Include/cmsis_gcc.h ****   }
 162:Drivers/CMSIS/Include/cmsis_gcc.h **** 
 163:Drivers/CMSIS/Include/cmsis_gcc.h ****   _start();
 164:Drivers/CMSIS/Include/cmsis_gcc.h **** }
 165:Drivers/CMSIS/Include/cmsis_gcc.h **** 
 166:Drivers/CMSIS/Include/cmsis_gcc.h **** #define __PROGRAM_START           __cmsis_start
 167:Drivers/CMSIS/Include/cmsis_gcc.h **** #endif
 168:Drivers/CMSIS/Include/cmsis_gcc.h **** 
 169:Drivers/CMSIS/Include/cmsis_gcc.h **** #ifndef __INITIAL_SP
 170:Drivers/CMSIS/Include/cmsis_gcc.h **** #define __INITIAL_SP              __StackTop
 171:Drivers/CMSIS/Include/cmsis_gcc.h **** #endif
 172:Drivers/CMSIS/Include/cmsis_gcc.h **** 
 173:Drivers/CMSIS/Include/cmsis_gcc.h **** #ifndef __STACK_LIMIT
 174:Drivers/CMSIS/Include/cmsis_gcc.h **** #define __STACK_LIMIT             __StackLimit
 175:Drivers/CMSIS/Include/cmsis_gcc.h **** #endif
 176:Drivers/CMSIS/Include/cmsis_gcc.h **** 
 177:Drivers/CMSIS/Include/cmsis_gcc.h **** #ifndef __VECTOR_TABLE
 178:Drivers/CMSIS/Include/cmsis_gcc.h **** #define __VECTOR_TABLE            __Vectors
 179:Drivers/CMSIS/Include/cmsis_gcc.h **** #endif
 180:Drivers/CMSIS/Include/cmsis_gcc.h **** 
 181:Drivers/CMSIS/Include/cmsis_gcc.h **** #ifndef __VECTOR_TABLE_ATTRIBUTE
 182:Drivers/CMSIS/Include/cmsis_gcc.h **** #define __VECTOR_TABLE_ATTRIBUTE  __attribute__((used, section(".vectors")))
 183:Drivers/CMSIS/Include/cmsis_gcc.h **** #endif
 184:Drivers/CMSIS/Include/cmsis_gcc.h **** 
 185:Drivers/CMSIS/Include/cmsis_gcc.h **** #if defined (__ARM_FEATURE_CMSE) && (__ARM_FEATURE_CMSE == 3U)
 186:Drivers/CMSIS/Include/cmsis_gcc.h **** #ifndef __STACK_SEAL
 187:Drivers/CMSIS/Include/cmsis_gcc.h **** #define __STACK_SEAL              __StackSeal
 188:Drivers/CMSIS/Include/cmsis_gcc.h **** #endif
 189:Drivers/CMSIS/Include/cmsis_gcc.h **** 
 190:Drivers/CMSIS/Include/cmsis_gcc.h **** #ifndef __TZ_STACK_SEAL_SIZE
 191:Drivers/CMSIS/Include/cmsis_gcc.h **** #define __TZ_STACK_SEAL_SIZE      8U
 192:Drivers/CMSIS/Include/cmsis_gcc.h **** #endif
 193:Drivers/CMSIS/Include/cmsis_gcc.h **** 
 194:Drivers/CMSIS/Include/cmsis_gcc.h **** #ifndef __TZ_STACK_SEAL_VALUE
 195:Drivers/CMSIS/Include/cmsis_gcc.h **** #define __TZ_STACK_SEAL_VALUE     0xFEF5EDA5FEF5EDA5ULL
 196:Drivers/CMSIS/Include/cmsis_gcc.h **** #endif
 197:Drivers/CMSIS/Include/cmsis_gcc.h **** 
 198:Drivers/CMSIS/Include/cmsis_gcc.h **** 
 199:Drivers/CMSIS/Include/cmsis_gcc.h **** __STATIC_FORCEINLINE void __TZ_set_STACKSEAL_S (uint32_t* stackTop) {
ARM GAS  /tmp/cceP7lds.s 			page 31


 200:Drivers/CMSIS/Include/cmsis_gcc.h ****   *((uint64_t *)stackTop) = __TZ_STACK_SEAL_VALUE;
 201:Drivers/CMSIS/Include/cmsis_gcc.h **** }
 202:Drivers/CMSIS/Include/cmsis_gcc.h **** #endif
 203:Drivers/CMSIS/Include/cmsis_gcc.h **** 
 204:Drivers/CMSIS/Include/cmsis_gcc.h **** 
 205:Drivers/CMSIS/Include/cmsis_gcc.h **** /* ##########################  Core Instruction Access  ######################### */
 206:Drivers/CMSIS/Include/cmsis_gcc.h **** /** \defgroup CMSIS_Core_InstructionInterface CMSIS Core Instruction Interface
 207:Drivers/CMSIS/Include/cmsis_gcc.h ****   Access to dedicated instructions
 208:Drivers/CMSIS/Include/cmsis_gcc.h ****   @{
 209:Drivers/CMSIS/Include/cmsis_gcc.h **** */
 210:Drivers/CMSIS/Include/cmsis_gcc.h **** 
 211:Drivers/CMSIS/Include/cmsis_gcc.h **** /* Define macros for porting to both thumb1 and thumb2.
 212:Drivers/CMSIS/Include/cmsis_gcc.h ****  * For thumb1, use low register (r0-r7), specified by constraint "l"
 213:Drivers/CMSIS/Include/cmsis_gcc.h ****  * Otherwise, use general registers, specified by constraint "r" */
 214:Drivers/CMSIS/Include/cmsis_gcc.h **** #if defined (__thumb__) && !defined (__thumb2__)
 215:Drivers/CMSIS/Include/cmsis_gcc.h **** #define __CMSIS_GCC_OUT_REG(r) "=l" (r)
 216:Drivers/CMSIS/Include/cmsis_gcc.h **** #define __CMSIS_GCC_RW_REG(r) "+l" (r)
 217:Drivers/CMSIS/Include/cmsis_gcc.h **** #define __CMSIS_GCC_USE_REG(r) "l" (r)
 218:Drivers/CMSIS/Include/cmsis_gcc.h **** #else
 219:Drivers/CMSIS/Include/cmsis_gcc.h **** #define __CMSIS_GCC_OUT_REG(r) "=r" (r)
 220:Drivers/CMSIS/Include/cmsis_gcc.h **** #define __CMSIS_GCC_RW_REG(r) "+r" (r)
 221:Drivers/CMSIS/Include/cmsis_gcc.h **** #define __CMSIS_GCC_USE_REG(r) "r" (r)
 222:Drivers/CMSIS/Include/cmsis_gcc.h **** #endif
 223:Drivers/CMSIS/Include/cmsis_gcc.h **** 
 224:Drivers/CMSIS/Include/cmsis_gcc.h **** /**
 225:Drivers/CMSIS/Include/cmsis_gcc.h ****   \brief   No Operation
 226:Drivers/CMSIS/Include/cmsis_gcc.h ****   \details No Operation does nothing. This instruction can be used for code alignment purposes.
 227:Drivers/CMSIS/Include/cmsis_gcc.h ****  */
 228:Drivers/CMSIS/Include/cmsis_gcc.h **** #define __NOP()                             __ASM volatile ("nop")
 229:Drivers/CMSIS/Include/cmsis_gcc.h **** 
 230:Drivers/CMSIS/Include/cmsis_gcc.h **** /**
 231:Drivers/CMSIS/Include/cmsis_gcc.h ****   \brief   Wait For Interrupt
 232:Drivers/CMSIS/Include/cmsis_gcc.h ****   \details Wait For Interrupt is a hint instruction that suspends execution until one of a number o
 233:Drivers/CMSIS/Include/cmsis_gcc.h ****  */
 234:Drivers/CMSIS/Include/cmsis_gcc.h **** #define __WFI()                             __ASM volatile ("wfi":::"memory")
 235:Drivers/CMSIS/Include/cmsis_gcc.h **** 
 236:Drivers/CMSIS/Include/cmsis_gcc.h **** 
 237:Drivers/CMSIS/Include/cmsis_gcc.h **** /**
 238:Drivers/CMSIS/Include/cmsis_gcc.h ****   \brief   Wait For Event
 239:Drivers/CMSIS/Include/cmsis_gcc.h ****   \details Wait For Event is a hint instruction that permits the processor to enter
 240:Drivers/CMSIS/Include/cmsis_gcc.h ****            a low-power state until one of a number of events occurs.
 241:Drivers/CMSIS/Include/cmsis_gcc.h ****  */
 242:Drivers/CMSIS/Include/cmsis_gcc.h **** #define __WFE()                             __ASM volatile ("wfe":::"memory")
 243:Drivers/CMSIS/Include/cmsis_gcc.h **** 
 244:Drivers/CMSIS/Include/cmsis_gcc.h **** 
 245:Drivers/CMSIS/Include/cmsis_gcc.h **** /**
 246:Drivers/CMSIS/Include/cmsis_gcc.h ****   \brief   Send Event
 247:Drivers/CMSIS/Include/cmsis_gcc.h ****   \details Send Event is a hint instruction. It causes an event to be signaled to the CPU.
 248:Drivers/CMSIS/Include/cmsis_gcc.h ****  */
 249:Drivers/CMSIS/Include/cmsis_gcc.h **** #define __SEV()                             __ASM volatile ("sev")
 250:Drivers/CMSIS/Include/cmsis_gcc.h **** 
 251:Drivers/CMSIS/Include/cmsis_gcc.h **** 
 252:Drivers/CMSIS/Include/cmsis_gcc.h **** /**
 253:Drivers/CMSIS/Include/cmsis_gcc.h ****   \brief   Instruction Synchronization Barrier
 254:Drivers/CMSIS/Include/cmsis_gcc.h ****   \details Instruction Synchronization Barrier flushes the pipeline in the processor,
 255:Drivers/CMSIS/Include/cmsis_gcc.h ****            so that all instructions following the ISB are fetched from cache or memory,
 256:Drivers/CMSIS/Include/cmsis_gcc.h ****            after the instruction has been completed.
ARM GAS  /tmp/cceP7lds.s 			page 32


 257:Drivers/CMSIS/Include/cmsis_gcc.h ****  */
 258:Drivers/CMSIS/Include/cmsis_gcc.h **** __STATIC_FORCEINLINE void __ISB(void)
 259:Drivers/CMSIS/Include/cmsis_gcc.h **** {
 260:Drivers/CMSIS/Include/cmsis_gcc.h ****   __ASM volatile ("isb 0xF":::"memory");
 261:Drivers/CMSIS/Include/cmsis_gcc.h **** }
 262:Drivers/CMSIS/Include/cmsis_gcc.h **** 
 263:Drivers/CMSIS/Include/cmsis_gcc.h **** 
 264:Drivers/CMSIS/Include/cmsis_gcc.h **** /**
 265:Drivers/CMSIS/Include/cmsis_gcc.h ****   \brief   Data Synchronization Barrier
 266:Drivers/CMSIS/Include/cmsis_gcc.h ****   \details Acts as a special kind of Data Memory Barrier.
 267:Drivers/CMSIS/Include/cmsis_gcc.h ****            It completes when all explicit memory accesses before this instruction complete.
 268:Drivers/CMSIS/Include/cmsis_gcc.h ****  */
 269:Drivers/CMSIS/Include/cmsis_gcc.h **** __STATIC_FORCEINLINE void __DSB(void)
 270:Drivers/CMSIS/Include/cmsis_gcc.h **** {
 271:Drivers/CMSIS/Include/cmsis_gcc.h ****   __ASM volatile ("dsb 0xF":::"memory");
 272:Drivers/CMSIS/Include/cmsis_gcc.h **** }
 273:Drivers/CMSIS/Include/cmsis_gcc.h **** 
 274:Drivers/CMSIS/Include/cmsis_gcc.h **** 
 275:Drivers/CMSIS/Include/cmsis_gcc.h **** /**
 276:Drivers/CMSIS/Include/cmsis_gcc.h ****   \brief   Data Memory Barrier
 277:Drivers/CMSIS/Include/cmsis_gcc.h ****   \details Ensures the apparent order of the explicit memory operations before
 278:Drivers/CMSIS/Include/cmsis_gcc.h ****            and after the instruction, without ensuring their completion.
 279:Drivers/CMSIS/Include/cmsis_gcc.h ****  */
 280:Drivers/CMSIS/Include/cmsis_gcc.h **** __STATIC_FORCEINLINE void __DMB(void)
 281:Drivers/CMSIS/Include/cmsis_gcc.h **** {
 282:Drivers/CMSIS/Include/cmsis_gcc.h ****   __ASM volatile ("dmb 0xF":::"memory");
 283:Drivers/CMSIS/Include/cmsis_gcc.h **** }
 284:Drivers/CMSIS/Include/cmsis_gcc.h **** 
 285:Drivers/CMSIS/Include/cmsis_gcc.h **** 
 286:Drivers/CMSIS/Include/cmsis_gcc.h **** /**
 287:Drivers/CMSIS/Include/cmsis_gcc.h ****   \brief   Reverse byte order (32 bit)
 288:Drivers/CMSIS/Include/cmsis_gcc.h ****   \details Reverses the byte order in unsigned integer value. For example, 0x12345678 becomes 0x785
 289:Drivers/CMSIS/Include/cmsis_gcc.h ****   \param [in]    value  Value to reverse
 290:Drivers/CMSIS/Include/cmsis_gcc.h ****   \return               Reversed value
 291:Drivers/CMSIS/Include/cmsis_gcc.h ****  */
 292:Drivers/CMSIS/Include/cmsis_gcc.h **** __STATIC_FORCEINLINE uint32_t __REV(uint32_t value)
 293:Drivers/CMSIS/Include/cmsis_gcc.h **** {
 294:Drivers/CMSIS/Include/cmsis_gcc.h **** #if (__GNUC__ > 4) || (__GNUC__ == 4 && __GNUC_MINOR__ >= 5)
 295:Drivers/CMSIS/Include/cmsis_gcc.h ****   return __builtin_bswap32(value);
 296:Drivers/CMSIS/Include/cmsis_gcc.h **** #else
 297:Drivers/CMSIS/Include/cmsis_gcc.h ****   uint32_t result;
 298:Drivers/CMSIS/Include/cmsis_gcc.h **** 
 299:Drivers/CMSIS/Include/cmsis_gcc.h ****   __ASM ("rev %0, %1" : __CMSIS_GCC_OUT_REG (result) : __CMSIS_GCC_USE_REG (value) );
 300:Drivers/CMSIS/Include/cmsis_gcc.h ****   return result;
 301:Drivers/CMSIS/Include/cmsis_gcc.h **** #endif
 302:Drivers/CMSIS/Include/cmsis_gcc.h **** }
 303:Drivers/CMSIS/Include/cmsis_gcc.h **** 
 304:Drivers/CMSIS/Include/cmsis_gcc.h **** 
 305:Drivers/CMSIS/Include/cmsis_gcc.h **** /**
 306:Drivers/CMSIS/Include/cmsis_gcc.h ****   \brief   Reverse byte order (16 bit)
 307:Drivers/CMSIS/Include/cmsis_gcc.h ****   \details Reverses the byte order within each halfword of a word. For example, 0x12345678 becomes 
 308:Drivers/CMSIS/Include/cmsis_gcc.h ****   \param [in]    value  Value to reverse
 309:Drivers/CMSIS/Include/cmsis_gcc.h ****   \return               Reversed value
 310:Drivers/CMSIS/Include/cmsis_gcc.h ****  */
 311:Drivers/CMSIS/Include/cmsis_gcc.h **** __STATIC_FORCEINLINE uint32_t __REV16(uint32_t value)
 312:Drivers/CMSIS/Include/cmsis_gcc.h **** {
 313:Drivers/CMSIS/Include/cmsis_gcc.h ****   uint32_t result;
ARM GAS  /tmp/cceP7lds.s 			page 33


 314:Drivers/CMSIS/Include/cmsis_gcc.h **** 
 315:Drivers/CMSIS/Include/cmsis_gcc.h ****   __ASM ("rev16 %0, %1" : __CMSIS_GCC_OUT_REG (result) : __CMSIS_GCC_USE_REG (value) );
 316:Drivers/CMSIS/Include/cmsis_gcc.h ****   return result;
 317:Drivers/CMSIS/Include/cmsis_gcc.h **** }
 318:Drivers/CMSIS/Include/cmsis_gcc.h **** 
 319:Drivers/CMSIS/Include/cmsis_gcc.h **** 
 320:Drivers/CMSIS/Include/cmsis_gcc.h **** /**
 321:Drivers/CMSIS/Include/cmsis_gcc.h ****   \brief   Reverse byte order (16 bit)
 322:Drivers/CMSIS/Include/cmsis_gcc.h ****   \details Reverses the byte order in a 16-bit value and returns the signed 16-bit result. For exam
 323:Drivers/CMSIS/Include/cmsis_gcc.h ****   \param [in]    value  Value to reverse
 324:Drivers/CMSIS/Include/cmsis_gcc.h ****   \return               Reversed value
 325:Drivers/CMSIS/Include/cmsis_gcc.h ****  */
 326:Drivers/CMSIS/Include/cmsis_gcc.h **** __STATIC_FORCEINLINE int16_t __REVSH(int16_t value)
 327:Drivers/CMSIS/Include/cmsis_gcc.h **** {
 328:Drivers/CMSIS/Include/cmsis_gcc.h **** #if (__GNUC__ > 4) || (__GNUC__ == 4 && __GNUC_MINOR__ >= 8)
 329:Drivers/CMSIS/Include/cmsis_gcc.h ****   return (int16_t)__builtin_bswap16(value);
 330:Drivers/CMSIS/Include/cmsis_gcc.h **** #else
 331:Drivers/CMSIS/Include/cmsis_gcc.h ****   int16_t result;
 332:Drivers/CMSIS/Include/cmsis_gcc.h **** 
 333:Drivers/CMSIS/Include/cmsis_gcc.h ****   __ASM ("revsh %0, %1" : __CMSIS_GCC_OUT_REG (result) : __CMSIS_GCC_USE_REG (value) );
 334:Drivers/CMSIS/Include/cmsis_gcc.h ****   return result;
 335:Drivers/CMSIS/Include/cmsis_gcc.h **** #endif
 336:Drivers/CMSIS/Include/cmsis_gcc.h **** }
 337:Drivers/CMSIS/Include/cmsis_gcc.h **** 
 338:Drivers/CMSIS/Include/cmsis_gcc.h **** 
 339:Drivers/CMSIS/Include/cmsis_gcc.h **** /**
 340:Drivers/CMSIS/Include/cmsis_gcc.h ****   \brief   Rotate Right in unsigned value (32 bit)
 341:Drivers/CMSIS/Include/cmsis_gcc.h ****   \details Rotate Right (immediate) provides the value of the contents of a register rotated by a v
 342:Drivers/CMSIS/Include/cmsis_gcc.h ****   \param [in]    op1  Value to rotate
 343:Drivers/CMSIS/Include/cmsis_gcc.h ****   \param [in]    op2  Number of Bits to rotate
 344:Drivers/CMSIS/Include/cmsis_gcc.h ****   \return               Rotated value
 345:Drivers/CMSIS/Include/cmsis_gcc.h ****  */
 346:Drivers/CMSIS/Include/cmsis_gcc.h **** __STATIC_FORCEINLINE uint32_t __ROR(uint32_t op1, uint32_t op2)
 347:Drivers/CMSIS/Include/cmsis_gcc.h **** {
 348:Drivers/CMSIS/Include/cmsis_gcc.h ****   op2 %= 32U;
 349:Drivers/CMSIS/Include/cmsis_gcc.h ****   if (op2 == 0U)
 350:Drivers/CMSIS/Include/cmsis_gcc.h ****   {
 351:Drivers/CMSIS/Include/cmsis_gcc.h ****     return op1;
 352:Drivers/CMSIS/Include/cmsis_gcc.h ****   }
 353:Drivers/CMSIS/Include/cmsis_gcc.h ****   return (op1 >> op2) | (op1 << (32U - op2));
 354:Drivers/CMSIS/Include/cmsis_gcc.h **** }
 355:Drivers/CMSIS/Include/cmsis_gcc.h **** 
 356:Drivers/CMSIS/Include/cmsis_gcc.h **** 
 357:Drivers/CMSIS/Include/cmsis_gcc.h **** /**
 358:Drivers/CMSIS/Include/cmsis_gcc.h ****   \brief   Breakpoint
 359:Drivers/CMSIS/Include/cmsis_gcc.h ****   \details Causes the processor to enter Debug state.
 360:Drivers/CMSIS/Include/cmsis_gcc.h ****            Debug tools can use this to investigate system state when the instruction at a particula
 361:Drivers/CMSIS/Include/cmsis_gcc.h ****   \param [in]    value  is ignored by the processor.
 362:Drivers/CMSIS/Include/cmsis_gcc.h ****                  If required, a debugger can use it to store additional information about the break
 363:Drivers/CMSIS/Include/cmsis_gcc.h ****  */
 364:Drivers/CMSIS/Include/cmsis_gcc.h **** #define __BKPT(value)                       __ASM volatile ("bkpt "#value)
 365:Drivers/CMSIS/Include/cmsis_gcc.h **** 
 366:Drivers/CMSIS/Include/cmsis_gcc.h **** 
 367:Drivers/CMSIS/Include/cmsis_gcc.h **** /**
 368:Drivers/CMSIS/Include/cmsis_gcc.h ****   \brief   Reverse bit order of value
 369:Drivers/CMSIS/Include/cmsis_gcc.h ****   \details Reverses the bit order of the given value.
 370:Drivers/CMSIS/Include/cmsis_gcc.h ****   \param [in]    value  Value to reverse
ARM GAS  /tmp/cceP7lds.s 			page 34


 371:Drivers/CMSIS/Include/cmsis_gcc.h ****   \return               Reversed value
 372:Drivers/CMSIS/Include/cmsis_gcc.h ****  */
 373:Drivers/CMSIS/Include/cmsis_gcc.h **** __STATIC_FORCEINLINE uint32_t __RBIT(uint32_t value)
 374:Drivers/CMSIS/Include/cmsis_gcc.h **** {
 375:Drivers/CMSIS/Include/cmsis_gcc.h ****   uint32_t result;
 376:Drivers/CMSIS/Include/cmsis_gcc.h **** 
 377:Drivers/CMSIS/Include/cmsis_gcc.h **** #if ((defined (__ARM_ARCH_7M__      ) && (__ARM_ARCH_7M__      == 1)) || \
 378:Drivers/CMSIS/Include/cmsis_gcc.h ****      (defined (__ARM_ARCH_7EM__     ) && (__ARM_ARCH_7EM__     == 1)) || \
 379:Drivers/CMSIS/Include/cmsis_gcc.h ****      (defined (__ARM_ARCH_8M_MAIN__ ) && (__ARM_ARCH_8M_MAIN__ == 1))    )
 380:Drivers/CMSIS/Include/cmsis_gcc.h ****    __ASM ("rbit %0, %1" : "=r" (result) : "r" (value) );
 381:Drivers/CMSIS/Include/cmsis_gcc.h **** #else
 382:Drivers/CMSIS/Include/cmsis_gcc.h ****   uint32_t s = (4U /*sizeof(v)*/ * 8U) - 1U; /* extra shift needed at end */
 383:Drivers/CMSIS/Include/cmsis_gcc.h **** 
 384:Drivers/CMSIS/Include/cmsis_gcc.h ****   result = value;                      /* r will be reversed bits of v; first get LSB of v */
 385:Drivers/CMSIS/Include/cmsis_gcc.h ****   for (value >>= 1U; value != 0U; value >>= 1U)
 386:Drivers/CMSIS/Include/cmsis_gcc.h ****   {
 387:Drivers/CMSIS/Include/cmsis_gcc.h ****     result <<= 1U;
 388:Drivers/CMSIS/Include/cmsis_gcc.h ****     result |= value & 1U;
 389:Drivers/CMSIS/Include/cmsis_gcc.h ****     s--;
 390:Drivers/CMSIS/Include/cmsis_gcc.h ****   }
 391:Drivers/CMSIS/Include/cmsis_gcc.h ****   result <<= s;                        /* shift when v's highest bits are zero */
 392:Drivers/CMSIS/Include/cmsis_gcc.h **** #endif
 393:Drivers/CMSIS/Include/cmsis_gcc.h ****   return result;
 394:Drivers/CMSIS/Include/cmsis_gcc.h **** }
 395:Drivers/CMSIS/Include/cmsis_gcc.h **** 
 396:Drivers/CMSIS/Include/cmsis_gcc.h **** 
 397:Drivers/CMSIS/Include/cmsis_gcc.h **** /**
 398:Drivers/CMSIS/Include/cmsis_gcc.h ****   \brief   Count leading zeros
 399:Drivers/CMSIS/Include/cmsis_gcc.h ****   \details Counts the number of leading zeros of a data value.
 400:Drivers/CMSIS/Include/cmsis_gcc.h ****   \param [in]  value  Value to count the leading zeros
 401:Drivers/CMSIS/Include/cmsis_gcc.h ****   \return             number of leading zeros in value
 402:Drivers/CMSIS/Include/cmsis_gcc.h ****  */
 403:Drivers/CMSIS/Include/cmsis_gcc.h **** __STATIC_FORCEINLINE uint8_t __CLZ(uint32_t value)
 404:Drivers/CMSIS/Include/cmsis_gcc.h **** {
 405:Drivers/CMSIS/Include/cmsis_gcc.h ****   /* Even though __builtin_clz produces a CLZ instruction on ARM, formally
 406:Drivers/CMSIS/Include/cmsis_gcc.h ****      __builtin_clz(0) is undefined behaviour, so handle this case specially.
 407:Drivers/CMSIS/Include/cmsis_gcc.h ****      This guarantees ARM-compatible results if happening to compile on a non-ARM
 408:Drivers/CMSIS/Include/cmsis_gcc.h ****      target, and ensures the compiler doesn't decide to activate any
 409:Drivers/CMSIS/Include/cmsis_gcc.h ****      optimisations using the logic "value was passed to __builtin_clz, so it
 410:Drivers/CMSIS/Include/cmsis_gcc.h ****      is non-zero".
 411:Drivers/CMSIS/Include/cmsis_gcc.h ****      ARM GCC 7.3 and possibly earlier will optimise this test away, leaving a
 412:Drivers/CMSIS/Include/cmsis_gcc.h ****      single CLZ instruction.
 413:Drivers/CMSIS/Include/cmsis_gcc.h ****    */
 414:Drivers/CMSIS/Include/cmsis_gcc.h ****   if (value == 0U)
 415:Drivers/CMSIS/Include/cmsis_gcc.h ****   {
 416:Drivers/CMSIS/Include/cmsis_gcc.h ****     return 32U;
 417:Drivers/CMSIS/Include/cmsis_gcc.h ****   }
 418:Drivers/CMSIS/Include/cmsis_gcc.h ****   return __builtin_clz(value);
 419:Drivers/CMSIS/Include/cmsis_gcc.h **** }
 420:Drivers/CMSIS/Include/cmsis_gcc.h **** 
 421:Drivers/CMSIS/Include/cmsis_gcc.h **** 
 422:Drivers/CMSIS/Include/cmsis_gcc.h **** #if ((defined (__ARM_ARCH_7M__      ) && (__ARM_ARCH_7M__      == 1)) || \
 423:Drivers/CMSIS/Include/cmsis_gcc.h ****      (defined (__ARM_ARCH_7EM__     ) && (__ARM_ARCH_7EM__     == 1)) || \
 424:Drivers/CMSIS/Include/cmsis_gcc.h ****      (defined (__ARM_ARCH_8M_MAIN__ ) && (__ARM_ARCH_8M_MAIN__ == 1)) || \
 425:Drivers/CMSIS/Include/cmsis_gcc.h ****      (defined (__ARM_ARCH_8M_BASE__ ) && (__ARM_ARCH_8M_BASE__ == 1))    )
 426:Drivers/CMSIS/Include/cmsis_gcc.h **** /**
 427:Drivers/CMSIS/Include/cmsis_gcc.h ****   \brief   LDR Exclusive (8 bit)
ARM GAS  /tmp/cceP7lds.s 			page 35


 428:Drivers/CMSIS/Include/cmsis_gcc.h ****   \details Executes a exclusive LDR instruction for 8 bit value.
 429:Drivers/CMSIS/Include/cmsis_gcc.h ****   \param [in]    ptr  Pointer to data
 430:Drivers/CMSIS/Include/cmsis_gcc.h ****   \return             value of type uint8_t at (*ptr)
 431:Drivers/CMSIS/Include/cmsis_gcc.h ****  */
 432:Drivers/CMSIS/Include/cmsis_gcc.h **** __STATIC_FORCEINLINE uint8_t __LDREXB(volatile uint8_t *addr)
 433:Drivers/CMSIS/Include/cmsis_gcc.h **** {
 434:Drivers/CMSIS/Include/cmsis_gcc.h ****     uint32_t result;
 435:Drivers/CMSIS/Include/cmsis_gcc.h **** 
 436:Drivers/CMSIS/Include/cmsis_gcc.h **** #if (__GNUC__ > 4) || (__GNUC__ == 4 && __GNUC_MINOR__ >= 8)
 437:Drivers/CMSIS/Include/cmsis_gcc.h ****    __ASM volatile ("ldrexb %0, %1" : "=r" (result) : "Q" (*addr) );
 438:Drivers/CMSIS/Include/cmsis_gcc.h **** #else
 439:Drivers/CMSIS/Include/cmsis_gcc.h ****     /* Prior to GCC 4.8, "Q" will be expanded to [rx, #0] which is not
 440:Drivers/CMSIS/Include/cmsis_gcc.h ****        accepted by assembler. So has to use following less efficient pattern.
 441:Drivers/CMSIS/Include/cmsis_gcc.h ****     */
 442:Drivers/CMSIS/Include/cmsis_gcc.h ****    __ASM volatile ("ldrexb %0, [%1]" : "=r" (result) : "r" (addr) : "memory" );
 443:Drivers/CMSIS/Include/cmsis_gcc.h **** #endif
 444:Drivers/CMSIS/Include/cmsis_gcc.h ****    return ((uint8_t) result);    /* Add explicit type cast here */
 445:Drivers/CMSIS/Include/cmsis_gcc.h **** }
 446:Drivers/CMSIS/Include/cmsis_gcc.h **** 
 447:Drivers/CMSIS/Include/cmsis_gcc.h **** 
 448:Drivers/CMSIS/Include/cmsis_gcc.h **** /**
 449:Drivers/CMSIS/Include/cmsis_gcc.h ****   \brief   LDR Exclusive (16 bit)
 450:Drivers/CMSIS/Include/cmsis_gcc.h ****   \details Executes a exclusive LDR instruction for 16 bit values.
 451:Drivers/CMSIS/Include/cmsis_gcc.h ****   \param [in]    ptr  Pointer to data
 452:Drivers/CMSIS/Include/cmsis_gcc.h ****   \return        value of type uint16_t at (*ptr)
 453:Drivers/CMSIS/Include/cmsis_gcc.h ****  */
 454:Drivers/CMSIS/Include/cmsis_gcc.h **** __STATIC_FORCEINLINE uint16_t __LDREXH(volatile uint16_t *addr)
 455:Drivers/CMSIS/Include/cmsis_gcc.h **** {
 456:Drivers/CMSIS/Include/cmsis_gcc.h ****     uint32_t result;
 457:Drivers/CMSIS/Include/cmsis_gcc.h **** 
 458:Drivers/CMSIS/Include/cmsis_gcc.h **** #if (__GNUC__ > 4) || (__GNUC__ == 4 && __GNUC_MINOR__ >= 8)
 459:Drivers/CMSIS/Include/cmsis_gcc.h ****    __ASM volatile ("ldrexh %0, %1" : "=r" (result) : "Q" (*addr) );
 460:Drivers/CMSIS/Include/cmsis_gcc.h **** #else
 461:Drivers/CMSIS/Include/cmsis_gcc.h ****     /* Prior to GCC 4.8, "Q" will be expanded to [rx, #0] which is not
 462:Drivers/CMSIS/Include/cmsis_gcc.h ****        accepted by assembler. So has to use following less efficient pattern.
 463:Drivers/CMSIS/Include/cmsis_gcc.h ****     */
 464:Drivers/CMSIS/Include/cmsis_gcc.h ****    __ASM volatile ("ldrexh %0, [%1]" : "=r" (result) : "r" (addr) : "memory" );
 465:Drivers/CMSIS/Include/cmsis_gcc.h **** #endif
 466:Drivers/CMSIS/Include/cmsis_gcc.h ****    return ((uint16_t) result);    /* Add explicit type cast here */
 467:Drivers/CMSIS/Include/cmsis_gcc.h **** }
 468:Drivers/CMSIS/Include/cmsis_gcc.h **** 
 469:Drivers/CMSIS/Include/cmsis_gcc.h **** 
 470:Drivers/CMSIS/Include/cmsis_gcc.h **** /**
 471:Drivers/CMSIS/Include/cmsis_gcc.h ****   \brief   LDR Exclusive (32 bit)
 472:Drivers/CMSIS/Include/cmsis_gcc.h ****   \details Executes a exclusive LDR instruction for 32 bit values.
 473:Drivers/CMSIS/Include/cmsis_gcc.h ****   \param [in]    ptr  Pointer to data
 474:Drivers/CMSIS/Include/cmsis_gcc.h ****   \return        value of type uint32_t at (*ptr)
 475:Drivers/CMSIS/Include/cmsis_gcc.h ****  */
 476:Drivers/CMSIS/Include/cmsis_gcc.h **** __STATIC_FORCEINLINE uint32_t __LDREXW(volatile uint32_t *addr)
 477:Drivers/CMSIS/Include/cmsis_gcc.h **** {
 478:Drivers/CMSIS/Include/cmsis_gcc.h ****     uint32_t result;
 479:Drivers/CMSIS/Include/cmsis_gcc.h **** 
 480:Drivers/CMSIS/Include/cmsis_gcc.h ****    __ASM volatile ("ldrex %0, %1" : "=r" (result) : "Q" (*addr) );
 481:Drivers/CMSIS/Include/cmsis_gcc.h ****    return(result);
 482:Drivers/CMSIS/Include/cmsis_gcc.h **** }
 483:Drivers/CMSIS/Include/cmsis_gcc.h **** 
 484:Drivers/CMSIS/Include/cmsis_gcc.h **** 
ARM GAS  /tmp/cceP7lds.s 			page 36


 485:Drivers/CMSIS/Include/cmsis_gcc.h **** /**
 486:Drivers/CMSIS/Include/cmsis_gcc.h ****   \brief   STR Exclusive (8 bit)
 487:Drivers/CMSIS/Include/cmsis_gcc.h ****   \details Executes a exclusive STR instruction for 8 bit values.
 488:Drivers/CMSIS/Include/cmsis_gcc.h ****   \param [in]  value  Value to store
 489:Drivers/CMSIS/Include/cmsis_gcc.h ****   \param [in]    ptr  Pointer to location
 490:Drivers/CMSIS/Include/cmsis_gcc.h ****   \return          0  Function succeeded
 491:Drivers/CMSIS/Include/cmsis_gcc.h ****   \return          1  Function failed
 492:Drivers/CMSIS/Include/cmsis_gcc.h ****  */
 493:Drivers/CMSIS/Include/cmsis_gcc.h **** __STATIC_FORCEINLINE uint32_t __STREXB(uint8_t value, volatile uint8_t *addr)
 494:Drivers/CMSIS/Include/cmsis_gcc.h **** {
 495:Drivers/CMSIS/Include/cmsis_gcc.h ****    uint32_t result;
 496:Drivers/CMSIS/Include/cmsis_gcc.h **** 
 497:Drivers/CMSIS/Include/cmsis_gcc.h ****    __ASM volatile ("strexb %0, %2, %1" : "=&r" (result), "=Q" (*addr) : "r" ((uint32_t)value) );
 498:Drivers/CMSIS/Include/cmsis_gcc.h ****    return(result);
 499:Drivers/CMSIS/Include/cmsis_gcc.h **** }
 500:Drivers/CMSIS/Include/cmsis_gcc.h **** 
 501:Drivers/CMSIS/Include/cmsis_gcc.h **** 
 502:Drivers/CMSIS/Include/cmsis_gcc.h **** /**
 503:Drivers/CMSIS/Include/cmsis_gcc.h ****   \brief   STR Exclusive (16 bit)
 504:Drivers/CMSIS/Include/cmsis_gcc.h ****   \details Executes a exclusive STR instruction for 16 bit values.
 505:Drivers/CMSIS/Include/cmsis_gcc.h ****   \param [in]  value  Value to store
 506:Drivers/CMSIS/Include/cmsis_gcc.h ****   \param [in]    ptr  Pointer to location
 507:Drivers/CMSIS/Include/cmsis_gcc.h ****   \return          0  Function succeeded
 508:Drivers/CMSIS/Include/cmsis_gcc.h ****   \return          1  Function failed
 509:Drivers/CMSIS/Include/cmsis_gcc.h ****  */
 510:Drivers/CMSIS/Include/cmsis_gcc.h **** __STATIC_FORCEINLINE uint32_t __STREXH(uint16_t value, volatile uint16_t *addr)
 511:Drivers/CMSIS/Include/cmsis_gcc.h **** {
 512:Drivers/CMSIS/Include/cmsis_gcc.h ****    uint32_t result;
 513:Drivers/CMSIS/Include/cmsis_gcc.h **** 
 514:Drivers/CMSIS/Include/cmsis_gcc.h ****    __ASM volatile ("strexh %0, %2, %1" : "=&r" (result), "=Q" (*addr) : "r" ((uint32_t)value) );
 515:Drivers/CMSIS/Include/cmsis_gcc.h ****    return(result);
 516:Drivers/CMSIS/Include/cmsis_gcc.h **** }
 517:Drivers/CMSIS/Include/cmsis_gcc.h **** 
 518:Drivers/CMSIS/Include/cmsis_gcc.h **** 
 519:Drivers/CMSIS/Include/cmsis_gcc.h **** /**
 520:Drivers/CMSIS/Include/cmsis_gcc.h ****   \brief   STR Exclusive (32 bit)
 521:Drivers/CMSIS/Include/cmsis_gcc.h ****   \details Executes a exclusive STR instruction for 32 bit values.
 522:Drivers/CMSIS/Include/cmsis_gcc.h ****   \param [in]  value  Value to store
 523:Drivers/CMSIS/Include/cmsis_gcc.h ****   \param [in]    ptr  Pointer to location
 524:Drivers/CMSIS/Include/cmsis_gcc.h ****   \return          0  Function succeeded
 525:Drivers/CMSIS/Include/cmsis_gcc.h ****   \return          1  Function failed
 526:Drivers/CMSIS/Include/cmsis_gcc.h ****  */
 527:Drivers/CMSIS/Include/cmsis_gcc.h **** __STATIC_FORCEINLINE uint32_t __STREXW(uint32_t value, volatile uint32_t *addr)
 528:Drivers/CMSIS/Include/cmsis_gcc.h **** {
 529:Drivers/CMSIS/Include/cmsis_gcc.h ****    uint32_t result;
 530:Drivers/CMSIS/Include/cmsis_gcc.h **** 
 531:Drivers/CMSIS/Include/cmsis_gcc.h ****    __ASM volatile ("strex %0, %2, %1" : "=&r" (result), "=Q" (*addr) : "r" (value) );
 532:Drivers/CMSIS/Include/cmsis_gcc.h ****    return(result);
 533:Drivers/CMSIS/Include/cmsis_gcc.h **** }
 534:Drivers/CMSIS/Include/cmsis_gcc.h **** 
 535:Drivers/CMSIS/Include/cmsis_gcc.h **** 
 536:Drivers/CMSIS/Include/cmsis_gcc.h **** /**
 537:Drivers/CMSIS/Include/cmsis_gcc.h ****   \brief   Remove the exclusive lock
 538:Drivers/CMSIS/Include/cmsis_gcc.h ****   \details Removes the exclusive lock which is created by LDREX.
 539:Drivers/CMSIS/Include/cmsis_gcc.h ****  */
 540:Drivers/CMSIS/Include/cmsis_gcc.h **** __STATIC_FORCEINLINE void __CLREX(void)
 541:Drivers/CMSIS/Include/cmsis_gcc.h **** {
ARM GAS  /tmp/cceP7lds.s 			page 37


 542:Drivers/CMSIS/Include/cmsis_gcc.h ****   __ASM volatile ("clrex" ::: "memory");
 543:Drivers/CMSIS/Include/cmsis_gcc.h **** }
 544:Drivers/CMSIS/Include/cmsis_gcc.h **** 
 545:Drivers/CMSIS/Include/cmsis_gcc.h **** #endif /* ((defined (__ARM_ARCH_7M__      ) && (__ARM_ARCH_7M__      == 1)) || \
 546:Drivers/CMSIS/Include/cmsis_gcc.h ****            (defined (__ARM_ARCH_7EM__     ) && (__ARM_ARCH_7EM__     == 1)) || \
 547:Drivers/CMSIS/Include/cmsis_gcc.h ****            (defined (__ARM_ARCH_8M_MAIN__ ) && (__ARM_ARCH_8M_MAIN__ == 1)) || \
 548:Drivers/CMSIS/Include/cmsis_gcc.h ****            (defined (__ARM_ARCH_8M_BASE__ ) && (__ARM_ARCH_8M_BASE__ == 1))    ) */
 549:Drivers/CMSIS/Include/cmsis_gcc.h **** 
 550:Drivers/CMSIS/Include/cmsis_gcc.h **** 
 551:Drivers/CMSIS/Include/cmsis_gcc.h **** #if ((defined (__ARM_ARCH_7M__      ) && (__ARM_ARCH_7M__      == 1)) || \
 552:Drivers/CMSIS/Include/cmsis_gcc.h ****      (defined (__ARM_ARCH_7EM__     ) && (__ARM_ARCH_7EM__     == 1)) || \
 553:Drivers/CMSIS/Include/cmsis_gcc.h ****      (defined (__ARM_ARCH_8M_MAIN__ ) && (__ARM_ARCH_8M_MAIN__ == 1))    )
 554:Drivers/CMSIS/Include/cmsis_gcc.h **** /**
 555:Drivers/CMSIS/Include/cmsis_gcc.h ****   \brief   Signed Saturate
 556:Drivers/CMSIS/Include/cmsis_gcc.h ****   \details Saturates a signed value.
 557:Drivers/CMSIS/Include/cmsis_gcc.h ****   \param [in]  ARG1  Value to be saturated
 558:Drivers/CMSIS/Include/cmsis_gcc.h ****   \param [in]  ARG2  Bit position to saturate to (1..32)
 559:Drivers/CMSIS/Include/cmsis_gcc.h ****   \return             Saturated value
 560:Drivers/CMSIS/Include/cmsis_gcc.h ****  */
 561:Drivers/CMSIS/Include/cmsis_gcc.h **** #define __SSAT(ARG1, ARG2) \
 562:Drivers/CMSIS/Include/cmsis_gcc.h **** __extension__ \
 563:Drivers/CMSIS/Include/cmsis_gcc.h **** ({                          \
 564:Drivers/CMSIS/Include/cmsis_gcc.h ****   int32_t __RES, __ARG1 = (ARG1); \
 565:Drivers/CMSIS/Include/cmsis_gcc.h ****   __ASM volatile ("ssat %0, %1, %2" : "=r" (__RES) :  "I" (ARG2), "r" (__ARG1) : "cc" ); \
 566:Drivers/CMSIS/Include/cmsis_gcc.h ****   __RES; \
 567:Drivers/CMSIS/Include/cmsis_gcc.h ****  })
 568:Drivers/CMSIS/Include/cmsis_gcc.h **** 
 569:Drivers/CMSIS/Include/cmsis_gcc.h **** 
 570:Drivers/CMSIS/Include/cmsis_gcc.h **** /**
 571:Drivers/CMSIS/Include/cmsis_gcc.h ****   \brief   Unsigned Saturate
 572:Drivers/CMSIS/Include/cmsis_gcc.h ****   \details Saturates an unsigned value.
 573:Drivers/CMSIS/Include/cmsis_gcc.h ****   \param [in]  ARG1  Value to be saturated
 574:Drivers/CMSIS/Include/cmsis_gcc.h ****   \param [in]  ARG2  Bit position to saturate to (0..31)
 575:Drivers/CMSIS/Include/cmsis_gcc.h ****   \return             Saturated value
 576:Drivers/CMSIS/Include/cmsis_gcc.h ****  */
 577:Drivers/CMSIS/Include/cmsis_gcc.h **** #define __USAT(ARG1, ARG2) \
 578:Drivers/CMSIS/Include/cmsis_gcc.h **** __extension__ \
 579:Drivers/CMSIS/Include/cmsis_gcc.h **** ({                          \
 580:Drivers/CMSIS/Include/cmsis_gcc.h ****   uint32_t __RES, __ARG1 = (ARG1); \
 581:Drivers/CMSIS/Include/cmsis_gcc.h ****   __ASM volatile ("usat %0, %1, %2" : "=r" (__RES) :  "I" (ARG2), "r" (__ARG1) : "cc" ); \
 582:Drivers/CMSIS/Include/cmsis_gcc.h ****   __RES; \
 583:Drivers/CMSIS/Include/cmsis_gcc.h ****  })
 584:Drivers/CMSIS/Include/cmsis_gcc.h **** 
 585:Drivers/CMSIS/Include/cmsis_gcc.h **** 
 586:Drivers/CMSIS/Include/cmsis_gcc.h **** /**
 587:Drivers/CMSIS/Include/cmsis_gcc.h ****   \brief   Rotate Right with Extend (32 bit)
 588:Drivers/CMSIS/Include/cmsis_gcc.h ****   \details Moves each bit of a bitstring right by one bit.
 589:Drivers/CMSIS/Include/cmsis_gcc.h ****            The carry input is shifted in at the left end of the bitstring.
 590:Drivers/CMSIS/Include/cmsis_gcc.h ****   \param [in]    value  Value to rotate
 591:Drivers/CMSIS/Include/cmsis_gcc.h ****   \return               Rotated value
 592:Drivers/CMSIS/Include/cmsis_gcc.h ****  */
 593:Drivers/CMSIS/Include/cmsis_gcc.h **** __STATIC_FORCEINLINE uint32_t __RRX(uint32_t value)
 594:Drivers/CMSIS/Include/cmsis_gcc.h **** {
 595:Drivers/CMSIS/Include/cmsis_gcc.h ****   uint32_t result;
 596:Drivers/CMSIS/Include/cmsis_gcc.h **** 
 597:Drivers/CMSIS/Include/cmsis_gcc.h ****   __ASM volatile ("rrx %0, %1" : __CMSIS_GCC_OUT_REG (result) : __CMSIS_GCC_USE_REG (value) );
 598:Drivers/CMSIS/Include/cmsis_gcc.h ****   return(result);
ARM GAS  /tmp/cceP7lds.s 			page 38


 599:Drivers/CMSIS/Include/cmsis_gcc.h **** }
 600:Drivers/CMSIS/Include/cmsis_gcc.h **** 
 601:Drivers/CMSIS/Include/cmsis_gcc.h **** 
 602:Drivers/CMSIS/Include/cmsis_gcc.h **** /**
 603:Drivers/CMSIS/Include/cmsis_gcc.h ****   \brief   LDRT Unprivileged (8 bit)
 604:Drivers/CMSIS/Include/cmsis_gcc.h ****   \details Executes a Unprivileged LDRT instruction for 8 bit value.
 605:Drivers/CMSIS/Include/cmsis_gcc.h ****   \param [in]    ptr  Pointer to data
 606:Drivers/CMSIS/Include/cmsis_gcc.h ****   \return             value of type uint8_t at (*ptr)
 607:Drivers/CMSIS/Include/cmsis_gcc.h ****  */
 608:Drivers/CMSIS/Include/cmsis_gcc.h **** __STATIC_FORCEINLINE uint8_t __LDRBT(volatile uint8_t *ptr)
 609:Drivers/CMSIS/Include/cmsis_gcc.h **** {
 610:Drivers/CMSIS/Include/cmsis_gcc.h ****     uint32_t result;
 611:Drivers/CMSIS/Include/cmsis_gcc.h **** 
 612:Drivers/CMSIS/Include/cmsis_gcc.h **** #if (__GNUC__ > 4) || (__GNUC__ == 4 && __GNUC_MINOR__ >= 8)
 613:Drivers/CMSIS/Include/cmsis_gcc.h ****    __ASM volatile ("ldrbt %0, %1" : "=r" (result) : "Q" (*ptr) );
 614:Drivers/CMSIS/Include/cmsis_gcc.h **** #else
 615:Drivers/CMSIS/Include/cmsis_gcc.h ****     /* Prior to GCC 4.8, "Q" will be expanded to [rx, #0] which is not
 616:Drivers/CMSIS/Include/cmsis_gcc.h ****        accepted by assembler. So has to use following less efficient pattern.
 617:Drivers/CMSIS/Include/cmsis_gcc.h ****     */
 618:Drivers/CMSIS/Include/cmsis_gcc.h ****    __ASM volatile ("ldrbt %0, [%1]" : "=r" (result) : "r" (ptr) : "memory" );
 619:Drivers/CMSIS/Include/cmsis_gcc.h **** #endif
 620:Drivers/CMSIS/Include/cmsis_gcc.h ****    return ((uint8_t) result);    /* Add explicit type cast here */
 621:Drivers/CMSIS/Include/cmsis_gcc.h **** }
 622:Drivers/CMSIS/Include/cmsis_gcc.h **** 
 623:Drivers/CMSIS/Include/cmsis_gcc.h **** 
 624:Drivers/CMSIS/Include/cmsis_gcc.h **** /**
 625:Drivers/CMSIS/Include/cmsis_gcc.h ****   \brief   LDRT Unprivileged (16 bit)
 626:Drivers/CMSIS/Include/cmsis_gcc.h ****   \details Executes a Unprivileged LDRT instruction for 16 bit values.
 627:Drivers/CMSIS/Include/cmsis_gcc.h ****   \param [in]    ptr  Pointer to data
 628:Drivers/CMSIS/Include/cmsis_gcc.h ****   \return        value of type uint16_t at (*ptr)
 629:Drivers/CMSIS/Include/cmsis_gcc.h ****  */
 630:Drivers/CMSIS/Include/cmsis_gcc.h **** __STATIC_FORCEINLINE uint16_t __LDRHT(volatile uint16_t *ptr)
 631:Drivers/CMSIS/Include/cmsis_gcc.h **** {
 632:Drivers/CMSIS/Include/cmsis_gcc.h ****     uint32_t result;
 633:Drivers/CMSIS/Include/cmsis_gcc.h **** 
 634:Drivers/CMSIS/Include/cmsis_gcc.h **** #if (__GNUC__ > 4) || (__GNUC__ == 4 && __GNUC_MINOR__ >= 8)
 635:Drivers/CMSIS/Include/cmsis_gcc.h ****    __ASM volatile ("ldrht %0, %1" : "=r" (result) : "Q" (*ptr) );
 636:Drivers/CMSIS/Include/cmsis_gcc.h **** #else
 637:Drivers/CMSIS/Include/cmsis_gcc.h ****     /* Prior to GCC 4.8, "Q" will be expanded to [rx, #0] which is not
 638:Drivers/CMSIS/Include/cmsis_gcc.h ****        accepted by assembler. So has to use following less efficient pattern.
 639:Drivers/CMSIS/Include/cmsis_gcc.h ****     */
 640:Drivers/CMSIS/Include/cmsis_gcc.h ****    __ASM volatile ("ldrht %0, [%1]" : "=r" (result) : "r" (ptr) : "memory" );
 641:Drivers/CMSIS/Include/cmsis_gcc.h **** #endif
 642:Drivers/CMSIS/Include/cmsis_gcc.h ****    return ((uint16_t) result);    /* Add explicit type cast here */
 643:Drivers/CMSIS/Include/cmsis_gcc.h **** }
 644:Drivers/CMSIS/Include/cmsis_gcc.h **** 
 645:Drivers/CMSIS/Include/cmsis_gcc.h **** 
 646:Drivers/CMSIS/Include/cmsis_gcc.h **** /**
 647:Drivers/CMSIS/Include/cmsis_gcc.h ****   \brief   LDRT Unprivileged (32 bit)
 648:Drivers/CMSIS/Include/cmsis_gcc.h ****   \details Executes a Unprivileged LDRT instruction for 32 bit values.
 649:Drivers/CMSIS/Include/cmsis_gcc.h ****   \param [in]    ptr  Pointer to data
 650:Drivers/CMSIS/Include/cmsis_gcc.h ****   \return        value of type uint32_t at (*ptr)
 651:Drivers/CMSIS/Include/cmsis_gcc.h ****  */
 652:Drivers/CMSIS/Include/cmsis_gcc.h **** __STATIC_FORCEINLINE uint32_t __LDRT(volatile uint32_t *ptr)
 653:Drivers/CMSIS/Include/cmsis_gcc.h **** {
 654:Drivers/CMSIS/Include/cmsis_gcc.h ****     uint32_t result;
 655:Drivers/CMSIS/Include/cmsis_gcc.h **** 
ARM GAS  /tmp/cceP7lds.s 			page 39


 656:Drivers/CMSIS/Include/cmsis_gcc.h ****    __ASM volatile ("ldrt %0, %1" : "=r" (result) : "Q" (*ptr) );
 657:Drivers/CMSIS/Include/cmsis_gcc.h ****    return(result);
 658:Drivers/CMSIS/Include/cmsis_gcc.h **** }
 659:Drivers/CMSIS/Include/cmsis_gcc.h **** 
 660:Drivers/CMSIS/Include/cmsis_gcc.h **** 
 661:Drivers/CMSIS/Include/cmsis_gcc.h **** /**
 662:Drivers/CMSIS/Include/cmsis_gcc.h ****   \brief   STRT Unprivileged (8 bit)
 663:Drivers/CMSIS/Include/cmsis_gcc.h ****   \details Executes a Unprivileged STRT instruction for 8 bit values.
 664:Drivers/CMSIS/Include/cmsis_gcc.h ****   \param [in]  value  Value to store
 665:Drivers/CMSIS/Include/cmsis_gcc.h ****   \param [in]    ptr  Pointer to location
 666:Drivers/CMSIS/Include/cmsis_gcc.h ****  */
 667:Drivers/CMSIS/Include/cmsis_gcc.h **** __STATIC_FORCEINLINE void __STRBT(uint8_t value, volatile uint8_t *ptr)
 668:Drivers/CMSIS/Include/cmsis_gcc.h **** {
 669:Drivers/CMSIS/Include/cmsis_gcc.h ****    __ASM volatile ("strbt %1, %0" : "=Q" (*ptr) : "r" ((uint32_t)value) );
 670:Drivers/CMSIS/Include/cmsis_gcc.h **** }
 671:Drivers/CMSIS/Include/cmsis_gcc.h **** 
 672:Drivers/CMSIS/Include/cmsis_gcc.h **** 
 673:Drivers/CMSIS/Include/cmsis_gcc.h **** /**
 674:Drivers/CMSIS/Include/cmsis_gcc.h ****   \brief   STRT Unprivileged (16 bit)
 675:Drivers/CMSIS/Include/cmsis_gcc.h ****   \details Executes a Unprivileged STRT instruction for 16 bit values.
 676:Drivers/CMSIS/Include/cmsis_gcc.h ****   \param [in]  value  Value to store
 677:Drivers/CMSIS/Include/cmsis_gcc.h ****   \param [in]    ptr  Pointer to location
 678:Drivers/CMSIS/Include/cmsis_gcc.h ****  */
 679:Drivers/CMSIS/Include/cmsis_gcc.h **** __STATIC_FORCEINLINE void __STRHT(uint16_t value, volatile uint16_t *ptr)
 680:Drivers/CMSIS/Include/cmsis_gcc.h **** {
 681:Drivers/CMSIS/Include/cmsis_gcc.h ****    __ASM volatile ("strht %1, %0" : "=Q" (*ptr) : "r" ((uint32_t)value) );
 682:Drivers/CMSIS/Include/cmsis_gcc.h **** }
 683:Drivers/CMSIS/Include/cmsis_gcc.h **** 
 684:Drivers/CMSIS/Include/cmsis_gcc.h **** 
 685:Drivers/CMSIS/Include/cmsis_gcc.h **** /**
 686:Drivers/CMSIS/Include/cmsis_gcc.h ****   \brief   STRT Unprivileged (32 bit)
 687:Drivers/CMSIS/Include/cmsis_gcc.h ****   \details Executes a Unprivileged STRT instruction for 32 bit values.
 688:Drivers/CMSIS/Include/cmsis_gcc.h ****   \param [in]  value  Value to store
 689:Drivers/CMSIS/Include/cmsis_gcc.h ****   \param [in]    ptr  Pointer to location
 690:Drivers/CMSIS/Include/cmsis_gcc.h ****  */
 691:Drivers/CMSIS/Include/cmsis_gcc.h **** __STATIC_FORCEINLINE void __STRT(uint32_t value, volatile uint32_t *ptr)
 692:Drivers/CMSIS/Include/cmsis_gcc.h **** {
 693:Drivers/CMSIS/Include/cmsis_gcc.h ****    __ASM volatile ("strt %1, %0" : "=Q" (*ptr) : "r" (value) );
 694:Drivers/CMSIS/Include/cmsis_gcc.h **** }
 695:Drivers/CMSIS/Include/cmsis_gcc.h **** 
 696:Drivers/CMSIS/Include/cmsis_gcc.h **** #else  /* ((defined (__ARM_ARCH_7M__      ) && (__ARM_ARCH_7M__      == 1)) || \
 697:Drivers/CMSIS/Include/cmsis_gcc.h ****            (defined (__ARM_ARCH_7EM__     ) && (__ARM_ARCH_7EM__     == 1)) || \
 698:Drivers/CMSIS/Include/cmsis_gcc.h ****            (defined (__ARM_ARCH_8M_MAIN__ ) && (__ARM_ARCH_8M_MAIN__ == 1))    ) */
 699:Drivers/CMSIS/Include/cmsis_gcc.h **** 
 700:Drivers/CMSIS/Include/cmsis_gcc.h **** /**
 701:Drivers/CMSIS/Include/cmsis_gcc.h ****   \brief   Signed Saturate
 702:Drivers/CMSIS/Include/cmsis_gcc.h ****   \details Saturates a signed value.
 703:Drivers/CMSIS/Include/cmsis_gcc.h ****   \param [in]  value  Value to be saturated
 704:Drivers/CMSIS/Include/cmsis_gcc.h ****   \param [in]    sat  Bit position to saturate to (1..32)
 705:Drivers/CMSIS/Include/cmsis_gcc.h ****   \return             Saturated value
 706:Drivers/CMSIS/Include/cmsis_gcc.h ****  */
 707:Drivers/CMSIS/Include/cmsis_gcc.h **** __STATIC_FORCEINLINE int32_t __SSAT(int32_t val, uint32_t sat)
 708:Drivers/CMSIS/Include/cmsis_gcc.h **** {
 709:Drivers/CMSIS/Include/cmsis_gcc.h ****   if ((sat >= 1U) && (sat <= 32U))
 710:Drivers/CMSIS/Include/cmsis_gcc.h ****   {
 711:Drivers/CMSIS/Include/cmsis_gcc.h ****     const int32_t max = (int32_t)((1U << (sat - 1U)) - 1U);
 712:Drivers/CMSIS/Include/cmsis_gcc.h ****     const int32_t min = -1 - max ;
ARM GAS  /tmp/cceP7lds.s 			page 40


 713:Drivers/CMSIS/Include/cmsis_gcc.h ****     if (val > max)
 714:Drivers/CMSIS/Include/cmsis_gcc.h ****     {
 715:Drivers/CMSIS/Include/cmsis_gcc.h ****       return max;
 716:Drivers/CMSIS/Include/cmsis_gcc.h ****     }
 717:Drivers/CMSIS/Include/cmsis_gcc.h ****     else if (val < min)
 718:Drivers/CMSIS/Include/cmsis_gcc.h ****     {
 719:Drivers/CMSIS/Include/cmsis_gcc.h ****       return min;
 720:Drivers/CMSIS/Include/cmsis_gcc.h ****     }
 721:Drivers/CMSIS/Include/cmsis_gcc.h ****   }
 722:Drivers/CMSIS/Include/cmsis_gcc.h ****   return val;
 723:Drivers/CMSIS/Include/cmsis_gcc.h **** }
 724:Drivers/CMSIS/Include/cmsis_gcc.h **** 
 725:Drivers/CMSIS/Include/cmsis_gcc.h **** /**
 726:Drivers/CMSIS/Include/cmsis_gcc.h ****   \brief   Unsigned Saturate
 727:Drivers/CMSIS/Include/cmsis_gcc.h ****   \details Saturates an unsigned value.
 728:Drivers/CMSIS/Include/cmsis_gcc.h ****   \param [in]  value  Value to be saturated
 729:Drivers/CMSIS/Include/cmsis_gcc.h ****   \param [in]    sat  Bit position to saturate to (0..31)
 730:Drivers/CMSIS/Include/cmsis_gcc.h ****   \return             Saturated value
 731:Drivers/CMSIS/Include/cmsis_gcc.h ****  */
 732:Drivers/CMSIS/Include/cmsis_gcc.h **** __STATIC_FORCEINLINE uint32_t __USAT(int32_t val, uint32_t sat)
 733:Drivers/CMSIS/Include/cmsis_gcc.h **** {
 734:Drivers/CMSIS/Include/cmsis_gcc.h ****   if (sat <= 31U)
 735:Drivers/CMSIS/Include/cmsis_gcc.h ****   {
 736:Drivers/CMSIS/Include/cmsis_gcc.h ****     const uint32_t max = ((1U << sat) - 1U);
 737:Drivers/CMSIS/Include/cmsis_gcc.h ****     if (val > (int32_t)max)
 738:Drivers/CMSIS/Include/cmsis_gcc.h ****     {
 739:Drivers/CMSIS/Include/cmsis_gcc.h ****       return max;
 740:Drivers/CMSIS/Include/cmsis_gcc.h ****     }
 741:Drivers/CMSIS/Include/cmsis_gcc.h ****     else if (val < 0)
 742:Drivers/CMSIS/Include/cmsis_gcc.h ****     {
 743:Drivers/CMSIS/Include/cmsis_gcc.h ****       return 0U;
 744:Drivers/CMSIS/Include/cmsis_gcc.h ****     }
 745:Drivers/CMSIS/Include/cmsis_gcc.h ****   }
 746:Drivers/CMSIS/Include/cmsis_gcc.h ****   return (uint32_t)val;
 747:Drivers/CMSIS/Include/cmsis_gcc.h **** }
 748:Drivers/CMSIS/Include/cmsis_gcc.h **** 
 749:Drivers/CMSIS/Include/cmsis_gcc.h **** #endif /* ((defined (__ARM_ARCH_7M__      ) && (__ARM_ARCH_7M__      == 1)) || \
 750:Drivers/CMSIS/Include/cmsis_gcc.h ****            (defined (__ARM_ARCH_7EM__     ) && (__ARM_ARCH_7EM__     == 1)) || \
 751:Drivers/CMSIS/Include/cmsis_gcc.h ****            (defined (__ARM_ARCH_8M_MAIN__ ) && (__ARM_ARCH_8M_MAIN__ == 1))    ) */
 752:Drivers/CMSIS/Include/cmsis_gcc.h **** 
 753:Drivers/CMSIS/Include/cmsis_gcc.h **** 
 754:Drivers/CMSIS/Include/cmsis_gcc.h **** #if ((defined (__ARM_ARCH_8M_MAIN__ ) && (__ARM_ARCH_8M_MAIN__ == 1)) || \
 755:Drivers/CMSIS/Include/cmsis_gcc.h ****      (defined (__ARM_ARCH_8M_BASE__ ) && (__ARM_ARCH_8M_BASE__ == 1))    )
 756:Drivers/CMSIS/Include/cmsis_gcc.h **** /**
 757:Drivers/CMSIS/Include/cmsis_gcc.h ****   \brief   Load-Acquire (8 bit)
 758:Drivers/CMSIS/Include/cmsis_gcc.h ****   \details Executes a LDAB instruction for 8 bit value.
 759:Drivers/CMSIS/Include/cmsis_gcc.h ****   \param [in]    ptr  Pointer to data
 760:Drivers/CMSIS/Include/cmsis_gcc.h ****   \return             value of type uint8_t at (*ptr)
 761:Drivers/CMSIS/Include/cmsis_gcc.h ****  */
 762:Drivers/CMSIS/Include/cmsis_gcc.h **** __STATIC_FORCEINLINE uint8_t __LDAB(volatile uint8_t *ptr)
 763:Drivers/CMSIS/Include/cmsis_gcc.h **** {
 764:Drivers/CMSIS/Include/cmsis_gcc.h ****     uint32_t result;
 765:Drivers/CMSIS/Include/cmsis_gcc.h **** 
 766:Drivers/CMSIS/Include/cmsis_gcc.h ****    __ASM volatile ("ldab %0, %1" : "=r" (result) : "Q" (*ptr) : "memory" );
 767:Drivers/CMSIS/Include/cmsis_gcc.h ****    return ((uint8_t) result);
 768:Drivers/CMSIS/Include/cmsis_gcc.h **** }
 769:Drivers/CMSIS/Include/cmsis_gcc.h **** 
ARM GAS  /tmp/cceP7lds.s 			page 41


 770:Drivers/CMSIS/Include/cmsis_gcc.h **** 
 771:Drivers/CMSIS/Include/cmsis_gcc.h **** /**
 772:Drivers/CMSIS/Include/cmsis_gcc.h ****   \brief   Load-Acquire (16 bit)
 773:Drivers/CMSIS/Include/cmsis_gcc.h ****   \details Executes a LDAH instruction for 16 bit values.
 774:Drivers/CMSIS/Include/cmsis_gcc.h ****   \param [in]    ptr  Pointer to data
 775:Drivers/CMSIS/Include/cmsis_gcc.h ****   \return        value of type uint16_t at (*ptr)
 776:Drivers/CMSIS/Include/cmsis_gcc.h ****  */
 777:Drivers/CMSIS/Include/cmsis_gcc.h **** __STATIC_FORCEINLINE uint16_t __LDAH(volatile uint16_t *ptr)
 778:Drivers/CMSIS/Include/cmsis_gcc.h **** {
 779:Drivers/CMSIS/Include/cmsis_gcc.h ****     uint32_t result;
 780:Drivers/CMSIS/Include/cmsis_gcc.h **** 
 781:Drivers/CMSIS/Include/cmsis_gcc.h ****    __ASM volatile ("ldah %0, %1" : "=r" (result) : "Q" (*ptr) : "memory" );
 782:Drivers/CMSIS/Include/cmsis_gcc.h ****    return ((uint16_t) result);
 783:Drivers/CMSIS/Include/cmsis_gcc.h **** }
 784:Drivers/CMSIS/Include/cmsis_gcc.h **** 
 785:Drivers/CMSIS/Include/cmsis_gcc.h **** 
 786:Drivers/CMSIS/Include/cmsis_gcc.h **** /**
 787:Drivers/CMSIS/Include/cmsis_gcc.h ****   \brief   Load-Acquire (32 bit)
 788:Drivers/CMSIS/Include/cmsis_gcc.h ****   \details Executes a LDA instruction for 32 bit values.
 789:Drivers/CMSIS/Include/cmsis_gcc.h ****   \param [in]    ptr  Pointer to data
 790:Drivers/CMSIS/Include/cmsis_gcc.h ****   \return        value of type uint32_t at (*ptr)
 791:Drivers/CMSIS/Include/cmsis_gcc.h ****  */
 792:Drivers/CMSIS/Include/cmsis_gcc.h **** __STATIC_FORCEINLINE uint32_t __LDA(volatile uint32_t *ptr)
 793:Drivers/CMSIS/Include/cmsis_gcc.h **** {
 794:Drivers/CMSIS/Include/cmsis_gcc.h ****     uint32_t result;
 795:Drivers/CMSIS/Include/cmsis_gcc.h **** 
 796:Drivers/CMSIS/Include/cmsis_gcc.h ****    __ASM volatile ("lda %0, %1" : "=r" (result) : "Q" (*ptr) : "memory" );
 797:Drivers/CMSIS/Include/cmsis_gcc.h ****    return(result);
 798:Drivers/CMSIS/Include/cmsis_gcc.h **** }
 799:Drivers/CMSIS/Include/cmsis_gcc.h **** 
 800:Drivers/CMSIS/Include/cmsis_gcc.h **** 
 801:Drivers/CMSIS/Include/cmsis_gcc.h **** /**
 802:Drivers/CMSIS/Include/cmsis_gcc.h ****   \brief   Store-Release (8 bit)
 803:Drivers/CMSIS/Include/cmsis_gcc.h ****   \details Executes a STLB instruction for 8 bit values.
 804:Drivers/CMSIS/Include/cmsis_gcc.h ****   \param [in]  value  Value to store
 805:Drivers/CMSIS/Include/cmsis_gcc.h ****   \param [in]    ptr  Pointer to location
 806:Drivers/CMSIS/Include/cmsis_gcc.h ****  */
 807:Drivers/CMSIS/Include/cmsis_gcc.h **** __STATIC_FORCEINLINE void __STLB(uint8_t value, volatile uint8_t *ptr)
 808:Drivers/CMSIS/Include/cmsis_gcc.h **** {
 809:Drivers/CMSIS/Include/cmsis_gcc.h ****    __ASM volatile ("stlb %1, %0" : "=Q" (*ptr) : "r" ((uint32_t)value) : "memory" );
 810:Drivers/CMSIS/Include/cmsis_gcc.h **** }
 811:Drivers/CMSIS/Include/cmsis_gcc.h **** 
 812:Drivers/CMSIS/Include/cmsis_gcc.h **** 
 813:Drivers/CMSIS/Include/cmsis_gcc.h **** /**
 814:Drivers/CMSIS/Include/cmsis_gcc.h ****   \brief   Store-Release (16 bit)
 815:Drivers/CMSIS/Include/cmsis_gcc.h ****   \details Executes a STLH instruction for 16 bit values.
 816:Drivers/CMSIS/Include/cmsis_gcc.h ****   \param [in]  value  Value to store
 817:Drivers/CMSIS/Include/cmsis_gcc.h ****   \param [in]    ptr  Pointer to location
 818:Drivers/CMSIS/Include/cmsis_gcc.h ****  */
 819:Drivers/CMSIS/Include/cmsis_gcc.h **** __STATIC_FORCEINLINE void __STLH(uint16_t value, volatile uint16_t *ptr)
 820:Drivers/CMSIS/Include/cmsis_gcc.h **** {
 821:Drivers/CMSIS/Include/cmsis_gcc.h ****    __ASM volatile ("stlh %1, %0" : "=Q" (*ptr) : "r" ((uint32_t)value) : "memory" );
 822:Drivers/CMSIS/Include/cmsis_gcc.h **** }
 823:Drivers/CMSIS/Include/cmsis_gcc.h **** 
 824:Drivers/CMSIS/Include/cmsis_gcc.h **** 
 825:Drivers/CMSIS/Include/cmsis_gcc.h **** /**
 826:Drivers/CMSIS/Include/cmsis_gcc.h ****   \brief   Store-Release (32 bit)
ARM GAS  /tmp/cceP7lds.s 			page 42


 827:Drivers/CMSIS/Include/cmsis_gcc.h ****   \details Executes a STL instruction for 32 bit values.
 828:Drivers/CMSIS/Include/cmsis_gcc.h ****   \param [in]  value  Value to store
 829:Drivers/CMSIS/Include/cmsis_gcc.h ****   \param [in]    ptr  Pointer to location
 830:Drivers/CMSIS/Include/cmsis_gcc.h ****  */
 831:Drivers/CMSIS/Include/cmsis_gcc.h **** __STATIC_FORCEINLINE void __STL(uint32_t value, volatile uint32_t *ptr)
 832:Drivers/CMSIS/Include/cmsis_gcc.h **** {
 833:Drivers/CMSIS/Include/cmsis_gcc.h ****    __ASM volatile ("stl %1, %0" : "=Q" (*ptr) : "r" ((uint32_t)value) : "memory" );
 834:Drivers/CMSIS/Include/cmsis_gcc.h **** }
 835:Drivers/CMSIS/Include/cmsis_gcc.h **** 
 836:Drivers/CMSIS/Include/cmsis_gcc.h **** 
 837:Drivers/CMSIS/Include/cmsis_gcc.h **** /**
 838:Drivers/CMSIS/Include/cmsis_gcc.h ****   \brief   Load-Acquire Exclusive (8 bit)
 839:Drivers/CMSIS/Include/cmsis_gcc.h ****   \details Executes a LDAB exclusive instruction for 8 bit value.
 840:Drivers/CMSIS/Include/cmsis_gcc.h ****   \param [in]    ptr  Pointer to data
 841:Drivers/CMSIS/Include/cmsis_gcc.h ****   \return             value of type uint8_t at (*ptr)
 842:Drivers/CMSIS/Include/cmsis_gcc.h ****  */
 843:Drivers/CMSIS/Include/cmsis_gcc.h **** __STATIC_FORCEINLINE uint8_t __LDAEXB(volatile uint8_t *ptr)
 844:Drivers/CMSIS/Include/cmsis_gcc.h **** {
 845:Drivers/CMSIS/Include/cmsis_gcc.h ****     uint32_t result;
 846:Drivers/CMSIS/Include/cmsis_gcc.h **** 
 847:Drivers/CMSIS/Include/cmsis_gcc.h ****    __ASM volatile ("ldaexb %0, %1" : "=r" (result) : "Q" (*ptr) : "memory" );
 848:Drivers/CMSIS/Include/cmsis_gcc.h ****    return ((uint8_t) result);
 849:Drivers/CMSIS/Include/cmsis_gcc.h **** }
 850:Drivers/CMSIS/Include/cmsis_gcc.h **** 
 851:Drivers/CMSIS/Include/cmsis_gcc.h **** 
 852:Drivers/CMSIS/Include/cmsis_gcc.h **** /**
 853:Drivers/CMSIS/Include/cmsis_gcc.h ****   \brief   Load-Acquire Exclusive (16 bit)
 854:Drivers/CMSIS/Include/cmsis_gcc.h ****   \details Executes a LDAH exclusive instruction for 16 bit values.
 855:Drivers/CMSIS/Include/cmsis_gcc.h ****   \param [in]    ptr  Pointer to data
 856:Drivers/CMSIS/Include/cmsis_gcc.h ****   \return        value of type uint16_t at (*ptr)
 857:Drivers/CMSIS/Include/cmsis_gcc.h ****  */
 858:Drivers/CMSIS/Include/cmsis_gcc.h **** __STATIC_FORCEINLINE uint16_t __LDAEXH(volatile uint16_t *ptr)
 859:Drivers/CMSIS/Include/cmsis_gcc.h **** {
 860:Drivers/CMSIS/Include/cmsis_gcc.h ****     uint32_t result;
 861:Drivers/CMSIS/Include/cmsis_gcc.h **** 
 862:Drivers/CMSIS/Include/cmsis_gcc.h ****    __ASM volatile ("ldaexh %0, %1" : "=r" (result) : "Q" (*ptr) : "memory" );
 863:Drivers/CMSIS/Include/cmsis_gcc.h ****    return ((uint16_t) result);
 864:Drivers/CMSIS/Include/cmsis_gcc.h **** }
 865:Drivers/CMSIS/Include/cmsis_gcc.h **** 
 866:Drivers/CMSIS/Include/cmsis_gcc.h **** 
 867:Drivers/CMSIS/Include/cmsis_gcc.h **** /**
 868:Drivers/CMSIS/Include/cmsis_gcc.h ****   \brief   Load-Acquire Exclusive (32 bit)
 869:Drivers/CMSIS/Include/cmsis_gcc.h ****   \details Executes a LDA exclusive instruction for 32 bit values.
 870:Drivers/CMSIS/Include/cmsis_gcc.h ****   \param [in]    ptr  Pointer to data
 871:Drivers/CMSIS/Include/cmsis_gcc.h ****   \return        value of type uint32_t at (*ptr)
 872:Drivers/CMSIS/Include/cmsis_gcc.h ****  */
 873:Drivers/CMSIS/Include/cmsis_gcc.h **** __STATIC_FORCEINLINE uint32_t __LDAEX(volatile uint32_t *ptr)
 874:Drivers/CMSIS/Include/cmsis_gcc.h **** {
 875:Drivers/CMSIS/Include/cmsis_gcc.h ****     uint32_t result;
 876:Drivers/CMSIS/Include/cmsis_gcc.h **** 
 877:Drivers/CMSIS/Include/cmsis_gcc.h ****    __ASM volatile ("ldaex %0, %1" : "=r" (result) : "Q" (*ptr) : "memory" );
 878:Drivers/CMSIS/Include/cmsis_gcc.h ****    return(result);
 879:Drivers/CMSIS/Include/cmsis_gcc.h **** }
 880:Drivers/CMSIS/Include/cmsis_gcc.h **** 
 881:Drivers/CMSIS/Include/cmsis_gcc.h **** 
 882:Drivers/CMSIS/Include/cmsis_gcc.h **** /**
 883:Drivers/CMSIS/Include/cmsis_gcc.h ****   \brief   Store-Release Exclusive (8 bit)
ARM GAS  /tmp/cceP7lds.s 			page 43


 884:Drivers/CMSIS/Include/cmsis_gcc.h ****   \details Executes a STLB exclusive instruction for 8 bit values.
 885:Drivers/CMSIS/Include/cmsis_gcc.h ****   \param [in]  value  Value to store
 886:Drivers/CMSIS/Include/cmsis_gcc.h ****   \param [in]    ptr  Pointer to location
 887:Drivers/CMSIS/Include/cmsis_gcc.h ****   \return          0  Function succeeded
 888:Drivers/CMSIS/Include/cmsis_gcc.h ****   \return          1  Function failed
 889:Drivers/CMSIS/Include/cmsis_gcc.h ****  */
 890:Drivers/CMSIS/Include/cmsis_gcc.h **** __STATIC_FORCEINLINE uint32_t __STLEXB(uint8_t value, volatile uint8_t *ptr)
 891:Drivers/CMSIS/Include/cmsis_gcc.h **** {
 892:Drivers/CMSIS/Include/cmsis_gcc.h ****    uint32_t result;
 893:Drivers/CMSIS/Include/cmsis_gcc.h **** 
 894:Drivers/CMSIS/Include/cmsis_gcc.h ****    __ASM volatile ("stlexb %0, %2, %1" : "=&r" (result), "=Q" (*ptr) : "r" ((uint32_t)value) : "mem
 895:Drivers/CMSIS/Include/cmsis_gcc.h ****    return(result);
 896:Drivers/CMSIS/Include/cmsis_gcc.h **** }
 897:Drivers/CMSIS/Include/cmsis_gcc.h **** 
 898:Drivers/CMSIS/Include/cmsis_gcc.h **** 
 899:Drivers/CMSIS/Include/cmsis_gcc.h **** /**
 900:Drivers/CMSIS/Include/cmsis_gcc.h ****   \brief   Store-Release Exclusive (16 bit)
 901:Drivers/CMSIS/Include/cmsis_gcc.h ****   \details Executes a STLH exclusive instruction for 16 bit values.
 902:Drivers/CMSIS/Include/cmsis_gcc.h ****   \param [in]  value  Value to store
 903:Drivers/CMSIS/Include/cmsis_gcc.h ****   \param [in]    ptr  Pointer to location
 904:Drivers/CMSIS/Include/cmsis_gcc.h ****   \return          0  Function succeeded
 905:Drivers/CMSIS/Include/cmsis_gcc.h ****   \return          1  Function failed
 906:Drivers/CMSIS/Include/cmsis_gcc.h ****  */
 907:Drivers/CMSIS/Include/cmsis_gcc.h **** __STATIC_FORCEINLINE uint32_t __STLEXH(uint16_t value, volatile uint16_t *ptr)
 908:Drivers/CMSIS/Include/cmsis_gcc.h **** {
 909:Drivers/CMSIS/Include/cmsis_gcc.h ****    uint32_t result;
 910:Drivers/CMSIS/Include/cmsis_gcc.h **** 
 911:Drivers/CMSIS/Include/cmsis_gcc.h ****    __ASM volatile ("stlexh %0, %2, %1" : "=&r" (result), "=Q" (*ptr) : "r" ((uint32_t)value) : "mem
 912:Drivers/CMSIS/Include/cmsis_gcc.h ****    return(result);
 913:Drivers/CMSIS/Include/cmsis_gcc.h **** }
 914:Drivers/CMSIS/Include/cmsis_gcc.h **** 
 915:Drivers/CMSIS/Include/cmsis_gcc.h **** 
 916:Drivers/CMSIS/Include/cmsis_gcc.h **** /**
 917:Drivers/CMSIS/Include/cmsis_gcc.h ****   \brief   Store-Release Exclusive (32 bit)
 918:Drivers/CMSIS/Include/cmsis_gcc.h ****   \details Executes a STL exclusive instruction for 32 bit values.
 919:Drivers/CMSIS/Include/cmsis_gcc.h ****   \param [in]  value  Value to store
 920:Drivers/CMSIS/Include/cmsis_gcc.h ****   \param [in]    ptr  Pointer to location
 921:Drivers/CMSIS/Include/cmsis_gcc.h ****   \return          0  Function succeeded
 922:Drivers/CMSIS/Include/cmsis_gcc.h ****   \return          1  Function failed
 923:Drivers/CMSIS/Include/cmsis_gcc.h ****  */
 924:Drivers/CMSIS/Include/cmsis_gcc.h **** __STATIC_FORCEINLINE uint32_t __STLEX(uint32_t value, volatile uint32_t *ptr)
 925:Drivers/CMSIS/Include/cmsis_gcc.h **** {
 926:Drivers/CMSIS/Include/cmsis_gcc.h ****    uint32_t result;
 927:Drivers/CMSIS/Include/cmsis_gcc.h **** 
 928:Drivers/CMSIS/Include/cmsis_gcc.h ****    __ASM volatile ("stlex %0, %2, %1" : "=&r" (result), "=Q" (*ptr) : "r" ((uint32_t)value) : "memo
 929:Drivers/CMSIS/Include/cmsis_gcc.h ****    return(result);
 930:Drivers/CMSIS/Include/cmsis_gcc.h **** }
 931:Drivers/CMSIS/Include/cmsis_gcc.h **** 
 932:Drivers/CMSIS/Include/cmsis_gcc.h **** #endif /* ((defined (__ARM_ARCH_8M_MAIN__ ) && (__ARM_ARCH_8M_MAIN__ == 1)) || \
 933:Drivers/CMSIS/Include/cmsis_gcc.h ****            (defined (__ARM_ARCH_8M_BASE__ ) && (__ARM_ARCH_8M_BASE__ == 1))    ) */
 934:Drivers/CMSIS/Include/cmsis_gcc.h **** 
 935:Drivers/CMSIS/Include/cmsis_gcc.h **** /*@}*/ /* end of group CMSIS_Core_InstructionInterface */
 936:Drivers/CMSIS/Include/cmsis_gcc.h **** 
 937:Drivers/CMSIS/Include/cmsis_gcc.h **** 
 938:Drivers/CMSIS/Include/cmsis_gcc.h **** /* ###########################  Core Function Access  ########################### */
 939:Drivers/CMSIS/Include/cmsis_gcc.h **** /** \ingroup  CMSIS_Core_FunctionInterface
 940:Drivers/CMSIS/Include/cmsis_gcc.h ****     \defgroup CMSIS_Core_RegAccFunctions CMSIS Core Register Access Functions
ARM GAS  /tmp/cceP7lds.s 			page 44


 941:Drivers/CMSIS/Include/cmsis_gcc.h ****   @{
 942:Drivers/CMSIS/Include/cmsis_gcc.h ****  */
 943:Drivers/CMSIS/Include/cmsis_gcc.h **** 
 944:Drivers/CMSIS/Include/cmsis_gcc.h **** /**
 945:Drivers/CMSIS/Include/cmsis_gcc.h ****   \brief   Enable IRQ Interrupts
 946:Drivers/CMSIS/Include/cmsis_gcc.h ****   \details Enables IRQ interrupts by clearing special-purpose register PRIMASK.
 947:Drivers/CMSIS/Include/cmsis_gcc.h ****            Can only be executed in Privileged modes.
 948:Drivers/CMSIS/Include/cmsis_gcc.h ****  */
 949:Drivers/CMSIS/Include/cmsis_gcc.h **** __STATIC_FORCEINLINE void __enable_irq(void)
 950:Drivers/CMSIS/Include/cmsis_gcc.h **** {
 951:Drivers/CMSIS/Include/cmsis_gcc.h ****   __ASM volatile ("cpsie i" : : : "memory");
 952:Drivers/CMSIS/Include/cmsis_gcc.h **** }
 953:Drivers/CMSIS/Include/cmsis_gcc.h **** 
 954:Drivers/CMSIS/Include/cmsis_gcc.h **** 
 955:Drivers/CMSIS/Include/cmsis_gcc.h **** /**
 956:Drivers/CMSIS/Include/cmsis_gcc.h ****   \brief   Disable IRQ Interrupts
 957:Drivers/CMSIS/Include/cmsis_gcc.h ****   \details Disables IRQ interrupts by setting special-purpose register PRIMASK.
 958:Drivers/CMSIS/Include/cmsis_gcc.h ****            Can only be executed in Privileged modes.
 959:Drivers/CMSIS/Include/cmsis_gcc.h ****  */
 960:Drivers/CMSIS/Include/cmsis_gcc.h **** __STATIC_FORCEINLINE void __disable_irq(void)
 845              		.loc 2 960 27 view .LVU161
 846              	.LBB12:
 961:Drivers/CMSIS/Include/cmsis_gcc.h **** {
 962:Drivers/CMSIS/Include/cmsis_gcc.h ****   __ASM volatile ("cpsid i" : : : "memory");
 847              		.loc 2 962 3 view .LVU162
 848              		.syntax unified
 849              	@ 962 "Drivers/CMSIS/Include/cmsis_gcc.h" 1
 850 0000 72B6     		cpsid i
 851              	@ 0 "" 2
 852              		.thumb
 853              		.syntax unified
 854              	.L45:
 855              	.LBE12:
 856              	.LBE11:
 587:Core/Src/main.c ****   while (1)
 857              		.loc 1 587 3 discriminator 1 view .LVU163
 588:Core/Src/main.c ****   {
 589:Core/Src/main.c ****   }
 858              		.loc 1 589 3 discriminator 1 view .LVU164
 587:Core/Src/main.c ****   while (1)
 859              		.loc 1 587 9 discriminator 1 view .LVU165
 860 0002 FEE7     		b	.L45
 861              		.cfi_endproc
 862              	.LFE145:
 864              		.section	.text.SystemClock_Config,"ax",%progbits
 865              		.align	1
 866              		.global	SystemClock_Config
 867              		.syntax unified
 868              		.thumb
 869              		.thumb_func
 870              		.fpu fpv4-sp-d16
 872              	SystemClock_Config:
 873              	.LFB139:
 361:Core/Src/main.c ****   RCC_OscInitTypeDef RCC_OscInitStruct = {0};
 874              		.loc 1 361 1 view -0
 875              		.cfi_startproc
 876              		@ args = 0, pretend = 0, frame = 80
ARM GAS  /tmp/cceP7lds.s 			page 45


 877              		@ frame_needed = 0, uses_anonymous_args = 0
 878 0000 00B5     		push	{lr}
 879              	.LCFI14:
 880              		.cfi_def_cfa_offset 4
 881              		.cfi_offset 14, -4
 882 0002 95B0     		sub	sp, sp, #84
 883              	.LCFI15:
 884              		.cfi_def_cfa_offset 88
 362:Core/Src/main.c ****   RCC_ClkInitTypeDef RCC_ClkInitStruct = {0};
 885              		.loc 1 362 3 view .LVU167
 362:Core/Src/main.c ****   RCC_ClkInitTypeDef RCC_ClkInitStruct = {0};
 886              		.loc 1 362 22 is_stmt 0 view .LVU168
 887 0004 3022     		movs	r2, #48
 888 0006 0021     		movs	r1, #0
 889 0008 08A8     		add	r0, sp, #32
 890 000a FFF7FEFF 		bl	memset
 891              	.LVL68:
 363:Core/Src/main.c **** 
 892              		.loc 1 363 3 is_stmt 1 view .LVU169
 363:Core/Src/main.c **** 
 893              		.loc 1 363 22 is_stmt 0 view .LVU170
 894 000e 0023     		movs	r3, #0
 895 0010 0393     		str	r3, [sp, #12]
 896 0012 0493     		str	r3, [sp, #16]
 897 0014 0593     		str	r3, [sp, #20]
 898 0016 0693     		str	r3, [sp, #24]
 899 0018 0793     		str	r3, [sp, #28]
 367:Core/Src/main.c ****   __HAL_PWR_VOLTAGESCALING_CONFIG(PWR_REGULATOR_VOLTAGE_SCALE1);
 900              		.loc 1 367 3 is_stmt 1 view .LVU171
 901              	.LBB13:
 367:Core/Src/main.c ****   __HAL_PWR_VOLTAGESCALING_CONFIG(PWR_REGULATOR_VOLTAGE_SCALE1);
 902              		.loc 1 367 3 view .LVU172
 903 001a 0193     		str	r3, [sp, #4]
 367:Core/Src/main.c ****   __HAL_PWR_VOLTAGESCALING_CONFIG(PWR_REGULATOR_VOLTAGE_SCALE1);
 904              		.loc 1 367 3 view .LVU173
 905 001c 204A     		ldr	r2, .L52
 906 001e 116C     		ldr	r1, [r2, #64]
 907 0020 41F08051 		orr	r1, r1, #268435456
 908 0024 1164     		str	r1, [r2, #64]
 367:Core/Src/main.c ****   __HAL_PWR_VOLTAGESCALING_CONFIG(PWR_REGULATOR_VOLTAGE_SCALE1);
 909              		.loc 1 367 3 view .LVU174
 910 0026 126C     		ldr	r2, [r2, #64]
 911 0028 02F08052 		and	r2, r2, #268435456
 912 002c 0192     		str	r2, [sp, #4]
 367:Core/Src/main.c ****   __HAL_PWR_VOLTAGESCALING_CONFIG(PWR_REGULATOR_VOLTAGE_SCALE1);
 913              		.loc 1 367 3 view .LVU175
 914 002e 019A     		ldr	r2, [sp, #4]
 915              	.LBE13:
 367:Core/Src/main.c ****   __HAL_PWR_VOLTAGESCALING_CONFIG(PWR_REGULATOR_VOLTAGE_SCALE1);
 916              		.loc 1 367 3 view .LVU176
 368:Core/Src/main.c **** 
 917              		.loc 1 368 3 view .LVU177
 918              	.LBB14:
 368:Core/Src/main.c **** 
 919              		.loc 1 368 3 view .LVU178
 920 0030 0293     		str	r3, [sp, #8]
 368:Core/Src/main.c **** 
ARM GAS  /tmp/cceP7lds.s 			page 46


 921              		.loc 1 368 3 view .LVU179
 922 0032 1C4B     		ldr	r3, .L52+4
 923 0034 1A68     		ldr	r2, [r3]
 924 0036 42F48042 		orr	r2, r2, #16384
 925 003a 1A60     		str	r2, [r3]
 368:Core/Src/main.c **** 
 926              		.loc 1 368 3 view .LVU180
 927 003c 1B68     		ldr	r3, [r3]
 928 003e 03F48043 		and	r3, r3, #16384
 929 0042 0293     		str	r3, [sp, #8]
 368:Core/Src/main.c **** 
 930              		.loc 1 368 3 view .LVU181
 931 0044 029B     		ldr	r3, [sp, #8]
 932              	.LBE14:
 368:Core/Src/main.c **** 
 933              		.loc 1 368 3 view .LVU182
 373:Core/Src/main.c ****   RCC_OscInitStruct.HSEState = RCC_HSE_ON;
 934              		.loc 1 373 3 view .LVU183
 373:Core/Src/main.c ****   RCC_OscInitStruct.HSEState = RCC_HSE_ON;
 935              		.loc 1 373 36 is_stmt 0 view .LVU184
 936 0046 0123     		movs	r3, #1
 937 0048 0893     		str	r3, [sp, #32]
 374:Core/Src/main.c ****   RCC_OscInitStruct.PLL.PLLState = RCC_PLL_ON;
 938              		.loc 1 374 3 is_stmt 1 view .LVU185
 374:Core/Src/main.c ****   RCC_OscInitStruct.PLL.PLLState = RCC_PLL_ON;
 939              		.loc 1 374 30 is_stmt 0 view .LVU186
 940 004a 4FF48033 		mov	r3, #65536
 941 004e 0993     		str	r3, [sp, #36]
 375:Core/Src/main.c ****   RCC_OscInitStruct.PLL.PLLSource = RCC_PLLSOURCE_HSE;
 942              		.loc 1 375 3 is_stmt 1 view .LVU187
 375:Core/Src/main.c ****   RCC_OscInitStruct.PLL.PLLSource = RCC_PLLSOURCE_HSE;
 943              		.loc 1 375 34 is_stmt 0 view .LVU188
 944 0050 0222     		movs	r2, #2
 945 0052 0E92     		str	r2, [sp, #56]
 376:Core/Src/main.c ****   RCC_OscInitStruct.PLL.PLLM = 4;
 946              		.loc 1 376 3 is_stmt 1 view .LVU189
 376:Core/Src/main.c ****   RCC_OscInitStruct.PLL.PLLM = 4;
 947              		.loc 1 376 35 is_stmt 0 view .LVU190
 948 0054 4FF48003 		mov	r3, #4194304
 949 0058 0F93     		str	r3, [sp, #60]
 377:Core/Src/main.c ****   RCC_OscInitStruct.PLL.PLLN = 168;
 950              		.loc 1 377 3 is_stmt 1 view .LVU191
 377:Core/Src/main.c ****   RCC_OscInitStruct.PLL.PLLN = 168;
 951              		.loc 1 377 30 is_stmt 0 view .LVU192
 952 005a 0423     		movs	r3, #4
 953 005c 1093     		str	r3, [sp, #64]
 378:Core/Src/main.c ****   RCC_OscInitStruct.PLL.PLLP = RCC_PLLP_DIV2;
 954              		.loc 1 378 3 is_stmt 1 view .LVU193
 378:Core/Src/main.c ****   RCC_OscInitStruct.PLL.PLLP = RCC_PLLP_DIV2;
 955              		.loc 1 378 30 is_stmt 0 view .LVU194
 956 005e A821     		movs	r1, #168
 957 0060 1191     		str	r1, [sp, #68]
 379:Core/Src/main.c ****   RCC_OscInitStruct.PLL.PLLQ = 4;
 958              		.loc 1 379 3 is_stmt 1 view .LVU195
 379:Core/Src/main.c ****   RCC_OscInitStruct.PLL.PLLQ = 4;
 959              		.loc 1 379 30 is_stmt 0 view .LVU196
 960 0062 1292     		str	r2, [sp, #72]
ARM GAS  /tmp/cceP7lds.s 			page 47


 380:Core/Src/main.c ****   if (HAL_RCC_OscConfig(&RCC_OscInitStruct) != HAL_OK)
 961              		.loc 1 380 3 is_stmt 1 view .LVU197
 380:Core/Src/main.c ****   if (HAL_RCC_OscConfig(&RCC_OscInitStruct) != HAL_OK)
 962              		.loc 1 380 30 is_stmt 0 view .LVU198
 963 0064 1393     		str	r3, [sp, #76]
 381:Core/Src/main.c ****   {
 964              		.loc 1 381 3 is_stmt 1 view .LVU199
 381:Core/Src/main.c ****   {
 965              		.loc 1 381 7 is_stmt 0 view .LVU200
 966 0066 08A8     		add	r0, sp, #32
 967 0068 FFF7FEFF 		bl	HAL_RCC_OscConfig
 968              	.LVL69:
 381:Core/Src/main.c ****   {
 969              		.loc 1 381 6 view .LVU201
 970 006c 98B9     		cbnz	r0, .L50
 388:Core/Src/main.c ****                               |RCC_CLOCKTYPE_PCLK1|RCC_CLOCKTYPE_PCLK2;
 971              		.loc 1 388 3 is_stmt 1 view .LVU202
 388:Core/Src/main.c ****                               |RCC_CLOCKTYPE_PCLK1|RCC_CLOCKTYPE_PCLK2;
 972              		.loc 1 388 31 is_stmt 0 view .LVU203
 973 006e 0F23     		movs	r3, #15
 974 0070 0393     		str	r3, [sp, #12]
 390:Core/Src/main.c ****   RCC_ClkInitStruct.AHBCLKDivider = RCC_SYSCLK_DIV1;
 975              		.loc 1 390 3 is_stmt 1 view .LVU204
 390:Core/Src/main.c ****   RCC_ClkInitStruct.AHBCLKDivider = RCC_SYSCLK_DIV1;
 976              		.loc 1 390 34 is_stmt 0 view .LVU205
 977 0072 0223     		movs	r3, #2
 978 0074 0493     		str	r3, [sp, #16]
 391:Core/Src/main.c ****   RCC_ClkInitStruct.APB1CLKDivider = RCC_HCLK_DIV4;
 979              		.loc 1 391 3 is_stmt 1 view .LVU206
 391:Core/Src/main.c ****   RCC_ClkInitStruct.APB1CLKDivider = RCC_HCLK_DIV4;
 980              		.loc 1 391 35 is_stmt 0 view .LVU207
 981 0076 0023     		movs	r3, #0
 982 0078 0593     		str	r3, [sp, #20]
 392:Core/Src/main.c ****   RCC_ClkInitStruct.APB2CLKDivider = RCC_HCLK_DIV2;
 983              		.loc 1 392 3 is_stmt 1 view .LVU208
 392:Core/Src/main.c ****   RCC_ClkInitStruct.APB2CLKDivider = RCC_HCLK_DIV2;
 984              		.loc 1 392 36 is_stmt 0 view .LVU209
 985 007a 4FF4A053 		mov	r3, #5120
 986 007e 0693     		str	r3, [sp, #24]
 393:Core/Src/main.c **** 
 987              		.loc 1 393 3 is_stmt 1 view .LVU210
 393:Core/Src/main.c **** 
 988              		.loc 1 393 36 is_stmt 0 view .LVU211
 989 0080 4FF48053 		mov	r3, #4096
 990 0084 0793     		str	r3, [sp, #28]
 395:Core/Src/main.c ****   {
 991              		.loc 1 395 3 is_stmt 1 view .LVU212
 395:Core/Src/main.c ****   {
 992              		.loc 1 395 7 is_stmt 0 view .LVU213
 993 0086 0521     		movs	r1, #5
 994 0088 03A8     		add	r0, sp, #12
 995 008a FFF7FEFF 		bl	HAL_RCC_ClockConfig
 996              	.LVL70:
 395:Core/Src/main.c ****   {
 997              		.loc 1 395 6 view .LVU214
 998 008e 20B9     		cbnz	r0, .L51
 399:Core/Src/main.c **** 
ARM GAS  /tmp/cceP7lds.s 			page 48


 999              		.loc 1 399 1 view .LVU215
 1000 0090 15B0     		add	sp, sp, #84
 1001              	.LCFI16:
 1002              		.cfi_remember_state
 1003              		.cfi_def_cfa_offset 4
 1004              		@ sp needed
 1005 0092 5DF804FB 		ldr	pc, [sp], #4
 1006              	.L50:
 1007              	.LCFI17:
 1008              		.cfi_restore_state
 383:Core/Src/main.c ****   }
 1009              		.loc 1 383 5 is_stmt 1 view .LVU216
 1010 0096 FFF7FEFF 		bl	Error_Handler
 1011              	.LVL71:
 1012              	.L51:
 397:Core/Src/main.c ****   }
 1013              		.loc 1 397 5 view .LVU217
 1014 009a FFF7FEFF 		bl	Error_Handler
 1015              	.LVL72:
 1016              	.L53:
 1017 009e 00BF     		.align	2
 1018              	.L52:
 1019 00a0 00380240 		.word	1073887232
 1020 00a4 00700040 		.word	1073770496
 1021              		.cfi_endproc
 1022              	.LFE139:
 1024              		.section	.text.main,"ax",%progbits
 1025              		.align	1
 1026              		.global	main
 1027              		.syntax unified
 1028              		.thumb
 1029              		.thumb_func
 1030              		.fpu fpv4-sp-d16
 1032              	main:
 1033              	.LFB137:
 207:Core/Src/main.c **** 
 1034              		.loc 1 207 1 view -0
 1035              		.cfi_startproc
 1036              		@ Volatile: function does not return.
 1037              		@ args = 0, pretend = 0, frame = 0
 1038              		@ frame_needed = 0, uses_anonymous_args = 0
 1039 0000 08B5     		push	{r3, lr}
 1040              	.LCFI18:
 1041              		.cfi_def_cfa_offset 8
 1042              		.cfi_offset 3, -8
 1043              		.cfi_offset 14, -4
 216:Core/Src/main.c **** 
 1044              		.loc 1 216 3 view .LVU219
 1045 0002 FFF7FEFF 		bl	HAL_Init
 1046              	.LVL73:
 223:Core/Src/main.c **** 
 1047              		.loc 1 223 3 view .LVU220
 1048 0006 FFF7FEFF 		bl	SystemClock_Config
 1049              	.LVL74:
 230:Core/Src/main.c ****   MX_DMA_Init();
 1050              		.loc 1 230 3 view .LVU221
 1051 000a FFF7FEFF 		bl	MX_GPIO_Init
ARM GAS  /tmp/cceP7lds.s 			page 49


 1052              	.LVL75:
 231:Core/Src/main.c **** 
 1053              		.loc 1 231 3 view .LVU222
 1054 000e FFF7FEFF 		bl	MX_DMA_Init
 1055              	.LVL76:
 233:Core/Src/main.c **** 	MX_SPI2_Init();
 1056              		.loc 1 233 2 view .LVU223
 1057 0012 FFF7FEFF 		bl	MX_SPI1_Init
 1058              	.LVL77:
 234:Core/Src/main.c ****   MX_USART6_UART_Init();
 1059              		.loc 1 234 2 view .LVU224
 1060 0016 FFF7FEFF 		bl	MX_SPI2_Init
 1061              	.LVL78:
 235:Core/Src/main.c **** 
 1062              		.loc 1 235 3 view .LVU225
 1063 001a FFF7FEFF 		bl	MX_USART6_UART_Init
 1064              	.LVL79:
 238:Core/Src/main.c **** 
 1065              		.loc 1 238 3 view .LVU226
 1066 001e FFF7FEFF 		bl	ADC1_DMA_CONFIG3
 1067              	.LVL80:
 240:Core/Src/main.c **** 	TIM_IQR_MS_CONGFIG();
 1068              		.loc 1 240 3 view .LVU227
 1069 0022 FFF7FEFF 		bl	TIM1_PWM_DMA_CONFIG
 1070              	.LVL81:
 241:Core/Src/main.c ****   TIM_COUNT_US_CONFIG();
 1071              		.loc 1 241 2 view .LVU228
 1072 0026 FFF7FEFF 		bl	TIM_IQR_MS_CONGFIG
 1073              	.LVL82:
 242:Core/Src/main.c **** 
 1074              		.loc 1 242 3 view .LVU229
 1075 002a FFF7FEFF 		bl	TIM_COUNT_US_CONFIG
 1076              	.LVL83:
 246:Core/Src/main.c ****   if(M_ZERO==-1){M_ZERO = 0;}
 1077              		.loc 1 246 3 view .LVU230
 246:Core/Src/main.c ****   if(M_ZERO==-1){M_ZERO = 0;}
 1078              		.loc 1 246 6 is_stmt 0 view .LVU231
 1079 002e B74B     		ldr	r3, .L103
 1080 0030 5B69     		ldr	r3, [r3, #20]
 246:Core/Src/main.c ****   if(M_ZERO==-1){M_ZERO = 0;}
 1081              		.loc 1 246 5 view .LVU232
 1082 0032 B3F1FF3F 		cmp	r3, #-1
 1083 0036 00F09081 		beq	.L94
 1084              	.L55:
 247:Core/Src/main.c ****   if(isnan(I_BW) || I_BW==-1){I_BW = 1000;}
 1085              		.loc 1 247 3 is_stmt 1 view .LVU233
 247:Core/Src/main.c ****   if(isnan(I_BW) || I_BW==-1){I_BW = 1000;}
 1086              		.loc 1 247 6 is_stmt 0 view .LVU234
 1087 003a B44B     		ldr	r3, .L103
 1088 003c 1B69     		ldr	r3, [r3, #16]
 247:Core/Src/main.c ****   if(isnan(I_BW) || I_BW==-1){I_BW = 1000;}
 1089              		.loc 1 247 5 view .LVU235
 1090 003e B3F1FF3F 		cmp	r3, #-1
 1091 0042 00F08E81 		beq	.L95
 1092              	.L56:
 248:Core/Src/main.c ****   if(isnan(I_MAX) || I_MAX ==-1){I_MAX=40;}
 1093              		.loc 1 248 3 is_stmt 1 view .LVU236
ARM GAS  /tmp/cceP7lds.s 			page 50


 248:Core/Src/main.c ****   if(isnan(I_MAX) || I_MAX ==-1){I_MAX=40;}
 1094              		.loc 1 248 6 is_stmt 0 view .LVU237
 1095 0046 B24B     		ldr	r3, .L103+4
 1096 0048 D3ED027A 		vldr.32	s15, [r3, #8]
 248:Core/Src/main.c ****   if(isnan(I_MAX) || I_MAX ==-1){I_MAX=40;}
 1097              		.loc 1 248 5 view .LVU238
 1098 004c F4EE677A 		vcmp.f32	s15, s15
 1099 0050 F1EE10FA 		vmrs	APSR_nzcv, FPSCR
 1100 0054 06D6     		bvs	.L57
 248:Core/Src/main.c ****   if(isnan(I_MAX) || I_MAX ==-1){I_MAX=40;}
 1101              		.loc 1 248 18 discriminator 2 view .LVU239
 1102 0056 BFEE007A 		vmov.f32	s14, #-1.0e+0
 1103 005a F4EE477A 		vcmp.f32	s15, s14
 1104 005e F1EE10FA 		vmrs	APSR_nzcv, FPSCR
 1105 0062 02D1     		bne	.L58
 1106              	.L57:
 248:Core/Src/main.c ****   if(isnan(I_MAX) || I_MAX ==-1){I_MAX=40;}
 1107              		.loc 1 248 31 is_stmt 1 discriminator 3 view .LVU240
 248:Core/Src/main.c ****   if(isnan(I_MAX) || I_MAX ==-1){I_MAX=40;}
 1108              		.loc 1 248 36 is_stmt 0 discriminator 3 view .LVU241
 1109 0064 AA4B     		ldr	r3, .L103+4
 1110 0066 AB4A     		ldr	r2, .L103+8
 1111 0068 9A60     		str	r2, [r3, #8]	@ float
 1112              	.L58:
 249:Core/Src/main.c ****   if(isnan(I_FW_MAX) || I_FW_MAX ==-1){I_FW_MAX=0;}
 1113              		.loc 1 249 3 is_stmt 1 view .LVU242
 249:Core/Src/main.c ****   if(isnan(I_FW_MAX) || I_FW_MAX ==-1){I_FW_MAX=0;}
 1114              		.loc 1 249 6 is_stmt 0 view .LVU243
 1115 006a A94B     		ldr	r3, .L103+4
 1116 006c D3ED037A 		vldr.32	s15, [r3, #12]
 249:Core/Src/main.c ****   if(isnan(I_FW_MAX) || I_FW_MAX ==-1){I_FW_MAX=0;}
 1117              		.loc 1 249 5 view .LVU244
 1118 0070 F4EE677A 		vcmp.f32	s15, s15
 1119 0074 F1EE10FA 		vmrs	APSR_nzcv, FPSCR
 1120 0078 06D6     		bvs	.L59
 249:Core/Src/main.c ****   if(isnan(I_FW_MAX) || I_FW_MAX ==-1){I_FW_MAX=0;}
 1121              		.loc 1 249 19 discriminator 2 view .LVU245
 1122 007a BFEE007A 		vmov.f32	s14, #-1.0e+0
 1123 007e F4EE477A 		vcmp.f32	s15, s14
 1124 0082 F1EE10FA 		vmrs	APSR_nzcv, FPSCR
 1125 0086 02D1     		bne	.L60
 1126              	.L59:
 249:Core/Src/main.c ****   if(isnan(I_FW_MAX) || I_FW_MAX ==-1){I_FW_MAX=0;}
 1127              		.loc 1 249 34 is_stmt 1 discriminator 3 view .LVU246
 249:Core/Src/main.c ****   if(isnan(I_FW_MAX) || I_FW_MAX ==-1){I_FW_MAX=0;}
 1128              		.loc 1 249 39 is_stmt 0 discriminator 3 view .LVU247
 1129 0088 A14B     		ldr	r3, .L103+4
 1130 008a A34A     		ldr	r2, .L103+12
 1131 008c DA60     		str	r2, [r3, #12]	@ float
 1132              	.L60:
 250:Core/Src/main.c ****   if(CAN_ID==-1){CAN_ID = 1;}
 1133              		.loc 1 250 3 is_stmt 1 view .LVU248
 250:Core/Src/main.c ****   if(CAN_ID==-1){CAN_ID = 1;}
 1134              		.loc 1 250 6 is_stmt 0 view .LVU249
 1135 008e A04B     		ldr	r3, .L103+4
 1136 0090 D3ED067A 		vldr.32	s15, [r3, #24]
 250:Core/Src/main.c ****   if(CAN_ID==-1){CAN_ID = 1;}
ARM GAS  /tmp/cceP7lds.s 			page 51


 1137              		.loc 1 250 5 view .LVU250
 1138 0094 F4EE677A 		vcmp.f32	s15, s15
 1139 0098 F1EE10FA 		vmrs	APSR_nzcv, FPSCR
 1140 009c 06D6     		bvs	.L61
 250:Core/Src/main.c ****   if(CAN_ID==-1){CAN_ID = 1;}
 1141              		.loc 1 250 22 discriminator 2 view .LVU251
 1142 009e BFEE007A 		vmov.f32	s14, #-1.0e+0
 1143 00a2 F4EE477A 		vcmp.f32	s15, s14
 1144 00a6 F1EE10FA 		vmrs	APSR_nzcv, FPSCR
 1145 00aa 02D1     		bne	.L62
 1146              	.L61:
 250:Core/Src/main.c ****   if(CAN_ID==-1){CAN_ID = 1;}
 1147              		.loc 1 250 40 is_stmt 1 discriminator 3 view .LVU252
 250:Core/Src/main.c ****   if(CAN_ID==-1){CAN_ID = 1;}
 1148              		.loc 1 250 48 is_stmt 0 discriminator 3 view .LVU253
 1149 00ac 984B     		ldr	r3, .L103+4
 1150 00ae 0022     		movs	r2, #0
 1151 00b0 9A61     		str	r2, [r3, #24]	@ float
 1152              	.L62:
 251:Core/Src/main.c ****   if(CAN_MASTER==-1){CAN_MASTER = 0;}
 1153              		.loc 1 251 3 is_stmt 1 view .LVU254
 251:Core/Src/main.c ****   if(CAN_MASTER==-1){CAN_MASTER = 0;}
 1154              		.loc 1 251 6 is_stmt 0 view .LVU255
 1155 00b2 964B     		ldr	r3, .L103
 1156 00b4 5B68     		ldr	r3, [r3, #4]
 251:Core/Src/main.c ****   if(CAN_MASTER==-1){CAN_MASTER = 0;}
 1157              		.loc 1 251 5 view .LVU256
 1158 00b6 B3F1FF3F 		cmp	r3, #-1
 1159 00ba 00F05681 		beq	.L96
 1160              	.L63:
 252:Core/Src/main.c ****   if(CAN_TIMEOUT==-1){CAN_TIMEOUT = 1000;}
 1161              		.loc 1 252 3 is_stmt 1 view .LVU257
 252:Core/Src/main.c ****   if(CAN_TIMEOUT==-1){CAN_TIMEOUT = 1000;}
 1162              		.loc 1 252 6 is_stmt 0 view .LVU258
 1163 00be 934B     		ldr	r3, .L103
 1164 00c0 9B68     		ldr	r3, [r3, #8]
 252:Core/Src/main.c ****   if(CAN_TIMEOUT==-1){CAN_TIMEOUT = 1000;}
 1165              		.loc 1 252 5 view .LVU259
 1166 00c2 B3F1FF3F 		cmp	r3, #-1
 1167 00c6 00F05481 		beq	.L97
 1168              	.L64:
 253:Core/Src/main.c ****   if(isnan(R_NOMINAL) || R_NOMINAL==-1){R_NOMINAL = 0.0f;}
 1169              		.loc 1 253 3 is_stmt 1 view .LVU260
 253:Core/Src/main.c ****   if(isnan(R_NOMINAL) || R_NOMINAL==-1){R_NOMINAL = 0.0f;}
 1170              		.loc 1 253 6 is_stmt 0 view .LVU261
 1171 00ca 904B     		ldr	r3, .L103
 1172 00cc DB68     		ldr	r3, [r3, #12]
 253:Core/Src/main.c ****   if(isnan(R_NOMINAL) || R_NOMINAL==-1){R_NOMINAL = 0.0f;}
 1173              		.loc 1 253 5 view .LVU262
 1174 00ce B3F1FF3F 		cmp	r3, #-1
 1175 00d2 00F05281 		beq	.L98
 1176              	.L65:
 254:Core/Src/main.c ****   if(isnan(TEMP_MAX) || TEMP_MAX==-1){TEMP_MAX = 125.0f;}
 1177              		.loc 1 254 3 is_stmt 1 view .LVU263
 254:Core/Src/main.c ****   if(isnan(TEMP_MAX) || TEMP_MAX==-1){TEMP_MAX = 125.0f;}
 1178              		.loc 1 254 6 is_stmt 0 view .LVU264
 1179 00d6 8E4B     		ldr	r3, .L103+4
ARM GAS  /tmp/cceP7lds.s 			page 52


 1180 00d8 D3ED077A 		vldr.32	s15, [r3, #28]
 254:Core/Src/main.c ****   if(isnan(TEMP_MAX) || TEMP_MAX==-1){TEMP_MAX = 125.0f;}
 1181              		.loc 1 254 5 view .LVU265
 1182 00dc F4EE677A 		vcmp.f32	s15, s15
 1183 00e0 F1EE10FA 		vmrs	APSR_nzcv, FPSCR
 1184 00e4 06D6     		bvs	.L66
 254:Core/Src/main.c ****   if(isnan(TEMP_MAX) || TEMP_MAX==-1){TEMP_MAX = 125.0f;}
 1185              		.loc 1 254 23 discriminator 2 view .LVU266
 1186 00e6 BFEE007A 		vmov.f32	s14, #-1.0e+0
 1187 00ea F4EE477A 		vcmp.f32	s15, s14
 1188 00ee F1EE10FA 		vmrs	APSR_nzcv, FPSCR
 1189 00f2 02D1     		bne	.L67
 1190              	.L66:
 254:Core/Src/main.c ****   if(isnan(TEMP_MAX) || TEMP_MAX==-1){TEMP_MAX = 125.0f;}
 1191              		.loc 1 254 41 is_stmt 1 discriminator 3 view .LVU267
 254:Core/Src/main.c ****   if(isnan(TEMP_MAX) || TEMP_MAX==-1){TEMP_MAX = 125.0f;}
 1192              		.loc 1 254 51 is_stmt 0 discriminator 3 view .LVU268
 1193 00f4 864B     		ldr	r3, .L103+4
 1194 00f6 0022     		movs	r2, #0
 1195 00f8 DA61     		str	r2, [r3, #28]	@ float
 1196              	.L67:
 255:Core/Src/main.c ****   if(isnan(I_MAX_CONT) || I_MAX_CONT==-1){I_MAX_CONT = 14.0f;}
 1197              		.loc 1 255 3 is_stmt 1 view .LVU269
 255:Core/Src/main.c ****   if(isnan(I_MAX_CONT) || I_MAX_CONT==-1){I_MAX_CONT = 14.0f;}
 1198              		.loc 1 255 6 is_stmt 0 view .LVU270
 1199 00fa 854B     		ldr	r3, .L103+4
 1200 00fc D3ED087A 		vldr.32	s15, [r3, #32]
 255:Core/Src/main.c ****   if(isnan(I_MAX_CONT) || I_MAX_CONT==-1){I_MAX_CONT = 14.0f;}
 1201              		.loc 1 255 5 view .LVU271
 1202 0100 F4EE677A 		vcmp.f32	s15, s15
 1203 0104 F1EE10FA 		vmrs	APSR_nzcv, FPSCR
 1204 0108 06D6     		bvs	.L68
 255:Core/Src/main.c ****   if(isnan(I_MAX_CONT) || I_MAX_CONT==-1){I_MAX_CONT = 14.0f;}
 1205              		.loc 1 255 22 discriminator 2 view .LVU272
 1206 010a BFEE007A 		vmov.f32	s14, #-1.0e+0
 1207 010e F4EE477A 		vcmp.f32	s15, s14
 1208 0112 F1EE10FA 		vmrs	APSR_nzcv, FPSCR
 1209 0116 02D1     		bne	.L69
 1210              	.L68:
 255:Core/Src/main.c ****   if(isnan(I_MAX_CONT) || I_MAX_CONT==-1){I_MAX_CONT = 14.0f;}
 1211              		.loc 1 255 39 is_stmt 1 discriminator 3 view .LVU273
 255:Core/Src/main.c ****   if(isnan(I_MAX_CONT) || I_MAX_CONT==-1){I_MAX_CONT = 14.0f;}
 1212              		.loc 1 255 48 is_stmt 0 discriminator 3 view .LVU274
 1213 0118 7D4B     		ldr	r3, .L103+4
 1214 011a 804A     		ldr	r2, .L103+16
 1215 011c 1A62     		str	r2, [r3, #32]	@ float
 1216              	.L69:
 256:Core/Src/main.c ****   if(isnan(I_CAL)||I_CAL==-1){I_CAL = 5.0f;}
 1217              		.loc 1 256 3 is_stmt 1 view .LVU275
 256:Core/Src/main.c ****   if(isnan(I_CAL)||I_CAL==-1){I_CAL = 5.0f;}
 1218              		.loc 1 256 6 is_stmt 0 view .LVU276
 1219 011e 7C4B     		ldr	r3, .L103+4
 1220 0120 D3ED097A 		vldr.32	s15, [r3, #36]
 256:Core/Src/main.c ****   if(isnan(I_CAL)||I_CAL==-1){I_CAL = 5.0f;}
 1221              		.loc 1 256 5 view .LVU277
 1222 0124 F4EE677A 		vcmp.f32	s15, s15
 1223 0128 F1EE10FA 		vmrs	APSR_nzcv, FPSCR
ARM GAS  /tmp/cceP7lds.s 			page 53


 1224 012c 06D6     		bvs	.L70
 256:Core/Src/main.c ****   if(isnan(I_CAL)||I_CAL==-1){I_CAL = 5.0f;}
 1225              		.loc 1 256 24 discriminator 2 view .LVU278
 1226 012e BFEE007A 		vmov.f32	s14, #-1.0e+0
 1227 0132 F4EE477A 		vcmp.f32	s15, s14
 1228 0136 F1EE10FA 		vmrs	APSR_nzcv, FPSCR
 1229 013a 02D1     		bne	.L71
 1230              	.L70:
 256:Core/Src/main.c ****   if(isnan(I_CAL)||I_CAL==-1){I_CAL = 5.0f;}
 1231              		.loc 1 256 43 is_stmt 1 discriminator 3 view .LVU279
 256:Core/Src/main.c ****   if(isnan(I_CAL)||I_CAL==-1){I_CAL = 5.0f;}
 1232              		.loc 1 256 54 is_stmt 0 discriminator 3 view .LVU280
 1233 013c 744B     		ldr	r3, .L103+4
 1234 013e 784A     		ldr	r2, .L103+20
 1235 0140 5A62     		str	r2, [r3, #36]	@ float
 1236              	.L71:
 257:Core/Src/main.c ****   if(isnan(PPAIRS) || PPAIRS==-1){PPAIRS = 21.0f;}
 1237              		.loc 1 257 3 is_stmt 1 view .LVU281
 257:Core/Src/main.c ****   if(isnan(PPAIRS) || PPAIRS==-1){PPAIRS = 21.0f;}
 1238              		.loc 1 257 6 is_stmt 0 view .LVU282
 1239 0142 734B     		ldr	r3, .L103+4
 1240 0144 D3ED127A 		vldr.32	s15, [r3, #72]
 257:Core/Src/main.c ****   if(isnan(PPAIRS) || PPAIRS==-1){PPAIRS = 21.0f;}
 1241              		.loc 1 257 5 view .LVU283
 1242 0148 F4EE677A 		vcmp.f32	s15, s15
 1243 014c F1EE10FA 		vmrs	APSR_nzcv, FPSCR
 1244 0150 06D6     		bvs	.L72
 257:Core/Src/main.c ****   if(isnan(PPAIRS) || PPAIRS==-1){PPAIRS = 21.0f;}
 1245              		.loc 1 257 18 discriminator 2 view .LVU284
 1246 0152 BFEE007A 		vmov.f32	s14, #-1.0e+0
 1247 0156 F4EE477A 		vcmp.f32	s15, s14
 1248 015a F1EE10FA 		vmrs	APSR_nzcv, FPSCR
 1249 015e 02D1     		bne	.L73
 1250              	.L72:
 257:Core/Src/main.c ****   if(isnan(PPAIRS) || PPAIRS==-1){PPAIRS = 21.0f;}
 1251              		.loc 1 257 31 is_stmt 1 discriminator 3 view .LVU285
 257:Core/Src/main.c ****   if(isnan(PPAIRS) || PPAIRS==-1){PPAIRS = 21.0f;}
 1252              		.loc 1 257 37 is_stmt 0 discriminator 3 view .LVU286
 1253 0160 6B4B     		ldr	r3, .L103+4
 1254 0162 704A     		ldr	r2, .L103+24
 1255 0164 9A64     		str	r2, [r3, #72]	@ float
 1256              	.L73:
 258:Core/Src/main.c ****   if(isnan(GR) || GR==-1){GR = 1.0f;}
 1257              		.loc 1 258 3 is_stmt 1 view .LVU287
 258:Core/Src/main.c ****   if(isnan(GR) || GR==-1){GR = 1.0f;}
 1258              		.loc 1 258 6 is_stmt 0 view .LVU288
 1259 0166 6A4B     		ldr	r3, .L103+4
 1260 0168 D3ED0A7A 		vldr.32	s15, [r3, #40]
 258:Core/Src/main.c ****   if(isnan(GR) || GR==-1){GR = 1.0f;}
 1261              		.loc 1 258 5 view .LVU289
 1262 016c F4EE677A 		vcmp.f32	s15, s15
 1263 0170 F1EE10FA 		vmrs	APSR_nzcv, FPSCR
 1264 0174 06D6     		bvs	.L74
 258:Core/Src/main.c ****   if(isnan(GR) || GR==-1){GR = 1.0f;}
 1265              		.loc 1 258 20 discriminator 2 view .LVU290
 1266 0176 BFEE007A 		vmov.f32	s14, #-1.0e+0
 1267 017a F4EE477A 		vcmp.f32	s15, s14
ARM GAS  /tmp/cceP7lds.s 			page 54


 1268 017e F1EE10FA 		vmrs	APSR_nzcv, FPSCR
 1269 0182 02D1     		bne	.L75
 1270              	.L74:
 258:Core/Src/main.c ****   if(isnan(GR) || GR==-1){GR = 1.0f;}
 1271              		.loc 1 258 35 is_stmt 1 discriminator 3 view .LVU291
 258:Core/Src/main.c ****   if(isnan(GR) || GR==-1){GR = 1.0f;}
 1272              		.loc 1 258 42 is_stmt 0 discriminator 3 view .LVU292
 1273 0184 624B     		ldr	r3, .L103+4
 1274 0186 684A     		ldr	r2, .L103+28
 1275 0188 9A62     		str	r2, [r3, #40]	@ float
 1276              	.L75:
 259:Core/Src/main.c ****   if(isnan(KT) || KT==-1){KT = 1.0f;}
 1277              		.loc 1 259 3 is_stmt 1 view .LVU293
 259:Core/Src/main.c ****   if(isnan(KT) || KT==-1){KT = 1.0f;}
 1278              		.loc 1 259 6 is_stmt 0 view .LVU294
 1279 018a 614B     		ldr	r3, .L103+4
 1280 018c D3ED117A 		vldr.32	s15, [r3, #68]
 259:Core/Src/main.c ****   if(isnan(KT) || KT==-1){KT = 1.0f;}
 1281              		.loc 1 259 5 view .LVU295
 1282 0190 F4EE677A 		vcmp.f32	s15, s15
 1283 0194 F1EE10FA 		vmrs	APSR_nzcv, FPSCR
 1284 0198 06D6     		bvs	.L76
 259:Core/Src/main.c ****   if(isnan(KT) || KT==-1){KT = 1.0f;}
 1285              		.loc 1 259 16 discriminator 2 view .LVU296
 1286 019a BFEE007A 		vmov.f32	s14, #-1.0e+0
 1287 019e F4EE477A 		vcmp.f32	s15, s14
 1288 01a2 F1EE10FA 		vmrs	APSR_nzcv, FPSCR
 1289 01a6 03D1     		bne	.L77
 1290              	.L76:
 259:Core/Src/main.c ****   if(isnan(KT) || KT==-1){KT = 1.0f;}
 1291              		.loc 1 259 27 is_stmt 1 discriminator 3 view .LVU297
 259:Core/Src/main.c ****   if(isnan(KT) || KT==-1){KT = 1.0f;}
 1292              		.loc 1 259 30 is_stmt 0 discriminator 3 view .LVU298
 1293 01a8 594B     		ldr	r3, .L103+4
 1294 01aa 4FF07E52 		mov	r2, #1065353216
 1295 01ae 5A64     		str	r2, [r3, #68]	@ float
 1296              	.L77:
 260:Core/Src/main.c ****   if(isnan(KP_MAX) || KP_MAX==-1){KP_MAX = 500.0f;}
 1297              		.loc 1 260 3 is_stmt 1 view .LVU299
 260:Core/Src/main.c ****   if(isnan(KP_MAX) || KP_MAX==-1){KP_MAX = 500.0f;}
 1298              		.loc 1 260 6 is_stmt 0 view .LVU300
 1299 01b0 574B     		ldr	r3, .L103+4
 1300 01b2 D3ED0E7A 		vldr.32	s15, [r3, #56]
 260:Core/Src/main.c ****   if(isnan(KP_MAX) || KP_MAX==-1){KP_MAX = 500.0f;}
 1301              		.loc 1 260 5 view .LVU301
 1302 01b6 F4EE677A 		vcmp.f32	s15, s15
 1303 01ba F1EE10FA 		vmrs	APSR_nzcv, FPSCR
 1304 01be 06D6     		bvs	.L78
 260:Core/Src/main.c ****   if(isnan(KP_MAX) || KP_MAX==-1){KP_MAX = 500.0f;}
 1305              		.loc 1 260 16 discriminator 2 view .LVU302
 1306 01c0 BFEE007A 		vmov.f32	s14, #-1.0e+0
 1307 01c4 F4EE477A 		vcmp.f32	s15, s14
 1308 01c8 F1EE10FA 		vmrs	APSR_nzcv, FPSCR
 1309 01cc 03D1     		bne	.L79
 1310              	.L78:
 260:Core/Src/main.c ****   if(isnan(KP_MAX) || KP_MAX==-1){KP_MAX = 500.0f;}
 1311              		.loc 1 260 27 is_stmt 1 discriminator 3 view .LVU303
ARM GAS  /tmp/cceP7lds.s 			page 55


 260:Core/Src/main.c ****   if(isnan(KP_MAX) || KP_MAX==-1){KP_MAX = 500.0f;}
 1312              		.loc 1 260 30 is_stmt 0 discriminator 3 view .LVU304
 1313 01ce 504B     		ldr	r3, .L103+4
 1314 01d0 4FF07E52 		mov	r2, #1065353216
 1315 01d4 9A63     		str	r2, [r3, #56]	@ float
 1316              	.L79:
 261:Core/Src/main.c ****   if(isnan(KP_MIN) || KP_MIN==-1){KP_MIN = 0.0f;}
 1317              		.loc 1 261 3 is_stmt 1 view .LVU305
 261:Core/Src/main.c ****   if(isnan(KP_MIN) || KP_MIN==-1){KP_MIN = 0.0f;}
 1318              		.loc 1 261 6 is_stmt 0 view .LVU306
 1319 01d6 4E4B     		ldr	r3, .L103+4
 1320 01d8 D3ED197A 		vldr.32	s15, [r3, #100]
 261:Core/Src/main.c ****   if(isnan(KP_MIN) || KP_MIN==-1){KP_MIN = 0.0f;}
 1321              		.loc 1 261 5 view .LVU307
 1322 01dc F4EE677A 		vcmp.f32	s15, s15
 1323 01e0 F1EE10FA 		vmrs	APSR_nzcv, FPSCR
 1324 01e4 06D6     		bvs	.L80
 261:Core/Src/main.c ****   if(isnan(KP_MIN) || KP_MIN==-1){KP_MIN = 0.0f;}
 1325              		.loc 1 261 20 discriminator 2 view .LVU308
 1326 01e6 BFEE007A 		vmov.f32	s14, #-1.0e+0
 1327 01ea F4EE477A 		vcmp.f32	s15, s14
 1328 01ee F1EE10FA 		vmrs	APSR_nzcv, FPSCR
 1329 01f2 02D1     		bne	.L81
 1330              	.L80:
 261:Core/Src/main.c ****   if(isnan(KP_MIN) || KP_MIN==-1){KP_MIN = 0.0f;}
 1331              		.loc 1 261 35 is_stmt 1 discriminator 3 view .LVU309
 261:Core/Src/main.c ****   if(isnan(KP_MIN) || KP_MIN==-1){KP_MIN = 0.0f;}
 1332              		.loc 1 261 42 is_stmt 0 discriminator 3 view .LVU310
 1333 01f4 464B     		ldr	r3, .L103+4
 1334 01f6 4D4A     		ldr	r2, .L103+32
 1335 01f8 5A66     		str	r2, [r3, #100]	@ float
 1336              	.L81:
 262:Core/Src/main.c ****   if(isnan(KD_MAX) || KD_MAX==-1){KD_MAX = 5.0f;}
 1337              		.loc 1 262 3 is_stmt 1 view .LVU311
 262:Core/Src/main.c ****   if(isnan(KD_MAX) || KD_MAX==-1){KD_MAX = 5.0f;}
 1338              		.loc 1 262 6 is_stmt 0 view .LVU312
 1339 01fa 454B     		ldr	r3, .L103+4
 1340 01fc D3ED1B7A 		vldr.32	s15, [r3, #108]
 262:Core/Src/main.c ****   if(isnan(KD_MAX) || KD_MAX==-1){KD_MAX = 5.0f;}
 1341              		.loc 1 262 5 view .LVU313
 1342 0200 F4EE677A 		vcmp.f32	s15, s15
 1343 0204 F1EE10FA 		vmrs	APSR_nzcv, FPSCR
 1344 0208 06D6     		bvs	.L82
 262:Core/Src/main.c ****   if(isnan(KD_MAX) || KD_MAX==-1){KD_MAX = 5.0f;}
 1345              		.loc 1 262 20 discriminator 2 view .LVU314
 1346 020a BFEE007A 		vmov.f32	s14, #-1.0e+0
 1347 020e F4EE477A 		vcmp.f32	s15, s14
 1348 0212 F1EE10FA 		vmrs	APSR_nzcv, FPSCR
 1349 0216 02D1     		bne	.L83
 1350              	.L82:
 262:Core/Src/main.c ****   if(isnan(KD_MAX) || KD_MAX==-1){KD_MAX = 5.0f;}
 1351              		.loc 1 262 35 is_stmt 1 discriminator 3 view .LVU315
 262:Core/Src/main.c ****   if(isnan(KD_MAX) || KD_MAX==-1){KD_MAX = 5.0f;}
 1352              		.loc 1 262 42 is_stmt 0 discriminator 3 view .LVU316
 1353 0218 3D4B     		ldr	r3, .L103+4
 1354 021a 0022     		movs	r2, #0
 1355 021c DA66     		str	r2, [r3, #108]	@ float
ARM GAS  /tmp/cceP7lds.s 			page 56


 1356              	.L83:
 263:Core/Src/main.c ****   if(isnan(KD_MIN) || KD_MIN==-1){KD_MIN = 0.0f;}
 1357              		.loc 1 263 3 is_stmt 1 view .LVU317
 263:Core/Src/main.c ****   if(isnan(KD_MIN) || KD_MIN==-1){KD_MIN = 0.0f;}
 1358              		.loc 1 263 6 is_stmt 0 view .LVU318
 1359 021e 3C4B     		ldr	r3, .L103+4
 1360 0220 D3ED1A7A 		vldr.32	s15, [r3, #104]
 263:Core/Src/main.c ****   if(isnan(KD_MIN) || KD_MIN==-1){KD_MIN = 0.0f;}
 1361              		.loc 1 263 5 view .LVU319
 1362 0224 F4EE677A 		vcmp.f32	s15, s15
 1363 0228 F1EE10FA 		vmrs	APSR_nzcv, FPSCR
 1364 022c 06D6     		bvs	.L84
 263:Core/Src/main.c ****   if(isnan(KD_MIN) || KD_MIN==-1){KD_MIN = 0.0f;}
 1365              		.loc 1 263 20 discriminator 2 view .LVU320
 1366 022e BFEE007A 		vmov.f32	s14, #-1.0e+0
 1367 0232 F4EE477A 		vcmp.f32	s15, s14
 1368 0236 F1EE10FA 		vmrs	APSR_nzcv, FPSCR
 1369 023a 02D1     		bne	.L85
 1370              	.L84:
 263:Core/Src/main.c ****   if(isnan(KD_MIN) || KD_MIN==-1){KD_MIN = 0.0f;}
 1371              		.loc 1 263 35 is_stmt 1 discriminator 3 view .LVU321
 263:Core/Src/main.c ****   if(isnan(KD_MIN) || KD_MIN==-1){KD_MIN = 0.0f;}
 1372              		.loc 1 263 42 is_stmt 0 discriminator 3 view .LVU322
 1373 023c 344B     		ldr	r3, .L103+4
 1374 023e 394A     		ldr	r2, .L103+24
 1375 0240 9A66     		str	r2, [r3, #104]	@ float
 1376              	.L85:
 264:Core/Src/main.c ****   if(isnan(P_MAX)){P_MAX = 12.5f;}
 1377              		.loc 1 264 3 is_stmt 1 view .LVU323
 264:Core/Src/main.c ****   if(isnan(P_MAX)){P_MAX = 12.5f;}
 1378              		.loc 1 264 6 is_stmt 0 view .LVU324
 1379 0242 334B     		ldr	r3, .L103+4
 1380 0244 D3ED1C7A 		vldr.32	s15, [r3, #112]
 264:Core/Src/main.c ****   if(isnan(P_MAX)){P_MAX = 12.5f;}
 1381              		.loc 1 264 5 view .LVU325
 1382 0248 F4EE677A 		vcmp.f32	s15, s15
 1383 024c F1EE10FA 		vmrs	APSR_nzcv, FPSCR
 1384 0250 06D6     		bvs	.L86
 264:Core/Src/main.c ****   if(isnan(P_MAX)){P_MAX = 12.5f;}
 1385              		.loc 1 264 20 discriminator 2 view .LVU326
 1386 0252 BFEE007A 		vmov.f32	s14, #-1.0e+0
 1387 0256 F4EE477A 		vcmp.f32	s15, s14
 1388 025a F1EE10FA 		vmrs	APSR_nzcv, FPSCR
 1389 025e 02D1     		bne	.L87
 1390              	.L86:
 264:Core/Src/main.c ****   if(isnan(P_MAX)){P_MAX = 12.5f;}
 1391              		.loc 1 264 35 is_stmt 1 discriminator 3 view .LVU327
 264:Core/Src/main.c ****   if(isnan(P_MAX)){P_MAX = 12.5f;}
 1392              		.loc 1 264 42 is_stmt 0 discriminator 3 view .LVU328
 1393 0260 2B4B     		ldr	r3, .L103+4
 1394 0262 0022     		movs	r2, #0
 1395 0264 1A67     		str	r2, [r3, #112]	@ float
 1396              	.L87:
 265:Core/Src/main.c ****   if(isnan(P_MIN)){P_MIN = -12.5f;}
 1397              		.loc 1 265 3 is_stmt 1 view .LVU329
 265:Core/Src/main.c ****   if(isnan(P_MIN)){P_MIN = -12.5f;}
 1398              		.loc 1 265 6 is_stmt 0 view .LVU330
ARM GAS  /tmp/cceP7lds.s 			page 57


 1399 0266 2A4B     		ldr	r3, .L103+4
 1400 0268 D3ED147A 		vldr.32	s15, [r3, #80]
 265:Core/Src/main.c ****   if(isnan(P_MIN)){P_MIN = -12.5f;}
 1401              		.loc 1 265 5 view .LVU331
 1402 026c F4EE677A 		vcmp.f32	s15, s15
 1403 0270 F1EE10FA 		vmrs	APSR_nzcv, FPSCR
 1404 0274 80F18680 		bvs	.L99
 1405              	.L88:
 266:Core/Src/main.c ****   if(isnan(V_MAX)){V_MAX = 65.0f;}
 1406              		.loc 1 266 3 is_stmt 1 view .LVU332
 266:Core/Src/main.c ****   if(isnan(V_MAX)){V_MAX = 65.0f;}
 1407              		.loc 1 266 6 is_stmt 0 view .LVU333
 1408 0278 254B     		ldr	r3, .L103+4
 1409 027a D3ED137A 		vldr.32	s15, [r3, #76]
 266:Core/Src/main.c ****   if(isnan(V_MAX)){V_MAX = 65.0f;}
 1410              		.loc 1 266 5 view .LVU334
 1411 027e F4EE677A 		vcmp.f32	s15, s15
 1412 0282 F1EE10FA 		vmrs	APSR_nzcv, FPSCR
 1413 0286 80F18080 		bvs	.L100
 1414              	.L89:
 267:Core/Src/main.c ****   if(isnan(V_MIN)){V_MIN = -65.0f;}
 1415              		.loc 1 267 3 is_stmt 1 view .LVU335
 267:Core/Src/main.c ****   if(isnan(V_MIN)){V_MIN = -65.0f;}
 1416              		.loc 1 267 6 is_stmt 0 view .LVU336
 1417 028a 214B     		ldr	r3, .L103+4
 1418 028c D3ED167A 		vldr.32	s15, [r3, #88]
 267:Core/Src/main.c ****   if(isnan(V_MIN)){V_MIN = -65.0f;}
 1419              		.loc 1 267 5 view .LVU337
 1420 0290 F4EE677A 		vcmp.f32	s15, s15
 1421 0294 F1EE10FA 		vmrs	APSR_nzcv, FPSCR
 1422 0298 7AD6     		bvs	.L101
 1423              	.L90:
 268:Core/Src/main.c **** 
 1424              		.loc 1 268 3 is_stmt 1 view .LVU338
 268:Core/Src/main.c **** 
 1425              		.loc 1 268 6 is_stmt 0 view .LVU339
 1426 029a 1D4B     		ldr	r3, .L103+4
 1427 029c D3ED157A 		vldr.32	s15, [r3, #84]
 268:Core/Src/main.c **** 
 1428              		.loc 1 268 5 view .LVU340
 1429 02a0 F4EE677A 		vcmp.f32	s15, s15
 1430 02a4 F1EE10FA 		vmrs	APSR_nzcv, FPSCR
 1431 02a8 75D6     		bvs	.L102
 1432              	.L91:
 272:Core/Src/main.c **** 
 1433              		.loc 1 272 3 is_stmt 1 view .LVU341
 1434 02aa 2148     		ldr	r0, .L103+36
 1435 02ac FFF7FEFF 		bl	flash_read_config
 1436              	.LVL84:
 274:Core/Src/main.c **** 
 1437              		.loc 1 274 3 view .LVU342
 1438 02b0 FFF7FEFF 		bl	init_trig_lut
 1439              	.LVL85:
 276:Core/Src/main.c **** 	control_init();
 1440              		.loc 1 276 2 view .LVU343
 1441 02b4 1F4E     		ldr	r6, .L103+40
 1442 02b6 3046     		mov	r0, r6
ARM GAS  /tmp/cceP7lds.s 			page 58


 1443 02b8 FFF7FEFF 		bl	bldc_config
 1444              	.LVL86:
 277:Core/Src/main.c **** 	
 1445              		.loc 1 277 2 view .LVU344
 1446 02bc FFF7FEFF 		bl	control_init
 1447              	.LVL87:
 282:Core/Src/main.c **** 	ENCODER_AutoDetect();
 1448              		.loc 1 282 2 view .LVU345
 1449 02c0 FFF7FEFF 		bl	ENCODER_Setup
 1450              	.LVL88:
 283:Core/Src/main.c **** 	
 1451              		.loc 1 283 2 view .LVU346
 1452 02c4 FFF7FEFF 		bl	ENCODER_AutoDetect
 1453              	.LVL89:
 286:Core/Src/main.c ****   state.next_state = MENU_MODE;
 1454              		.loc 1 286 3 view .LVU347
 286:Core/Src/main.c ****   state.next_state = MENU_MODE;
 1455              		.loc 1 286 15 is_stmt 0 view .LVU348
 1456 02c8 1B4B     		ldr	r3, .L103+44
 1457 02ca 0024     		movs	r4, #0
 1458 02cc 1C70     		strb	r4, [r3]
 287:Core/Src/main.c ****   state.ready = 1;
 1459              		.loc 1 287 3 is_stmt 1 view .LVU349
 287:Core/Src/main.c ****   state.ready = 1;
 1460              		.loc 1 287 20 is_stmt 0 view .LVU350
 1461 02ce 5C70     		strb	r4, [r3, #1]
 288:Core/Src/main.c **** 
 1462              		.loc 1 288 3 is_stmt 1 view .LVU351
 288:Core/Src/main.c **** 
 1463              		.loc 1 288 15 is_stmt 0 view .LVU352
 1464 02d0 0125     		movs	r5, #1
 1465 02d2 DD70     		strb	r5, [r3, #3]
 290:Core/Src/main.c **** 
 1466              		.loc 1 290 3 is_stmt 1 view .LVU353
 1467 02d4 2A46     		mov	r2, r5
 1468 02d6 1949     		ldr	r1, .L103+48
 1469 02d8 1948     		ldr	r0, .L103+52
 1470 02da FFF7FEFF 		bl	HAL_UART_Receive_IT
 1471              	.LVL90:
 293:Core/Src/main.c **** 	TIM_COUNTER_ENABLE(TIM3);
 1472              		.loc 1 293 3 view .LVU354
 1473 02de 1948     		ldr	r0, .L103+56
 1474 02e0 FFF7FEFF 		bl	TIM_COUNTER_ENABLE
 1475              	.LVL91:
 294:Core/Src/main.c ****   TIM_COUNTER_ENABLE(TIM1); 
 1476              		.loc 1 294 2 view .LVU355
 1477 02e4 1848     		ldr	r0, .L103+60
 1478 02e6 FFF7FEFF 		bl	TIM_COUNTER_ENABLE
 1479              	.LVL92:
 295:Core/Src/main.c **** 
 1480              		.loc 1 295 3 view .LVU356
 1481 02ea 1848     		ldr	r0, .L103+64
 1482 02ec FFF7FEFF 		bl	TIM_COUNTER_ENABLE
 1483              	.LVL93:
 299:Core/Src/main.c **** 
 1484              		.loc 1 299 3 view .LVU357
 1485 02f0 3046     		mov	r0, r6
ARM GAS  /tmp/cceP7lds.s 			page 59


 1486 02f2 FFF7FEFF 		bl	DRV8323_Start_PWM
 1487              	.LVL94:
 303:Core/Src/main.c ****   foc_cal_encoder(&hfoc);
 1488              		.loc 1 303 2 view .LVU358
 303:Core/Src/main.c ****   foc_cal_encoder(&hfoc);
 1489              		.loc 1 303 17 is_stmt 0 view .LVU359
 1490 02f6 164E     		ldr	r6, .L103+68
 1491 02f8 3570     		strb	r5, [r6]
 304:Core/Src/main.c **** 	is_calibrating = 0;
 1492              		.loc 1 304 3 is_stmt 1 view .LVU360
 1493 02fa 164D     		ldr	r5, .L103+72
 1494 02fc 2846     		mov	r0, r5
 1495 02fe FFF7FEFF 		bl	foc_cal_encoder
 1496              	.LVL95:
 305:Core/Src/main.c **** 	hfoc.control_mode = POSITION_CONTROL_MODE;
 1497              		.loc 1 305 2 view .LVU361
 305:Core/Src/main.c **** 	hfoc.control_mode = POSITION_CONTROL_MODE;
 1498              		.loc 1 305 17 is_stmt 0 view .LVU362
 1499 0302 3470     		strb	r4, [r6]
 306:Core/Src/main.c **** 
 1500              		.loc 1 306 2 is_stmt 1 view .LVU363
 306:Core/Src/main.c **** 
 1501              		.loc 1 306 20 is_stmt 0 view .LVU364
 1502 0304 0223     		movs	r3, #2
 1503 0306 85F88C31 		strb	r3, [r5, #396]
 1504 030a 25E0     		b	.L104
 1505              	.L105:
 1506              		.align	2
 1507              	.L103:
 1508 030c 00000000 		.word	.LANCHOR5
 1509 0310 00000000 		.word	.LANCHOR6
 1510 0314 00007A44 		.word	1148846080
 1511 0318 00002042 		.word	1109393408
 1512 031c 0000FA42 		.word	1123680256
 1513 0320 00006041 		.word	1096810496
 1514 0324 0000A040 		.word	1084227584
 1515 0328 0000A841 		.word	1101529088
 1516 032c 0000FA43 		.word	1140457472
 1517 0330 00000000 		.word	m_config
 1518 0334 00000000 		.word	.LANCHOR1
 1519 0338 00000000 		.word	.LANCHOR4
 1520 033c 00000000 		.word	.LANCHOR7
 1521 0340 00000000 		.word	huart
 1522 0344 00440140 		.word	1073824768
 1523 0348 00040040 		.word	1073742848
 1524 034c 00000140 		.word	1073807360
 1525 0350 00000000 		.word	.LANCHOR8
 1526 0354 00000000 		.word	.LANCHOR0
 1527              	.L104:
 1528              	.L92:
 316:Core/Src/main.c ****   {
 1529              		.loc 1 316 3 is_stmt 1 discriminator 1 view .LVU365
 321:Core/Src/main.c ****   /* USER CODE END 3 */
 1530              		.loc 1 321 3 discriminator 1 view .LVU366
 316:Core/Src/main.c ****   {
 1531              		.loc 1 316 9 discriminator 1 view .LVU367
 1532 0358 FEE7     		b	.L92
ARM GAS  /tmp/cceP7lds.s 			page 60


 1533              	.L94:
 246:Core/Src/main.c ****   if(M_ZERO==-1){M_ZERO = 0;}
 1534              		.loc 1 246 18 discriminator 1 view .LVU368
 246:Core/Src/main.c ****   if(M_ZERO==-1){M_ZERO = 0;}
 1535              		.loc 1 246 25 is_stmt 0 discriminator 1 view .LVU369
 1536 035a 104B     		ldr	r3, .L106
 1537 035c 0022     		movs	r2, #0
 1538 035e 5A61     		str	r2, [r3, #20]
 1539 0360 6BE6     		b	.L55
 1540              	.L95:
 247:Core/Src/main.c ****   if(isnan(I_BW) || I_BW==-1){I_BW = 1000;}
 1541              		.loc 1 247 18 is_stmt 1 discriminator 1 view .LVU370
 247:Core/Src/main.c ****   if(isnan(I_BW) || I_BW==-1){I_BW = 1000;}
 1542              		.loc 1 247 25 is_stmt 0 discriminator 1 view .LVU371
 1543 0362 0E4B     		ldr	r3, .L106
 1544 0364 0022     		movs	r2, #0
 1545 0366 1A61     		str	r2, [r3, #16]
 1546 0368 6DE6     		b	.L56
 1547              	.L96:
 251:Core/Src/main.c ****   if(CAN_MASTER==-1){CAN_MASTER = 0;}
 1548              		.loc 1 251 18 is_stmt 1 discriminator 1 view .LVU372
 251:Core/Src/main.c ****   if(CAN_MASTER==-1){CAN_MASTER = 0;}
 1549              		.loc 1 251 25 is_stmt 0 discriminator 1 view .LVU373
 1550 036a 0C4B     		ldr	r3, .L106
 1551 036c 0122     		movs	r2, #1
 1552 036e 5A60     		str	r2, [r3, #4]
 1553 0370 A5E6     		b	.L63
 1554              	.L97:
 252:Core/Src/main.c ****   if(CAN_TIMEOUT==-1){CAN_TIMEOUT = 1000;}
 1555              		.loc 1 252 22 is_stmt 1 discriminator 1 view .LVU374
 252:Core/Src/main.c ****   if(CAN_TIMEOUT==-1){CAN_TIMEOUT = 1000;}
 1556              		.loc 1 252 33 is_stmt 0 discriminator 1 view .LVU375
 1557 0372 0A4B     		ldr	r3, .L106
 1558 0374 0022     		movs	r2, #0
 1559 0376 9A60     		str	r2, [r3, #8]
 1560 0378 A7E6     		b	.L64
 1561              	.L98:
 253:Core/Src/main.c ****   if(isnan(R_NOMINAL) || R_NOMINAL==-1){R_NOMINAL = 0.0f;}
 1562              		.loc 1 253 23 is_stmt 1 discriminator 1 view .LVU376
 253:Core/Src/main.c ****   if(isnan(R_NOMINAL) || R_NOMINAL==-1){R_NOMINAL = 0.0f;}
 1563              		.loc 1 253 35 is_stmt 0 discriminator 1 view .LVU377
 1564 037a 084B     		ldr	r3, .L106
 1565 037c 4FF47A72 		mov	r2, #1000
 1566 0380 DA60     		str	r2, [r3, #12]
 1567 0382 A8E6     		b	.L65
 1568              	.L99:
 265:Core/Src/main.c ****   if(isnan(P_MIN)){P_MIN = -12.5f;}
 1569              		.loc 1 265 20 is_stmt 1 discriminator 1 view .LVU378
 265:Core/Src/main.c ****   if(isnan(P_MIN)){P_MIN = -12.5f;}
 1570              		.loc 1 265 26 is_stmt 0 discriminator 1 view .LVU379
 1571 0384 064A     		ldr	r2, .L106+4
 1572 0386 1A65     		str	r2, [r3, #80]	@ float
 1573 0388 76E7     		b	.L88
 1574              	.L100:
 266:Core/Src/main.c ****   if(isnan(V_MAX)){V_MAX = 65.0f;}
 1575              		.loc 1 266 20 is_stmt 1 discriminator 1 view .LVU380
 266:Core/Src/main.c ****   if(isnan(V_MAX)){V_MAX = 65.0f;}
ARM GAS  /tmp/cceP7lds.s 			page 61


 1576              		.loc 1 266 26 is_stmt 0 discriminator 1 view .LVU381
 1577 038a 064A     		ldr	r2, .L106+8
 1578 038c DA64     		str	r2, [r3, #76]	@ float
 1579 038e 7CE7     		b	.L89
 1580              	.L101:
 267:Core/Src/main.c ****   if(isnan(V_MIN)){V_MIN = -65.0f;}
 1581              		.loc 1 267 20 is_stmt 1 discriminator 1 view .LVU382
 267:Core/Src/main.c ****   if(isnan(V_MIN)){V_MIN = -65.0f;}
 1582              		.loc 1 267 26 is_stmt 0 discriminator 1 view .LVU383
 1583 0390 054A     		ldr	r2, .L106+12
 1584 0392 9A65     		str	r2, [r3, #88]	@ float
 1585 0394 81E7     		b	.L90
 1586              	.L102:
 268:Core/Src/main.c **** 
 1587              		.loc 1 268 20 is_stmt 1 discriminator 1 view .LVU384
 268:Core/Src/main.c **** 
 1588              		.loc 1 268 26 is_stmt 0 discriminator 1 view .LVU385
 1589 0396 054A     		ldr	r2, .L106+16
 1590 0398 5A65     		str	r2, [r3, #84]	@ float
 1591 039a 86E7     		b	.L91
 1592              	.L107:
 1593              		.align	2
 1594              	.L106:
 1595 039c 00000000 		.word	.LANCHOR5
 1596 03a0 00004841 		.word	1095237632
 1597 03a4 000048C1 		.word	-1052246016
 1598 03a8 00008242 		.word	1115815936
 1599 03ac 000082C2 		.word	-1031667712
 1600              		.cfi_endproc
 1601              	.LFE137:
 1603              		.global	p
 1604              		.global	k
 1605              		.global	crc_rev
 1606              		.global	crc_check
 1607              		.global	is_calibrating
 1608              		.global	sPoint_Tor
 1609              		.global	sPoint_Pos
 1610              		.global	sPoint_Vel
 1611              		.global	__int_reg
 1612              		.global	__float_reg
 1613              		.global	Serial2RxBuffer
 1614              		.global	dt_us
 1615              		.global	my_as5048a_hw
 1616              		.global	robot_joints
 1617              		.global	can_rx
 1618              		.global	can_tx
 1619              		.global	m_config
 1620              		.global	bldc
 1621              		.global	hfoc
 1622              		.global	state
 1623              		.section	.bss.Serial2RxBuffer,"aw",%nobits
 1624              		.align	2
 1625              		.set	.LANCHOR7,. + 0
 1628              	Serial2RxBuffer:
 1629 0000 00       		.space	1
 1630              		.section	.bss.__float_reg,"aw",%nobits
 1631              		.align	2
ARM GAS  /tmp/cceP7lds.s 			page 62


 1632              		.set	.LANCHOR6,. + 0
 1635              	__float_reg:
 1636 0000 00000000 		.space	256
 1636      00000000 
 1636      00000000 
 1636      00000000 
 1636      00000000 
 1637              		.section	.bss.__int_reg,"aw",%nobits
 1638              		.align	2
 1639              		.set	.LANCHOR5,. + 0
 1642              	__int_reg:
 1643 0000 00000000 		.space	1024
 1643      00000000 
 1643      00000000 
 1643      00000000 
 1643      00000000 
 1644              		.section	.bss.bldc,"aw",%nobits
 1645              		.align	2
 1646              		.set	.LANCHOR1,. + 0
 1649              	bldc:
 1650 0000 00000000 		.space	52
 1650      00000000 
 1650      00000000 
 1650      00000000 
 1650      00000000 
 1651              		.section	.bss.can_rx,"aw",%nobits
 1652              		.align	2
 1655              	can_rx:
 1656 0000 00000000 		.space	76
 1656      00000000 
 1656      00000000 
 1656      00000000 
 1656      00000000 
 1657              		.section	.bss.can_tx,"aw",%nobits
 1658              		.align	2
 1661              	can_tx:
 1662 0000 00000000 		.space	32
 1662      00000000 
 1662      00000000 
 1662      00000000 
 1662      00000000 
 1663              		.section	.bss.crc_check,"aw",%nobits
 1664              		.align	2
 1667              	crc_check:
 1668 0000 00000000 		.space	4
 1669              		.section	.bss.crc_rev,"aw",%nobits
 1670              		.align	2
 1673              	crc_rev:
 1674 0000 00000000 		.space	4
 1675              		.section	.bss.dt_us,"aw",%nobits
 1676              		.align	2
 1677              		.set	.LANCHOR3,. + 0
 1680              	dt_us:
 1681 0000 00000000 		.space	4
 1682              		.section	.bss.event_speed_loop_count.0,"aw",%nobits
 1683              		.set	.LANCHOR2,. + 0
 1686              	event_speed_loop_count.0:
ARM GAS  /tmp/cceP7lds.s 			page 63


 1687 0000 00       		.space	1
 1688              		.section	.bss.hfoc,"aw",%nobits
 1689              		.align	2
 1690              		.set	.LANCHOR0,. + 0
 1693              	hfoc:
 1694 0000 00000000 		.space	420
 1694      00000000 
 1694      00000000 
 1694      00000000 
 1694      00000000 
 1695              		.section	.bss.is_calibrating,"aw",%nobits
 1696              		.set	.LANCHOR8,. + 0
 1699              	is_calibrating:
 1700 0000 00       		.space	1
 1701              		.section	.bss.m_config,"aw",%nobits
 1702              		.align	2
 1705              	m_config:
 1706 0000 00000000 		.space	4212
 1706      00000000 
 1706      00000000 
 1706      00000000 
 1706      00000000 
 1707              		.section	.bss.my_as5048a_hw,"aw",%nobits
 1708              		.align	2
 1711              	my_as5048a_hw:
 1712 0000 00000000 		.space	12
 1712      00000000 
 1712      00000000 
 1713              		.section	.bss.robot_joints,"aw",%nobits
 1714              		.align	3
 1717              	robot_joints:
 1718 0000 00000000 		.space	72
 1718      00000000 
 1718      00000000 
 1718      00000000 
 1718      00000000 
 1719              		.section	.bss.sPoint_Pos,"aw",%nobits
 1720              		.align	2
 1723              	sPoint_Pos:
 1724 0000 00000000 		.space	4
 1725              		.section	.bss.sPoint_Tor,"aw",%nobits
 1726              		.align	2
 1729              	sPoint_Tor:
 1730 0000 00000000 		.space	4
 1731              		.section	.bss.state,"aw",%nobits
 1732              		.align	2
 1733              		.set	.LANCHOR4,. + 0
 1736              	state:
 1737 0000 00000000 		.space	14
 1737      00000000 
 1737      00000000 
 1737      0000
 1738              		.section	.data.k,"aw"
 1739              		.align	2
 1742              	k:
 1743 0000 000080BF 		.word	-1082130432
 1744              		.section	.data.p,"aw"
ARM GAS  /tmp/cceP7lds.s 			page 64


 1745              		.align	2
 1748              	p:
 1749 0000 CDCCCC3D 		.word	1036831949
 1750              		.section	.data.sPoint_Vel,"aw"
 1751              		.align	2
 1754              	sPoint_Vel:
 1755 0000 00004842 		.word	1112014848
 1756              		.text
 1757              	.Letext0:
 1758              		.file 3 "/usr/lib/gcc/arm-none-eabi/10.3.1/include/stdint.h"
 1759              		.file 4 "Drivers/CMSIS/Device/ST/STM32F4xx/Include/stm32f405xx.h"
 1760              		.file 5 "Drivers/CMSIS/Device/ST/STM32F4xx/Include/stm32f4xx.h"
 1761              		.file 6 "Drivers/STM32F4xx_HAL_Driver/Inc/stm32f4xx_hal_def.h"
 1762              		.file 7 "Drivers/STM32F4xx_HAL_Driver/Inc/stm32f4xx_hal_rcc_ex.h"
 1763              		.file 8 "Drivers/STM32F4xx_HAL_Driver/Inc/stm32f4xx_hal_rcc.h"
 1764              		.file 9 "Drivers/STM32F4xx_HAL_Driver/Inc/stm32f4xx_hal_dma.h"
 1765              		.file 10 "Drivers/STM32F4xx_HAL_Driver/Inc/stm32f4xx_hal_can.h"
 1766              		.file 11 "Drivers/STM32F4xx_HAL_Driver/Inc/stm32f4xx_hal_i2c.h"
 1767              		.file 12 "Drivers/STM32F4xx_HAL_Driver/Inc/stm32f4xx_hal_spi.h"
 1768              		.file 13 "Drivers/STM32F4xx_HAL_Driver/Inc/stm32f4xx_hal_tim.h"
 1769              		.file 14 "Drivers/STM32F4xx_HAL_Driver/Inc/stm32f4xx_hal_uart.h"
 1770              		.file 15 "Core/Inc/uart.h"
 1771              		.file 16 "Core/Inc/user_config.h"
 1772              		.file 17 "Core/Inc/as5048a.h"
 1773              		.file 18 "Core/Inc/drv8323s.h"
 1774              		.file 19 "Core/Inc/pid_utils.h"
 1775              		.file 20 "Core/Inc/foc_utils.h"
 1776              		.file 21 "Core/Inc/flash.h"
 1777              		.file 22 "Core/Inc/joint_acc.h"
 1778              		.file 23 "Core/Inc/fsm.h"
 1779              		.file 24 "Core/Inc/can.h"
 1780              		.file 25 "Core/Inc/encoder.h"
 1781              		.file 26 "Drivers/STM32F4xx_HAL_Driver/Inc/stm32f4xx_hal.h"
 1782              		.file 27 "Drivers/STM32F4xx_HAL_Driver/Inc/stm32f4xx_hal_cortex.h"
 1783              		.file 28 "Core/Inc/spi.h"
 1784              		.file 29 "Core/Inc/foc_math.h"
 1785              		.file 30 "<built-in>"
ARM GAS  /tmp/cceP7lds.s 			page 65


DEFINED SYMBOLS
                            *ABS*:0000000000000000 main.c
     /tmp/cceP7lds.s:18     .text.MX_GPIO_Init:0000000000000000 $t
     /tmp/cceP7lds.s:25     .text.MX_GPIO_Init:0000000000000000 MX_GPIO_Init
     /tmp/cceP7lds.s:111    .text.MX_GPIO_Init:000000000000005c $d
     /tmp/cceP7lds.s:116    .text.MX_DMA_Init:0000000000000000 $t
     /tmp/cceP7lds.s:122    .text.MX_DMA_Init:0000000000000000 MX_DMA_Init
     /tmp/cceP7lds.s:239    .text.MX_DMA_Init:0000000000000094 $d
     /tmp/cceP7lds.s:244    .text.get_dt_us:0000000000000000 $t
     /tmp/cceP7lds.s:251    .text.get_dt_us:0000000000000000 get_dt_us
     /tmp/cceP7lds.s:273    .text.get_dt_us:000000000000000c $d
     /tmp/cceP7lds.s:278    .text.torque_control_update:0000000000000000 $t
     /tmp/cceP7lds.s:285    .text.torque_control_update:0000000000000000 torque_control_update
     /tmp/cceP7lds.s:368    .text.torque_control_update:0000000000000054 $d
     /tmp/cceP7lds.s:379    .text.control_init:0000000000000000 $t
     /tmp/cceP7lds.s:386    .text.control_init:0000000000000000 control_init
     /tmp/cceP7lds.s:616    .text.control_init:00000000000001a0 $d
     /tmp/cceP7lds.s:1705   .bss.m_config:0000000000000000 m_config
     /tmp/cceP7lds.s:632    .text.TIM3_IRQHandler:0000000000000000 $t
     /tmp/cceP7lds.s:639    .text.TIM3_IRQHandler:0000000000000000 TIM3_IRQHandler
     /tmp/cceP7lds.s:657    .text.TIM3_IRQHandler:000000000000000c $d
     /tmp/cceP7lds.s:662    .text.HAL_SPI_TxRxCpltCallback:0000000000000000 $t
     /tmp/cceP7lds.s:669    .text.HAL_SPI_TxRxCpltCallback:0000000000000000 HAL_SPI_TxRxCpltCallback
     /tmp/cceP7lds.s:706    .text.HAL_SPI_TxRxCpltCallback:0000000000000014 $d
     /tmp/cceP7lds.s:712    .text.ADC_IRQHandler:0000000000000000 $t
     /tmp/cceP7lds.s:719    .text.ADC_IRQHandler:0000000000000000 ADC_IRQHandler
     /tmp/cceP7lds.s:772    .text.ADC_IRQHandler:0000000000000034 $d
     /tmp/cceP7lds.s:780    .text.HAL_TIM_PeriodElapsedCallback:0000000000000000 $t
     /tmp/cceP7lds.s:787    .text.HAL_TIM_PeriodElapsedCallback:0000000000000000 HAL_TIM_PeriodElapsedCallback
     /tmp/cceP7lds.s:821    .text.HAL_TIM_PeriodElapsedCallback:0000000000000014 $d
     /tmp/cceP7lds.s:826    .text.Error_Handler:0000000000000000 $t
     /tmp/cceP7lds.s:833    .text.Error_Handler:0000000000000000 Error_Handler
     /tmp/cceP7lds.s:865    .text.SystemClock_Config:0000000000000000 $t
     /tmp/cceP7lds.s:872    .text.SystemClock_Config:0000000000000000 SystemClock_Config
     /tmp/cceP7lds.s:1019   .text.SystemClock_Config:00000000000000a0 $d
     /tmp/cceP7lds.s:1025   .text.main:0000000000000000 $t
     /tmp/cceP7lds.s:1032   .text.main:0000000000000000 main
     /tmp/cceP7lds.s:1508   .text.main:000000000000030c $d
     /tmp/cceP7lds.s:1532   .text.main:0000000000000358 $t
     /tmp/cceP7lds.s:1595   .text.main:000000000000039c $d
     /tmp/cceP7lds.s:1748   .data.p:0000000000000000 p
     /tmp/cceP7lds.s:1742   .data.k:0000000000000000 k
     /tmp/cceP7lds.s:1673   .bss.crc_rev:0000000000000000 crc_rev
     /tmp/cceP7lds.s:1667   .bss.crc_check:0000000000000000 crc_check
     /tmp/cceP7lds.s:1699   .bss.is_calibrating:0000000000000000 is_calibrating
     /tmp/cceP7lds.s:1729   .bss.sPoint_Tor:0000000000000000 sPoint_Tor
     /tmp/cceP7lds.s:1723   .bss.sPoint_Pos:0000000000000000 sPoint_Pos
     /tmp/cceP7lds.s:1754   .data.sPoint_Vel:0000000000000000 sPoint_Vel
     /tmp/cceP7lds.s:1642   .bss.__int_reg:0000000000000000 __int_reg
     /tmp/cceP7lds.s:1635   .bss.__float_reg:0000000000000000 __float_reg
     /tmp/cceP7lds.s:1628   .bss.Serial2RxBuffer:0000000000000000 Serial2RxBuffer
     /tmp/cceP7lds.s:1680   .bss.dt_us:0000000000000000 dt_us
     /tmp/cceP7lds.s:1711   .bss.my_as5048a_hw:0000000000000000 my_as5048a_hw
     /tmp/cceP7lds.s:1717   .bss.robot_joints:0000000000000000 robot_joints
     /tmp/cceP7lds.s:1655   .bss.can_rx:0000000000000000 can_rx
     /tmp/cceP7lds.s:1661   .bss.can_tx:0000000000000000 can_tx
     /tmp/cceP7lds.s:1649   .bss.bldc:0000000000000000 bldc
ARM GAS  /tmp/cceP7lds.s 			page 66


     /tmp/cceP7lds.s:1693   .bss.hfoc:0000000000000000 hfoc
     /tmp/cceP7lds.s:1736   .bss.state:0000000000000000 state
     /tmp/cceP7lds.s:1624   .bss.Serial2RxBuffer:0000000000000000 $d
     /tmp/cceP7lds.s:1631   .bss.__float_reg:0000000000000000 $d
     /tmp/cceP7lds.s:1638   .bss.__int_reg:0000000000000000 $d
     /tmp/cceP7lds.s:1645   .bss.bldc:0000000000000000 $d
     /tmp/cceP7lds.s:1652   .bss.can_rx:0000000000000000 $d
     /tmp/cceP7lds.s:1658   .bss.can_tx:0000000000000000 $d
     /tmp/cceP7lds.s:1664   .bss.crc_check:0000000000000000 $d
     /tmp/cceP7lds.s:1670   .bss.crc_rev:0000000000000000 $d
     /tmp/cceP7lds.s:1676   .bss.dt_us:0000000000000000 $d
     /tmp/cceP7lds.s:1686   .bss.event_speed_loop_count.0:0000000000000000 event_speed_loop_count.0
     /tmp/cceP7lds.s:1687   .bss.event_speed_loop_count.0:0000000000000000 $d
     /tmp/cceP7lds.s:1689   .bss.hfoc:0000000000000000 $d
     /tmp/cceP7lds.s:1700   .bss.is_calibrating:0000000000000000 $d
     /tmp/cceP7lds.s:1702   .bss.m_config:0000000000000000 $d
     /tmp/cceP7lds.s:1708   .bss.my_as5048a_hw:0000000000000000 $d
     /tmp/cceP7lds.s:1714   .bss.robot_joints:0000000000000000 $d
     /tmp/cceP7lds.s:1720   .bss.sPoint_Pos:0000000000000000 $d
     /tmp/cceP7lds.s:1726   .bss.sPoint_Tor:0000000000000000 $d
     /tmp/cceP7lds.s:1732   .bss.state:0000000000000000 $d
     /tmp/cceP7lds.s:1739   .data.k:0000000000000000 $d
     /tmp/cceP7lds.s:1745   .data.p:0000000000000000 $d
     /tmp/cceP7lds.s:1751   .data.sPoint_Vel:0000000000000000 $d

UNDEFINED SYMBOLS
HAL_NVIC_SetPriority
HAL_NVIC_EnableIRQ
DRV8323_Get_Current
foc_current_control_update
ENCODER_GetRPM
foc_calc_mech_rpm_encoder
encoder
foc_ready
pid_reset
pid_set_ts
pid_set_kp
pid_set_ki
pid_set_out_constraint
pid_set_deadband
pid_set_kd
pid_set_d_filter_fc
pid_set_max_d
foc_pwm_init
foc_motor_init
foc_sensor_init
foc_gear_reducer_init
foc_set_limit_current
foc_sensored_calc_electric_angle
run_fsm
encd_get_val_flag
HAL_IncTick
memset
HAL_RCC_OscConfig
HAL_RCC_ClockConfig
HAL_Init
MX_SPI1_Init
ARM GAS  /tmp/cceP7lds.s 			page 67


MX_SPI2_Init
MX_USART6_UART_Init
ADC1_DMA_CONFIG3
TIM1_PWM_DMA_CONFIG
TIM_IQR_MS_CONGFIG
TIM_COUNT_US_CONFIG
flash_read_config
init_trig_lut
bldc_config
ENCODER_Setup
ENCODER_AutoDetect
HAL_UART_Receive_IT
TIM_COUNTER_ENABLE
DRV8323_Start_PWM
foc_cal_encoder
huart
